customer_id,signup_date,acquisition_channel,region,company_size,initial_plan
CUST-00001,2023-01-19,Paid Ads,North America,9,Free
CUST-00002,2023-01-21,Content Marketing,Europe,2,Free
CUST-00003,2023-01-16,Referral,Europe,6,Pro
CUST-00004,2023-01-12,Organic Search,North America,7,Free
CUST-00005,2023-01-24,Outbound Sales,North America,4964,Enterprise
CUST-00006,2023-01-08,Referral,North America,17,Free
CUST-00007,2023-01-16,Content Marketing,Europe,3,Free
CUST-00008,2023-01-11,Organic Search,Europe,21,Pro
CUST-00009,2023-01-01,Paid Ads,North America,18,Pro
CUST-00010,2023-01-13,Paid Ads,Asia Pacific,14,Free
CUST-00011,2023-01-05,Content Marketing,Europe,18,Free
CUST-00012,2023-01-11,Referral,Europe,9,Pro
CUST-00013,2023-01-10,Content Marketing,Europe,12,Free
CUST-00014,2023-01-26,Paid Ads,North America,7,Free
CUST-00015,2023-01-08,Organic Search,Europe,119,Business
CUST-00016,2023-01-20,Paid Ads,Asia Pacific,72,Business
CUST-00017,2023-01-03,Organic Search,North America,2,Free
CUST-00018,2023-01-06,Content Marketing,Europe,178,Business
CUST-00019,2023-01-05,Referral,Europe,28,Pro
CUST-00020,2023-01-20,Referral,Asia Pacific,128,Business
CUST-00021,2023-01-16,Paid Ads,Europe,3,Free
CUST-00022,2023-01-12,Outbound Sales,North America,3835,Enterprise
CUST-00023,2023-01-09,Content Marketing,Europe,4,Free
CUST-00024,2023-01-16,Content Marketing,North America,4,Free
CUST-00025,2023-01-16,Organic Search,Latin America,19,Free
CUST-00026,2023-01-01,Paid Ads,Europe,6,Free
CUST-00027,2023-01-22,Organic Search,Europe,122,Business
CUST-00028,2023-01-14,Organic Search,Europe,13,Free
CUST-00029,2023-01-13,Referral,Europe,140,Business
CUST-00030,2023-01-15,Referral,North America,11,Free
CUST-00031,2023-01-23,Outbound Sales,North America,1945,Enterprise
CUST-00032,2023-01-15,Organic Search,North America,16,Pro
CUST-00033,2023-01-08,Paid Ads,Europe,3,Free
CUST-00034,2023-01-21,Paid Ads,Asia Pacific,47,Pro
CUST-00035,2023-01-07,Organic Search,Asia Pacific,19,Free
CUST-00036,2023-01-11,Organic Search,Europe,11,Free
CUST-00037,2023-01-09,Paid Ads,Asia Pacific,48,Pro
CUST-00038,2023-01-14,Organic Search,North America,159,Business
CUST-00039,2023-01-05,Referral,Latin America,4,Free
CUST-00040,2023-01-27,Paid Ads,Europe,19,Free
CUST-00041,2023-01-25,Content Marketing,Asia Pacific,42,Pro
CUST-00042,2023-01-09,Referral,Europe,122,Business
CUST-00043,2023-01-11,Organic Search,Europe,21,Pro
CUST-00044,2023-01-08,Content Marketing,Asia Pacific,8,Free
CUST-00045,2023-01-04,Content Marketing,North America,17,Business
CUST-00046,2023-01-05,Paid Ads,North America,37,Pro
CUST-00047,2023-01-06,Organic Search,Asia Pacific,4,Pro
CUST-00048,2023-01-27,Referral,Asia Pacific,17,Pro
CUST-00049,2023-01-01,Organic Search,North America,46,Pro
CUST-00050,2023-01-19,Organic Search,North America,1,Free
CUST-00051,2023-01-19,Organic Search,Europe,18,Free
CUST-00052,2023-01-22,Content Marketing,North America,43,Pro
CUST-00053,2023-01-04,Referral,Asia Pacific,41,Pro
CUST-00054,2023-01-11,Referral,Latin America,2,Free
CUST-00055,2023-01-18,Content Marketing,Europe,10,Free
CUST-00056,2023-01-25,Paid Ads,North America,240,Business
CUST-00057,2023-01-18,Paid Ads,Europe,3,Free
CUST-00058,2023-02-11,Organic Search,North America,9,Free
CUST-00059,2023-02-26,Paid Ads,North America,40,Pro
CUST-00060,2023-02-09,Outbound Sales,Europe,3897,Enterprise
CUST-00061,2023-02-18,Paid Ads,Asia Pacific,10,Free
CUST-00062,2023-02-18,Content Marketing,Europe,38,Pro
CUST-00063,2023-02-06,Content Marketing,Asia Pacific,1,Free
CUST-00064,2023-02-04,Paid Ads,Asia Pacific,46,Pro
CUST-00065,2023-02-20,Content Marketing,North America,31,Pro
CUST-00066,2023-02-04,Organic Search,Latin America,14,Free
CUST-00067,2023-02-17,Organic Search,Asia Pacific,107,Business
CUST-00068,2023-02-26,Content Marketing,Asia Pacific,46,Pro
CUST-00069,2023-02-03,Content Marketing,Europe,1,Free
CUST-00070,2023-02-16,Organic Search,North America,8,Pro
CUST-00071,2023-02-15,Paid Ads,Europe,34,Pro
CUST-00072,2023-02-14,Paid Ads,Asia Pacific,26,Pro
CUST-00073,2023-02-04,Content Marketing,Latin America,42,Pro
CUST-00074,2023-02-18,Paid Ads,North America,10,Free
CUST-00075,2023-02-19,Paid Ads,Asia Pacific,4,Free
CUST-00076,2023-02-21,Paid Ads,Asia Pacific,16,Free
CUST-00077,2023-02-09,Paid Ads,North America,11,Free
CUST-00078,2023-02-26,Referral,North America,2,Free
CUST-00079,2023-02-20,Content Marketing,North America,3,Free
CUST-00080,2023-02-22,Paid Ads,Latin America,19,Pro
CUST-00081,2023-02-27,Organic Search,North America,33,Pro
CUST-00082,2023-02-04,Organic Search,Latin America,22,Pro
CUST-00083,2023-02-04,Referral,Europe,39,Business
CUST-00084,2023-02-01,Content Marketing,Europe,28,Pro
CUST-00085,2023-02-08,Organic Search,Asia Pacific,22,Pro
CUST-00086,2023-02-09,Organic Search,Europe,2,Pro
CUST-00087,2023-02-03,Paid Ads,Asia Pacific,28,Pro
CUST-00088,2023-02-08,Organic Search,Asia Pacific,174,Business
CUST-00089,2023-02-27,Content Marketing,North America,33,Pro
CUST-00090,2023-02-03,Organic Search,Europe,31,Pro
CUST-00091,2023-02-07,Organic Search,North America,13,Pro
CUST-00092,2023-02-06,Content Marketing,Asia Pacific,16,Free
CUST-00093,2023-02-01,Organic Search,Europe,228,Business
CUST-00094,2023-02-17,Organic Search,North America,16,Free
CUST-00095,2023-02-23,Organic Search,North America,15,Pro
CUST-00096,2023-02-26,Organic Search,Asia Pacific,19,Free
CUST-00097,2023-02-23,Organic Search,Europe,41,Pro
CUST-00098,2023-02-04,Organic Search,North America,3,Free
CUST-00099,2023-02-18,Organic Search,Asia Pacific,28,Pro
CUST-00100,2023-02-20,Organic Search,North America,41,Pro
CUST-00101,2023-02-20,Paid Ads,North America,2,Free
CUST-00102,2023-02-02,Referral,Europe,132,Business
CUST-00103,2023-02-24,Paid Ads,North America,12,Pro
CUST-00104,2023-02-03,Organic Search,North America,19,Pro
CUST-00105,2023-02-13,Paid Ads,Latin America,12,Free
CUST-00106,2023-02-16,Content Marketing,Europe,43,Pro
CUST-00107,2023-02-09,Content Marketing,Latin America,11,Free
CUST-00108,2023-02-18,Organic Search,Europe,14,Pro
CUST-00109,2023-02-14,Organic Search,North America,120,Business
CUST-00110,2023-02-04,Organic Search,Europe,3,Free
CUST-00111,2023-02-09,Organic Search,North America,2,Free
CUST-00112,2023-02-18,Paid Ads,Europe,8,Free
CUST-00113,2023-02-06,Paid Ads,North America,16,Free
CUST-00114,2023-02-01,Organic Search,North America,46,Pro
CUST-00115,2023-02-07,Paid Ads,Europe,3,Free
CUST-00116,2023-02-19,Paid Ads,Europe,30,Pro
CUST-00117,2023-02-09,Organic Search,Europe,31,Pro
CUST-00118,2023-02-12,Content Marketing,Europe,11,Pro
CUST-00119,2023-02-14,Organic Search,North America,48,Pro
CUST-00120,2023-02-25,Content Marketing,Asia Pacific,8,Pro
CUST-00121,2023-02-22,Organic Search,Europe,14,Pro
CUST-00122,2023-02-14,Content Marketing,Asia Pacific,8,Free
CUST-00123,2023-02-23,Content Marketing,North America,17,Free
CUST-00124,2023-02-10,Outbound Sales,North America,145,Business
CUST-00125,2023-02-21,Content Marketing,North America,2,Free
CUST-00126,2023-02-24,Content Marketing,Asia Pacific,14,Free
CUST-00127,2023-02-17,Referral,North America,13,Pro
CUST-00128,2023-02-26,Content Marketing,North America,10,Free
CUST-00129,2023-02-09,Organic Search,Asia Pacific,111,Business
CUST-00130,2023-02-11,Paid Ads,Europe,38,Pro
CUST-00131,2023-02-06,Paid Ads,North America,34,Pro
CUST-00132,2023-02-05,Content Marketing,North America,36,Pro
CUST-00133,2023-02-16,Paid Ads,Latin America,47,Pro
CUST-00134,2023-02-04,Paid Ads,Latin America,33,Pro
CUST-00135,2023-02-03,Referral,North America,17,Pro
CUST-00136,2023-02-13,Organic Search,Europe,25,Pro
CUST-00137,2023-02-25,Organic Search,North America,5,Free
CUST-00138,2023-02-08,Paid Ads,North America,4,Free
CUST-00139,2023-02-14,Paid Ads,Europe,14,Free
CUST-00140,2023-02-23,Organic Search,North America,16,Free
CUST-00141,2023-02-19,Paid Ads,Europe,21,Pro
CUST-00142,2023-03-19,Organic Search,Latin America,43,Pro
CUST-00143,2023-03-25,Paid Ads,North America,25,Pro
CUST-00144,2023-03-10,Paid Ads,North America,2,Free
CUST-00145,2023-03-01,Organic Search,North America,11,Free
CUST-00146,2023-03-10,Content Marketing,Europe,17,Free
CUST-00147,2023-03-21,Paid Ads,Latin America,19,Free
CUST-00148,2023-03-25,Referral,North America,18,Pro
CUST-00149,2023-03-25,Content Marketing,North America,17,Free
CUST-00150,2023-03-16,Paid Ads,Asia Pacific,5,Free
CUST-00151,2023-03-07,Content Marketing,North America,43,Pro
CUST-00152,2023-03-24,Paid Ads,North America,7,Free
CUST-00153,2023-03-22,Content Marketing,Europe,5,Free
CUST-00154,2023-03-13,Paid Ads,Europe,43,Pro
CUST-00155,2023-03-22,Paid Ads,Europe,71,Business
CUST-00156,2023-03-05,Paid Ads,Asia Pacific,24,Pro
CUST-00157,2023-03-18,Organic Search,North America,22,Pro
CUST-00158,2023-03-12,Paid Ads,Europe,234,Business
CUST-00159,2023-03-03,Content Marketing,Latin America,15,Free
CUST-00160,2023-03-02,Referral,North America,11,Free
CUST-00161,2023-03-09,Organic Search,Europe,39,Pro
CUST-00162,2023-03-11,Organic Search,North America,13,Free
CUST-00163,2023-03-06,Organic Search,Europe,9,Free
CUST-00164,2023-03-12,Organic Search,North America,5,Free
CUST-00165,2023-03-24,Content Marketing,North America,8,Free
CUST-00166,2023-03-14,Paid Ads,Europe,6,Free
CUST-00167,2023-03-22,Organic Search,Europe,11,Free
CUST-00168,2023-03-09,Paid Ads,North America,12,Pro
CUST-00169,2023-03-19,Organic Search,Europe,17,Free
CUST-00170,2023-03-26,Organic Search,North America,5,Free
CUST-00171,2023-03-20,Referral,Europe,17,Free
CUST-00172,2023-03-04,Referral,North America,7,Free
CUST-00173,2023-03-06,Outbound Sales,North America,4677,Enterprise
CUST-00174,2023-03-17,Referral,North America,14,Free
CUST-00175,2023-03-16,Paid Ads,Europe,5,Free
CUST-00176,2023-03-24,Referral,North America,77,Business
CUST-00177,2023-03-21,Content Marketing,North America,45,Pro
CUST-00178,2023-03-25,Referral,North America,69,Business
CUST-00179,2023-03-27,Outbound Sales,Europe,4565,Enterprise
CUST-00180,2023-03-09,Content Marketing,Asia Pacific,3,Free
CUST-00181,2023-03-06,Content Marketing,Europe,16,Pro
CUST-00182,2023-03-03,Organic Search,North America,16,Free
CUST-00183,2023-03-01,Referral,North America,8,Free
CUST-00184,2023-03-20,Paid Ads,Asia Pacific,17,Free
CUST-00185,2023-03-25,Paid Ads,North America,7,Pro
CUST-00186,2023-03-04,Referral,North America,39,Pro
CUST-00187,2023-03-14,Outbound Sales,North America,4012,Enterprise
CUST-00188,2023-03-01,Outbound Sales,North America,4635,Enterprise
CUST-00189,2023-03-04,Organic Search,Europe,103,Business
CUST-00190,2023-03-15,Referral,Asia Pacific,109,Business
CUST-00191,2023-03-02,Referral,North America,36,Pro
CUST-00192,2023-03-18,Paid Ads,North America,18,Pro
CUST-00193,2023-03-17,Organic Search,North America,4,Pro
CUST-00194,2023-03-07,Organic Search,Asia Pacific,16,Free
CUST-00195,2023-03-11,Content Marketing,Europe,27,Pro
CUST-00196,2023-03-16,Paid Ads,Asia Pacific,38,Pro
CUST-00197,2023-03-12,Outbound Sales,Latin America,918,Enterprise
CUST-00198,2023-03-22,Paid Ads,North America,1,Free
CUST-00199,2023-03-03,Outbound Sales,North America,4709,Enterprise
CUST-00200,2023-03-19,Paid Ads,North America,9,Pro
CUST-00201,2023-03-05,Content Marketing,Latin America,6,Free
CUST-00202,2023-03-25,Organic Search,Asia Pacific,19,Free
CUST-00203,2023-03-20,Paid Ads,Europe,17,Free
CUST-00204,2023-03-14,Content Marketing,North America,21,Pro
CUST-00205,2023-03-22,Content Marketing,Asia Pacific,27,Pro
CUST-00206,2023-03-25,Content Marketing,North America,39,Pro
CUST-00207,2023-03-03,Organic Search,Asia Pacific,26,Pro
CUST-00208,2023-03-01,Paid Ads,Asia Pacific,9,Free
CUST-00209,2023-03-20,Organic Search,North America,203,Business
CUST-00210,2023-03-09,Organic Search,North America,32,Pro
CUST-00211,2023-03-12,Referral,Europe,20,Pro
CUST-00212,2023-03-13,Referral,Latin America,26,Pro
CUST-00213,2023-03-11,Content Marketing,North America,7,Free
CUST-00214,2023-03-19,Content Marketing,North America,6,Free
CUST-00215,2023-03-07,Referral,Latin America,36,Pro
CUST-00216,2023-03-24,Content Marketing,Asia Pacific,12,Free
CUST-00217,2023-03-06,Organic Search,North America,19,Free
CUST-00218,2023-03-08,Organic Search,Europe,23,Pro
CUST-00219,2023-03-26,Referral,Europe,2,Free
CUST-00220,2023-03-03,Content Marketing,Europe,44,Pro
CUST-00221,2023-03-21,Organic Search,North America,6,Free
CUST-00222,2023-03-27,Paid Ads,Asia Pacific,7,Pro
CUST-00223,2023-03-02,Referral,Latin America,151,Business
CUST-00224,2023-03-15,Organic Search,North America,5,Free
CUST-00225,2023-03-17,Paid Ads,Asia Pacific,15,Free
CUST-00226,2023-03-07,Content Marketing,North America,5,Pro
CUST-00227,2023-03-16,Referral,Asia Pacific,8,Free
CUST-00228,2023-03-11,Organic Search,North America,42,Pro
CUST-00229,2023-03-21,Content Marketing,Asia Pacific,1,Free
CUST-00230,2023-03-04,Paid Ads,Latin America,8,Free
CUST-00231,2023-03-08,Content Marketing,North America,20,Pro
CUST-00232,2023-03-12,Organic Search,North America,33,Pro
CUST-00233,2023-03-20,Paid Ads,North America,17,Free
CUST-00234,2023-03-10,Paid Ads,Asia Pacific,37,Pro
CUST-00235,2023-03-07,Organic Search,North America,17,Pro
CUST-00236,2023-03-24,Content Marketing,Latin America,2,Free
CUST-00237,2023-03-14,Organic Search,Europe,15,Pro
CUST-00238,2023-03-12,Organic Search,Europe,41,Pro
CUST-00239,2023-03-26,Paid Ads,North America,4,Free
CUST-00240,2023-03-05,Referral,Latin America,9,Pro
CUST-00241,2023-03-07,Content Marketing,North America,9,Pro
CUST-00242,2023-03-25,Outbound Sales,North America,9,Pro
CUST-00243,2023-03-13,Organic Search,Europe,2,Free
CUST-00244,2023-03-06,Paid Ads,Europe,13,Free
CUST-00245,2023-03-21,Organic Search,Asia Pacific,206,Business
CUST-00246,2023-04-13,Organic Search,Asia Pacific,7,Pro
CUST-00247,2023-04-18,Content Marketing,North America,12,Free
CUST-00248,2023-04-16,Paid Ads,North America,9,Free
CUST-00249,2023-04-23,Organic Search,North America,13,Free
CUST-00250,2023-04-01,Paid Ads,North America,19,Pro
CUST-00251,2023-04-23,Content Marketing,Asia Pacific,3,Free
CUST-00252,2023-04-04,Referral,Asia Pacific,12,Free
CUST-00253,2023-04-06,Referral,Latin America,15,Pro
CUST-00254,2023-04-17,Content Marketing,Europe,8,Free
CUST-00255,2023-04-02,Organic Search,Latin America,161,Business
CUST-00256,2023-04-08,Content Marketing,Asia Pacific,5,Free
CUST-00257,2023-04-04,Paid Ads,Europe,23,Pro
CUST-00258,2023-04-12,Referral,North America,47,Business
CUST-00259,2023-04-19,Organic Search,Europe,16,Pro
CUST-00260,2023-04-27,Outbound Sales,Latin America,314,Enterprise
CUST-00261,2023-04-20,Organic Search,North America,34,Pro
CUST-00262,2023-04-13,Organic Search,North America,81,Business
CUST-00263,2023-04-19,Paid Ads,North America,8,Free
CUST-00264,2023-04-23,Organic Search,Asia Pacific,13,Free
CUST-00265,2023-04-09,Organic Search,North America,20,Pro
CUST-00266,2023-04-14,Referral,Asia Pacific,10,Pro
CUST-00267,2023-04-24,Paid Ads,North America,29,Pro
CUST-00268,2023-04-15,Content Marketing,North America,6,Free
CUST-00269,2023-04-01,Organic Search,North America,5,Free
CUST-00270,2023-04-01,Referral,Asia Pacific,6,Pro
CUST-00271,2023-04-05,Paid Ads,Asia Pacific,18,Pro
CUST-00272,2023-04-23,Referral,Asia Pacific,6,Free
CUST-00273,2023-04-03,Paid Ads,Asia Pacific,1,Free
CUST-00274,2023-04-07,Paid Ads,Asia Pacific,12,Free
CUST-00275,2023-04-21,Outbound Sales,Europe,2786,Enterprise
CUST-00276,2023-04-06,Paid Ads,North America,8,Free
CUST-00277,2023-04-04,Organic Search,Asia Pacific,19,Free
CUST-00278,2023-04-05,Referral,North America,4,Free
CUST-00279,2023-04-27,Content Marketing,North America,35,Pro
CUST-00280,2023-04-13,Organic Search,Europe,4,Free
CUST-00281,2023-04-27,Paid Ads,Asia Pacific,19,Free
CUST-00282,2023-04-06,Content Marketing,North America,31,Pro
CUST-00283,2023-04-20,Referral,North America,14,Pro
CUST-00284,2023-04-23,Outbound Sales,Europe,2042,Enterprise
CUST-00285,2023-04-02,Paid Ads,North America,27,Pro
CUST-00286,2023-04-08,Referral,Europe,31,Pro
CUST-00287,2023-04-23,Organic Search,Asia Pacific,2,Free
CUST-00288,2023-04-08,Content Marketing,North America,38,Pro
CUST-00289,2023-04-16,Paid Ads,North America,9,Free
CUST-00290,2023-04-01,Referral,North America,19,Pro
CUST-00291,2023-04-18,Paid Ads,Asia Pacific,15,Free
CUST-00292,2023-04-13,Paid Ads,Asia Pacific,2,Free
CUST-00293,2023-04-02,Referral,Latin America,24,Pro
CUST-00294,2023-04-06,Paid Ads,Europe,9,Free
CUST-00295,2023-04-03,Content Marketing,North America,44,Pro
CUST-00296,2023-04-05,Paid Ads,Europe,10,Free
CUST-00297,2023-04-09,Referral,Asia Pacific,4,Free
CUST-00298,2023-04-10,Paid Ads,North America,10,Free
CUST-00299,2023-04-06,Paid Ads,Europe,8,Free
CUST-00300,2023-04-03,Paid Ads,Latin America,35,Pro
CUST-00301,2023-04-17,Organic Search,North America,9,Free
CUST-00302,2023-04-21,Organic Search,Asia Pacific,19,Free
CUST-00303,2023-04-27,Referral,Europe,44,Business
CUST-00304,2023-04-09,Referral,North America,2,Free
CUST-00305,2023-04-22,Referral,Europe,229,Business
CUST-00306,2023-04-14,Organic Search,Latin America,7,Free
CUST-00307,2023-04-11,Organic Search,Latin America,47,Pro
CUST-00308,2023-04-04,Organic Search,Europe,9,Free
CUST-00309,2023-04-03,Content Marketing,North America,19,Free
CUST-00310,2023-04-10,Content Marketing,Europe,29,Pro
CUST-00311,2023-04-18,Organic Search,Europe,16,Free
CUST-00312,2023-04-11,Referral,Latin America,185,Business
CUST-00313,2023-04-16,Organic Search,Europe,19,Free
CUST-00314,2023-04-15,Organic Search,Europe,18,Pro
CUST-00315,2023-04-11,Organic Search,North America,2,Free
CUST-00316,2023-04-20,Organic Search,North America,10,Free
CUST-00317,2023-04-16,Referral,North America,39,Pro
CUST-00318,2023-04-23,Content Marketing,North America,27,Pro
CUST-00319,2023-04-19,Organic Search,Europe,35,Business
CUST-00320,2023-04-11,Paid Ads,Latin America,17,Free
CUST-00321,2023-04-01,Referral,Europe,244,Business
CUST-00322,2023-04-16,Outbound Sales,Europe,45,Pro
CUST-00323,2023-04-24,Paid Ads,Asia Pacific,3,Free
CUST-00324,2023-04-01,Organic Search,Europe,23,Pro
CUST-00325,2023-04-24,Referral,North America,44,Pro
CUST-00326,2023-04-08,Organic Search,Europe,2,Free
CUST-00327,2023-04-14,Outbound Sales,Asia Pacific,45,Business
CUST-00328,2023-04-27,Paid Ads,Latin America,2,Free
CUST-00329,2023-04-17,Referral,North America,233,Business
CUST-00330,2023-04-03,Organic Search,North America,7,Pro
CUST-00331,2023-04-16,Paid Ads,Europe,13,Pro
CUST-00332,2023-04-12,Content Marketing,Europe,228,Business
CUST-00333,2023-04-04,Paid Ads,North America,3,Free
CUST-00334,2023-04-08,Paid Ads,Asia Pacific,5,Pro
CUST-00335,2023-04-01,Content Marketing,Asia Pacific,2,Free
CUST-00336,2023-04-19,Content Marketing,Europe,22,Pro
CUST-00337,2023-04-11,Organic Search,Europe,3,Free
CUST-00338,2023-04-13,Paid Ads,North America,29,Pro
CUST-00339,2023-04-04,Paid Ads,North America,9,Free
CUST-00340,2023-04-03,Referral,North America,4,Free
CUST-00341,2023-04-22,Organic Search,North America,63,Business
CUST-00342,2023-04-18,Organic Search,North America,149,Business
CUST-00343,2023-04-12,Content Marketing,Europe,19,Pro
CUST-00344,2023-04-15,Content Marketing,North America,4,Free
CUST-00345,2023-04-02,Content Marketing,Latin America,168,Business
CUST-00346,2023-04-25,Outbound Sales,North America,2706,Enterprise
CUST-00347,2023-04-23,Referral,Latin America,15,Free
CUST-00348,2023-05-04,Content Marketing,North America,8,Free
CUST-00349,2023-05-02,Organic Search,Europe,9,Pro
CUST-00350,2023-05-21,Paid Ads,Asia Pacific,12,Free
CUST-00351,2023-05-23,Content Marketing,Europe,23,Pro
CUST-00352,2023-05-05,Paid Ads,North America,4,Free
CUST-00353,2023-05-07,Paid Ads,North America,14,Free
CUST-00354,2023-05-08,Paid Ads,North America,10,Pro
CUST-00355,2023-05-09,Organic Search,Europe,14,Free
CUST-00356,2023-05-21,Outbound Sales,North America,2788,Enterprise
CUST-00357,2023-05-18,Organic Search,Europe,160,Business
CUST-00358,2023-05-17,Organic Search,Latin America,24,Pro
CUST-00359,2023-05-22,Organic Search,Asia Pacific,26,Pro
CUST-00360,2023-05-01,Outbound Sales,North America,3610,Enterprise
CUST-00361,2023-05-11,Organic Search,Europe,25,Pro
CUST-00362,2023-05-23,Content Marketing,Europe,32,Pro
CUST-00363,2023-05-22,Referral,North America,4,Free
CUST-00364,2023-05-24,Content Marketing,Latin America,34,Pro
CUST-00365,2023-05-11,Outbound Sales,North America,815,Enterprise
CUST-00366,2023-05-26,Content Marketing,Europe,12,Free
CUST-00367,2023-05-09,Content Marketing,Europe,12,Free
CUST-00368,2023-05-02,Organic Search,North America,15,Free
CUST-00369,2023-05-23,Content Marketing,North America,24,Business
CUST-00370,2023-05-05,Paid Ads,North America,37,Pro
CUST-00371,2023-05-25,Paid Ads,North America,46,Pro
CUST-00372,2023-05-22,Content Marketing,Europe,19,Free
CUST-00373,2023-05-27,Outbound Sales,North America,1842,Enterprise
CUST-00374,2023-05-12,Referral,Europe,19,Free
CUST-00375,2023-05-21,Paid Ads,Asia Pacific,12,Free
CUST-00376,2023-05-06,Paid Ads,Asia Pacific,16,Free
CUST-00377,2023-05-27,Paid Ads,Europe,7,Free
CUST-00378,2023-05-15,Paid Ads,North America,18,Free
CUST-00379,2023-05-11,Paid Ads,North America,8,Pro
CUST-00380,2023-05-06,Organic Search,North America,13,Pro
CUST-00381,2023-05-13,Organic Search,North America,9,Free
CUST-00382,2023-05-19,Content Marketing,Europe,37,Pro
CUST-00383,2023-05-11,Paid Ads,North America,166,Business
CUST-00384,2023-05-20,Content Marketing,North America,248,Business
CUST-00385,2023-05-13,Paid Ads,North America,21,Pro
CUST-00386,2023-05-13,Organic Search,North America,8,Free
CUST-00387,2023-05-25,Organic Search,Asia Pacific,5,Free
CUST-00388,2023-05-08,Organic Search,North America,30,Pro
CUST-00389,2023-05-26,Outbound Sales,North America,313,Enterprise
CUST-00390,2023-05-23,Organic Search,North America,8,Free
CUST-00391,2023-05-05,Paid Ads,North America,2,Free
CUST-00392,2023-05-06,Content Marketing,Asia Pacific,9,Pro
CUST-00393,2023-05-23,Outbound Sales,Asia Pacific,1391,Enterprise
CUST-00394,2023-05-24,Organic Search,North America,17,Free
CUST-00395,2023-05-21,Organic Search,Europe,11,Free
CUST-00396,2023-05-26,Organic Search,Asia Pacific,4,Free
CUST-00397,2023-05-24,Organic Search,Europe,4,Pro
CUST-00398,2023-05-23,Organic Search,Asia Pacific,4,Pro
CUST-00399,2023-05-04,Paid Ads,North America,22,Pro
CUST-00400,2023-05-14,Content Marketing,Europe,13,Free
CUST-00401,2023-05-22,Paid Ads,North America,41,Pro
CUST-00402,2023-05-20,Referral,North America,195,Business
CUST-00403,2023-05-06,Organic Search,Europe,40,Pro
CUST-00404,2023-05-20,Content Marketing,Latin America,2,Pro
CUST-00405,2023-05-10,Paid Ads,Latin America,20,Pro
CUST-00406,2023-05-27,Content Marketing,Europe,5,Pro
CUST-00407,2023-05-24,Content Marketing,North America,12,Free
CUST-00408,2023-05-11,Paid Ads,Asia Pacific,12,Free
CUST-00409,2023-05-09,Organic Search,Asia Pacific,197,Business
CUST-00410,2023-05-17,Organic Search,North America,13,Pro
CUST-00411,2023-05-01,Paid Ads,Asia Pacific,47,Pro
CUST-00412,2023-05-16,Content Marketing,Europe,7,Free
CUST-00413,2023-05-10,Paid Ads,North America,9,Free
CUST-00414,2023-05-11,Content Marketing,North America,42,Pro
CUST-00415,2023-05-21,Paid Ads,North America,19,Pro
CUST-00416,2023-05-21,Organic Search,Asia Pacific,5,Free
CUST-00417,2023-05-15,Organic Search,North America,28,Pro
CUST-00418,2023-05-07,Referral,North America,40,Pro
CUST-00419,2023-05-20,Referral,Latin America,9,Free
CUST-00420,2023-05-15,Paid Ads,Asia Pacific,46,Pro
CUST-00421,2023-05-18,Organic Search,Europe,4,Pro
CUST-00422,2023-05-22,Referral,Asia Pacific,16,Free
CUST-00423,2023-05-04,Organic Search,Europe,3,Free
CUST-00424,2023-05-25,Content Marketing,Asia Pacific,172,Business
CUST-00425,2023-05-06,Organic Search,North America,6,Free
CUST-00426,2023-05-02,Organic Search,North America,8,Free
CUST-00427,2023-05-04,Paid Ads,North America,17,Business
CUST-00428,2023-05-21,Paid Ads,Europe,6,Pro
CUST-00429,2023-05-18,Paid Ads,Asia Pacific,16,Pro
CUST-00430,2023-05-13,Paid Ads,Europe,8,Free
CUST-00431,2023-05-05,Outbound Sales,Europe,527,Enterprise
CUST-00432,2023-05-05,Paid Ads,North America,22,Pro
CUST-00433,2023-05-09,Paid Ads,Asia Pacific,14,Free
CUST-00434,2023-05-03,Paid Ads,Asia Pacific,44,Pro
CUST-00435,2023-05-06,Organic Search,North America,38,Pro
CUST-00436,2023-05-08,Paid Ads,Asia Pacific,7,Pro
CUST-00437,2023-05-15,Organic Search,North America,18,Pro
CUST-00438,2023-05-17,Referral,Europe,9,Pro
CUST-00439,2023-05-19,Organic Search,Europe,12,Free
CUST-00440,2023-05-13,Outbound Sales,North America,3806,Enterprise
CUST-00441,2023-05-07,Paid Ads,North America,19,Free
CUST-00442,2023-05-07,Content Marketing,Asia Pacific,15,Free
CUST-00443,2023-05-21,Paid Ads,Europe,3,Pro
CUST-00444,2023-05-17,Organic Search,Europe,5,Pro
CUST-00445,2023-05-15,Content Marketing,Europe,240,Business
CUST-00446,2023-05-02,Referral,Asia Pacific,7,Pro
CUST-00447,2023-05-25,Content Marketing,Europe,26,Pro
CUST-00448,2023-05-26,Paid Ads,Europe,19,Free
CUST-00449,2023-05-06,Referral,North America,22,Pro
CUST-00450,2023-05-12,Content Marketing,North America,13,Free
CUST-00451,2023-05-01,Referral,Asia Pacific,36,Pro
CUST-00452,2023-05-26,Paid Ads,North America,7,Pro
CUST-00453,2023-05-09,Referral,Europe,4,Free
CUST-00454,2023-05-21,Referral,North America,15,Pro
CUST-00455,2023-05-14,Outbound Sales,Asia Pacific,4733,Enterprise
CUST-00456,2023-05-27,Paid Ads,Asia Pacific,19,Pro
CUST-00457,2023-05-07,Paid Ads,North America,7,Free
CUST-00458,2023-05-27,Content Marketing,Europe,15,Free
CUST-00459,2023-05-18,Paid Ads,Europe,91,Business
CUST-00460,2023-05-06,Referral,Latin America,87,Business
CUST-00461,2023-05-09,Paid Ads,Asia Pacific,5,Free
CUST-00462,2023-05-27,Organic Search,Latin America,9,Free
CUST-00463,2023-05-08,Referral,Asia Pacific,240,Business
CUST-00464,2023-05-16,Organic Search,Europe,2,Free
CUST-00465,2023-05-12,Organic Search,Europe,21,Pro
CUST-00466,2023-05-09,Referral,North America,22,Pro
CUST-00467,2023-05-23,Referral,North America,11,Free
CUST-00468,2023-05-21,Content Marketing,North America,2,Free
CUST-00469,2023-05-09,Organic Search,North America,48,Pro
CUST-00470,2023-05-08,Organic Search,Europe,17,Free
CUST-00471,2023-05-16,Outbound Sales,North America,231,Business
CUST-00472,2023-05-05,Organic Search,Asia Pacific,2,Free
CUST-00473,2023-05-12,Organic Search,Europe,34,Pro
CUST-00474,2023-05-25,Organic Search,Asia Pacific,12,Free
CUST-00475,2023-05-25,Paid Ads,North America,12,Free
CUST-00476,2023-05-06,Content Marketing,North America,45,Pro
CUST-00477,2023-05-17,Referral,Asia Pacific,11,Pro
CUST-00478,2023-05-09,Referral,Europe,144,Business
CUST-00479,2023-05-07,Organic Search,North America,37,Pro
CUST-00480,2023-05-20,Paid Ads,North America,10,Free
CUST-00481,2023-05-18,Paid Ads,Europe,11,Free
CUST-00482,2023-05-22,Organic Search,Asia Pacific,27,Pro
CUST-00483,2023-06-20,Organic Search,North America,6,Free
CUST-00484,2023-06-24,Paid Ads,North America,2,Free
CUST-00485,2023-06-25,Paid Ads,North America,4,Pro
CUST-00486,2023-06-14,Organic Search,North America,11,Free
CUST-00487,2023-06-21,Organic Search,North America,13,Free
CUST-00488,2023-06-26,Organic Search,Asia Pacific,18,Free
CUST-00489,2023-06-20,Paid Ads,Europe,21,Pro
CUST-00490,2023-06-05,Paid Ads,North America,136,Business
CUST-00491,2023-06-05,Organic Search,Europe,39,Pro
CUST-00492,2023-06-26,Content Marketing,North America,5,Pro
CUST-00493,2023-06-03,Content Marketing,North America,18,Free
CUST-00494,2023-06-01,Organic Search,North America,16,Free
CUST-00495,2023-06-11,Content Marketing,North America,18,Free
CUST-00496,2023-06-09,Organic Search,North America,7,Free
CUST-00497,2023-06-06,Content Marketing,North America,5,Free
CUST-00498,2023-06-26,Outbound Sales,Latin America,1885,Enterprise
CUST-00499,2023-06-09,Organic Search,Europe,46,Pro
CUST-00500,2023-06-23,Referral,Asia Pacific,37,Pro
CUST-00501,2023-06-21,Outbound Sales,Europe,784,Enterprise
CUST-00502,2023-06-26,Content Marketing,North America,5,Pro
CUST-00503,2023-06-21,Outbound Sales,Latin America,116,Business
CUST-00504,2023-06-01,Paid Ads,Europe,3,Free
CUST-00505,2023-06-17,Organic Search,Asia Pacific,40,Pro
CUST-00506,2023-06-08,Content Marketing,North America,38,Pro
CUST-00507,2023-06-13,Paid Ads,North America,13,Free
CUST-00508,2023-06-12,Paid Ads,North America,17,Free
CUST-00509,2023-06-25,Paid Ads,North America,43,Pro
CUST-00510,2023-06-14,Paid Ads,North America,15,Free
CUST-00511,2023-06-14,Organic Search,North America,8,Free
CUST-00512,2023-06-16,Referral,North America,12,Free
CUST-00513,2023-06-07,Organic Search,Asia Pacific,19,Free
CUST-00514,2023-06-27,Referral,Asia Pacific,129,Business
CUST-00515,2023-06-15,Content Marketing,North America,46,Pro
CUST-00516,2023-06-16,Paid Ads,Asia Pacific,6,Free
CUST-00517,2023-06-04,Paid Ads,Latin America,18,Free
CUST-00518,2023-06-02,Organic Search,Asia Pacific,14,Pro
CUST-00519,2023-06-02,Outbound Sales,Asia Pacific,258,Enterprise
CUST-00520,2023-06-18,Referral,North America,5,Pro
CUST-00521,2023-06-25,Paid Ads,Latin America,5,Free
CUST-00522,2023-06-16,Organic Search,North America,3,Free
CUST-00523,2023-06-05,Organic Search,Europe,24,Pro
CUST-00524,2023-06-13,Paid Ads,Latin America,15,Free
CUST-00525,2023-06-25,Content Marketing,Europe,39,Pro
CUST-00526,2023-06-26,Referral,North America,12,Free
CUST-00527,2023-06-10,Organic Search,North America,88,Business
CUST-00528,2023-06-06,Content Marketing,North America,6,Free
CUST-00529,2023-06-20,Paid Ads,North America,24,Pro
CUST-00530,2023-06-18,Content Marketing,North America,3,Free
CUST-00531,2023-06-03,Organic Search,Europe,9,Free
CUST-00532,2023-06-24,Paid Ads,Asia Pacific,21,Pro
CUST-00533,2023-06-10,Content Marketing,North America,18,Free
CUST-00534,2023-06-02,Organic Search,North America,42,Pro
CUST-00535,2023-06-11,Referral,North America,33,Pro
CUST-00536,2023-06-17,Outbound Sales,North America,83,Business
CUST-00537,2023-06-15,Organic Search,North America,14,Free
CUST-00538,2023-06-16,Organic Search,North America,15,Pro
CUST-00539,2023-06-25,Referral,Europe,39,Business
CUST-00540,2023-06-12,Organic Search,North America,36,Pro
CUST-00541,2023-06-13,Organic Search,Latin America,40,Pro
CUST-00542,2023-06-04,Paid Ads,Europe,1,Free
CUST-00543,2023-06-20,Referral,Europe,5,Pro
CUST-00544,2023-06-17,Organic Search,Europe,46,Pro
CUST-00545,2023-06-24,Organic Search,Asia Pacific,27,Pro
CUST-00546,2023-06-06,Content Marketing,Europe,14,Free
CUST-00547,2023-06-12,Paid Ads,Europe,25,Pro
CUST-00548,2023-06-20,Content Marketing,North America,14,Free
CUST-00549,2023-06-24,Paid Ads,North America,10,Free
CUST-00550,2023-06-08,Outbound Sales,North America,1520,Enterprise
CUST-00551,2023-06-17,Referral,Europe,150,Business
CUST-00552,2023-06-02,Organic Search,North America,14,Free
CUST-00553,2023-06-01,Content Marketing,North America,45,Pro
CUST-00554,2023-06-21,Paid Ads,Latin America,17,Pro
CUST-00555,2023-06-12,Organic Search,Europe,43,Pro
CUST-00556,2023-06-12,Organic Search,Europe,11,Free
CUST-00557,2023-06-27,Referral,Asia Pacific,31,Pro
CUST-00558,2023-06-05,Organic Search,North America,1,Free
CUST-00559,2023-06-05,Organic Search,North America,6,Free
CUST-00560,2023-06-25,Organic Search,Europe,31,Pro
CUST-00561,2023-06-11,Paid Ads,North America,1,Free
CUST-00562,2023-06-27,Paid Ads,North America,8,Free
CUST-00563,2023-06-16,Paid Ads,North America,3,Free
CUST-00564,2023-06-11,Organic Search,Europe,9,Pro
CUST-00565,2023-06-12,Organic Search,North America,37,Pro
CUST-00566,2023-06-10,Paid Ads,Asia Pacific,41,Pro
CUST-00567,2023-06-05,Paid Ads,North America,17,Pro
CUST-00568,2023-06-08,Referral,Asia Pacific,19,Free
CUST-00569,2023-06-24,Organic Search,North America,49,Pro
CUST-00570,2023-06-01,Organic Search,North America,16,Pro
CUST-00571,2023-06-07,Organic Search,Asia Pacific,14,Free
CUST-00572,2023-06-22,Paid Ads,Europe,6,Free
CUST-00573,2023-06-27,Paid Ads,Europe,17,Free
CUST-00574,2023-06-02,Content Marketing,Asia Pacific,18,Free
CUST-00575,2023-06-18,Paid Ads,Asia Pacific,3,Free
CUST-00576,2023-06-12,Paid Ads,North America,41,Pro
CUST-00577,2023-06-13,Paid Ads,Europe,6,Free
CUST-00578,2023-06-07,Organic Search,North America,15,Free
CUST-00579,2023-06-24,Paid Ads,North America,16,Free
CUST-00580,2023-06-19,Paid Ads,North America,23,Pro
CUST-00581,2023-06-05,Paid Ads,North America,22,Pro
CUST-00582,2023-06-21,Organic Search,North America,6,Free
CUST-00583,2023-06-21,Content Marketing,North America,90,Business
CUST-00584,2023-06-21,Content Marketing,Europe,7,Free
CUST-00585,2023-06-17,Organic Search,North America,6,Free
CUST-00586,2023-06-06,Paid Ads,North America,105,Business
CUST-00587,2023-06-17,Referral,Europe,12,Free
CUST-00588,2023-06-25,Organic Search,Asia Pacific,24,Pro
CUST-00589,2023-06-16,Content Marketing,North America,27,Pro
CUST-00590,2023-06-26,Referral,North America,11,Free
CUST-00591,2023-06-12,Content Marketing,Latin America,25,Pro
CUST-00592,2023-06-03,Outbound Sales,Europe,1872,Enterprise
CUST-00593,2023-06-02,Organic Search,Europe,3,Free
CUST-00594,2023-06-06,Paid Ads,North America,6,Pro
CUST-00595,2023-06-25,Paid Ads,North America,9,Pro
CUST-00596,2023-06-19,Organic Search,North America,4,Pro
CUST-00597,2023-06-23,Organic Search,Asia Pacific,4,Pro
CUST-00598,2023-06-09,Outbound Sales,Europe,2448,Enterprise
CUST-00599,2023-06-16,Organic Search,Latin America,4,Pro
CUST-00600,2023-06-21,Paid Ads,Europe,34,Pro
CUST-00601,2023-06-06,Content Marketing,North America,11,Business
CUST-00602,2023-06-16,Organic Search,Europe,42,Pro
CUST-00603,2023-06-16,Paid Ads,North America,17,Free
CUST-00604,2023-06-20,Outbound Sales,Europe,3182,Enterprise
CUST-00605,2023-06-17,Paid Ads,Asia Pacific,40,Pro
CUST-00606,2023-06-03,Organic Search,Europe,39,Pro
CUST-00607,2023-06-24,Organic Search,Europe,19,Free
CUST-00608,2023-06-16,Content Marketing,North America,21,Pro
CUST-00609,2023-06-23,Organic Search,Asia Pacific,18,Free
CUST-00610,2023-06-10,Paid Ads,Europe,16,Pro
CUST-00611,2023-06-20,Organic Search,Asia Pacific,1,Free
CUST-00612,2023-06-02,Paid Ads,North America,7,Free
CUST-00613,2023-06-11,Content Marketing,North America,4,Free
CUST-00614,2023-06-07,Paid Ads,Europe,49,Pro
CUST-00615,2023-06-23,Outbound Sales,North America,18,Business
CUST-00616,2023-06-22,Organic Search,Asia Pacific,16,Free
CUST-00617,2023-06-26,Paid Ads,Europe,18,Free
CUST-00618,2023-06-25,Content Marketing,North America,19,Free
CUST-00619,2023-06-15,Paid Ads,Europe,49,Pro
CUST-00620,2023-06-14,Organic Search,Asia Pacific,13,Free
CUST-00621,2023-06-26,Content Marketing,Europe,15,Free
CUST-00622,2023-06-02,Paid Ads,North America,42,Pro
CUST-00623,2023-06-15,Paid Ads,Latin America,4,Pro
CUST-00624,2023-06-12,Outbound Sales,Europe,3476,Enterprise
CUST-00625,2023-06-07,Organic Search,North America,14,Free
CUST-00626,2023-06-07,Organic Search,North America,3,Pro
CUST-00627,2023-06-05,Organic Search,North America,18,Pro
CUST-00628,2023-06-17,Paid Ads,North America,39,Pro
CUST-00629,2023-06-25,Organic Search,North America,241,Business
CUST-00630,2023-06-18,Referral,Asia Pacific,71,Business
CUST-00631,2023-06-19,Organic Search,Europe,26,Pro
CUST-00632,2023-06-16,Referral,Latin America,18,Free
CUST-00633,2023-06-01,Organic Search,North America,17,Pro
CUST-00634,2023-07-14,Paid Ads,Europe,5,Free
CUST-00635,2023-07-21,Paid Ads,Asia Pacific,14,Free
CUST-00636,2023-07-24,Organic Search,Asia Pacific,12,Free
CUST-00637,2023-07-08,Organic Search,Europe,13,Free
CUST-00638,2023-07-19,Paid Ads,North America,37,Pro
CUST-00639,2023-07-26,Paid Ads,Europe,4,Free
CUST-00640,2023-07-27,Outbound Sales,Asia Pacific,1328,Enterprise
CUST-00641,2023-07-23,Organic Search,North America,40,Pro
CUST-00642,2023-07-24,Organic Search,North America,18,Free
CUST-00643,2023-07-11,Organic Search,Europe,3,Pro
CUST-00644,2023-07-13,Paid Ads,Europe,3,Pro
CUST-00645,2023-07-05,Paid Ads,North America,18,Pro
CUST-00646,2023-07-07,Referral,Latin America,5,Pro
CUST-00647,2023-07-24,Outbound Sales,North America,342,Enterprise
CUST-00648,2023-07-27,Organic Search,Europe,10,Free
CUST-00649,2023-07-14,Referral,Europe,10,Free
CUST-00650,2023-07-12,Organic Search,North America,34,Pro
CUST-00651,2023-07-22,Organic Search,Asia Pacific,17,Free
CUST-00652,2023-07-25,Paid Ads,North America,10,Free
CUST-00653,2023-07-15,Organic Search,North America,4,Free
CUST-00654,2023-07-13,Paid Ads,North America,12,Free
CUST-00655,2023-07-20,Referral,Europe,5,Free
CUST-00656,2023-07-23,Referral,North America,16,Pro
CUST-00657,2023-07-10,Paid Ads,Asia Pacific,17,Free
CUST-00658,2023-07-06,Paid Ads,North America,39,Pro
CUST-00659,2023-07-07,Paid Ads,North America,18,Free
CUST-00660,2023-07-03,Organic Search,Asia Pacific,7,Pro
CUST-00661,2023-07-24,Organic Search,Asia Pacific,45,Pro
CUST-00662,2023-07-15,Referral,Europe,29,Pro
CUST-00663,2023-07-03,Outbound Sales,Asia Pacific,3143,Enterprise
CUST-00664,2023-07-26,Organic Search,North America,12,Free
CUST-00665,2023-07-23,Paid Ads,Europe,2,Free
CUST-00666,2023-07-22,Referral,North America,81,Business
CUST-00667,2023-07-21,Content Marketing,North America,12,Pro
CUST-00668,2023-07-14,Paid Ads,Europe,11,Free
CUST-00669,2023-07-04,Paid Ads,North America,10,Free
CUST-00670,2023-07-10,Referral,Europe,5,Free
CUST-00671,2023-07-19,Content Marketing,Europe,5,Free
CUST-00672,2023-07-11,Organic Search,Latin America,23,Pro
CUST-00673,2023-07-20,Content Marketing,North America,24,Pro
CUST-00674,2023-07-16,Organic Search,Asia Pacific,29,Business
CUST-00675,2023-07-19,Content Marketing,North America,27,Pro
CUST-00676,2023-07-14,Organic Search,Latin America,2,Pro
CUST-00677,2023-07-04,Organic Search,Europe,12,Free
CUST-00678,2023-07-20,Organic Search,North America,11,Free
CUST-00679,2023-07-02,Paid Ads,North America,1,Free
CUST-00680,2023-07-02,Organic Search,Europe,22,Pro
CUST-00681,2023-07-08,Organic Search,Europe,10,Free
CUST-00682,2023-07-25,Paid Ads,Europe,7,Pro
CUST-00683,2023-07-02,Paid Ads,Europe,12,Free
CUST-00684,2023-07-20,Referral,Latin America,232,Business
CUST-00685,2023-07-22,Content Marketing,North America,16,Free
CUST-00686,2023-07-13,Referral,North America,43,Pro
CUST-00687,2023-07-19,Organic Search,Asia Pacific,38,Pro
CUST-00688,2023-07-08,Organic Search,Europe,25,Pro
CUST-00689,2023-07-22,Content Marketing,North America,4,Free
CUST-00690,2023-07-07,Organic Search,Europe,15,Free
CUST-00691,2023-07-07,Paid Ads,Europe,17,Free
CUST-00692,2023-07-11,Content Marketing,Asia Pacific,14,Free
CUST-00693,2023-07-23,Outbound Sales,Europe,1696,Enterprise
CUST-00694,2023-07-26,Paid Ads,Asia Pacific,6,Free
CUST-00695,2023-07-21,Referral,Europe,11,Pro
CUST-00696,2023-07-15,Paid Ads,North America,13,Free
CUST-00697,2023-07-12,Referral,North America,21,Pro
CUST-00698,2023-07-16,Organic Search,North America,13,Free
CUST-00699,2023-07-17,Organic Search,North America,190,Business
CUST-00700,2023-07-07,Paid Ads,North America,9,Free
CUST-00701,2023-07-08,Organic Search,North America,3,Free
CUST-00702,2023-07-01,Referral,Europe,27,Pro
CUST-00703,2023-07-15,Paid Ads,North America,6,Free
CUST-00704,2023-07-06,Content Marketing,Europe,7,Free
CUST-00705,2023-07-03,Content Marketing,Latin America,8,Free
CUST-00706,2023-07-27,Paid Ads,North America,17,Free
CUST-00707,2023-07-27,Content Marketing,Europe,28,Pro
CUST-00708,2023-07-06,Organic Search,Latin America,8,Free
CUST-00709,2023-07-11,Paid Ads,Europe,7,Pro
CUST-00710,2023-07-27,Organic Search,North America,112,Business
CUST-00711,2023-07-27,Content Marketing,Europe,6,Free
CUST-00712,2023-07-16,Content Marketing,Latin America,8,Free
CUST-00713,2023-07-15,Content Marketing,North America,26,Pro
CUST-00714,2023-07-05,Content Marketing,Europe,17,Pro
CUST-00715,2023-07-01,Outbound Sales,Asia Pacific,4411,Enterprise
CUST-00716,2023-07-01,Organic Search,Latin America,28,Pro
CUST-00717,2023-07-02,Content Marketing,Europe,12,Free
CUST-00718,2023-07-16,Paid Ads,Europe,21,Pro
CUST-00719,2023-07-17,Paid Ads,Europe,10,Free
CUST-00720,2023-07-24,Paid Ads,Europe,14,Free
CUST-00721,2023-07-09,Paid Ads,Europe,37,Pro
CUST-00722,2023-07-01,Organic Search,North America,13,Free
CUST-00723,2023-07-23,Organic Search,North America,41,Business
CUST-00724,2023-07-12,Organic Search,North America,15,Free
CUST-00725,2023-07-26,Paid Ads,Asia Pacific,1,Free
CUST-00726,2023-07-21,Content Marketing,North America,6,Pro
CUST-00727,2023-07-14,Referral,Asia Pacific,16,Free
CUST-00728,2023-07-01,Paid Ads,North America,10,Free
CUST-00729,2023-07-22,Paid Ads,Asia Pacific,3,Free
CUST-00730,2023-07-16,Paid Ads,North America,188,Business
CUST-00731,2023-07-09,Organic Search,Europe,7,Free
CUST-00732,2023-07-05,Content Marketing,Europe,19,Free
CUST-00733,2023-07-04,Organic Search,Europe,14,Pro
CUST-00734,2023-07-23,Referral,Europe,106,Business
CUST-00735,2023-07-20,Referral,Europe,12,Pro
CUST-00736,2023-07-08,Paid Ads,Europe,41,Pro
CUST-00737,2023-07-02,Content Marketing,Europe,4,Free
CUST-00738,2023-07-15,Organic Search,North America,19,Free
CUST-00739,2023-07-22,Content Marketing,Europe,12,Free
CUST-00740,2023-07-15,Referral,North America,229,Business
CUST-00741,2023-07-18,Content Marketing,Europe,41,Pro
CUST-00742,2023-07-03,Referral,Latin America,15,Free
CUST-00743,2023-07-07,Content Marketing,Europe,24,Pro
CUST-00744,2023-07-21,Outbound Sales,North America,2103,Enterprise
CUST-00745,2023-07-03,Paid Ads,North America,17,Pro
CUST-00746,2023-07-25,Content Marketing,North America,17,Pro
CUST-00747,2023-07-08,Referral,Europe,27,Pro
CUST-00748,2023-07-03,Paid Ads,Latin America,13,Pro
CUST-00749,2023-07-11,Content Marketing,North America,8,Free
CUST-00750,2023-07-16,Paid Ads,Europe,7,Pro
CUST-00751,2023-07-08,Paid Ads,North America,8,Free
CUST-00752,2023-07-11,Organic Search,Europe,32,Pro
CUST-00753,2023-07-07,Organic Search,North America,19,Pro
CUST-00754,2023-07-20,Content Marketing,Latin America,3,Free
CUST-00755,2023-07-05,Paid Ads,North America,16,Pro
CUST-00756,2023-07-25,Paid Ads,North America,13,Pro
CUST-00757,2023-07-21,Organic Search,Europe,20,Pro
CUST-00758,2023-07-18,Paid Ads,Europe,85,Business
CUST-00759,2023-07-24,Content Marketing,North America,59,Business
CUST-00760,2023-07-22,Content Marketing,Europe,1,Free
CUST-00761,2023-07-17,Organic Search,Europe,24,Pro
CUST-00762,2023-07-08,Paid Ads,North America,10,Free
CUST-00763,2023-07-07,Paid Ads,Europe,8,Pro
CUST-00764,2023-07-13,Paid Ads,North America,5,Pro
CUST-00765,2023-07-20,Paid Ads,North America,3,Free
CUST-00766,2023-07-27,Paid Ads,North America,11,Free
CUST-00767,2023-08-18,Referral,North America,16,Pro
CUST-00768,2023-08-04,Content Marketing,Europe,5,Free
CUST-00769,2023-08-05,Content Marketing,North America,26,Pro
CUST-00770,2023-08-08,Organic Search,Latin America,5,Free
CUST-00771,2023-08-25,Paid Ads,North America,13,Free
CUST-00772,2023-08-09,Paid Ads,Asia Pacific,39,Pro
CUST-00773,2023-08-10,Organic Search,Europe,6,Free
CUST-00774,2023-08-13,Organic Search,Asia Pacific,16,Pro
CUST-00775,2023-08-08,Organic Search,Europe,109,Business
CUST-00776,2023-08-22,Referral,North America,15,Pro
CUST-00777,2023-08-16,Content Marketing,North America,6,Free
CUST-00778,2023-08-19,Referral,North America,4,Free
CUST-00779,2023-08-10,Organic Search,Europe,16,Free
CUST-00780,2023-08-21,Organic Search,North America,19,Free
CUST-00781,2023-08-26,Paid Ads,North America,235,Business
CUST-00782,2023-08-20,Paid Ads,Europe,35,Pro
CUST-00783,2023-08-14,Content Marketing,Asia Pacific,10,Pro
CUST-00784,2023-08-03,Content Marketing,North America,47,Pro
CUST-00785,2023-08-08,Content Marketing,North America,3,Pro
CUST-00786,2023-08-18,Content Marketing,North America,16,Free
CUST-00787,2023-08-03,Outbound Sales,Europe,382,Enterprise
CUST-00788,2023-08-20,Paid Ads,North America,12,Free
CUST-00789,2023-08-14,Organic Search,Europe,13,Pro
CUST-00790,2023-08-14,Organic Search,Asia Pacific,239,Business
CUST-00791,2023-08-26,Paid Ads,North America,3,Free
CUST-00792,2023-08-27,Organic Search,North America,17,Free
CUST-00793,2023-08-02,Organic Search,North America,46,Pro
CUST-00794,2023-08-02,Outbound Sales,Europe,17,Pro
CUST-00795,2023-08-15,Organic Search,Latin America,137,Business
CUST-00796,2023-08-02,Outbound Sales,North America,2530,Enterprise
CUST-00797,2023-08-03,Referral,North America,6,Pro
CUST-00798,2023-08-12,Referral,North America,48,Pro
CUST-00799,2023-08-17,Referral,Asia Pacific,28,Pro
CUST-00800,2023-08-23,Organic Search,North America,6,Pro
CUST-00801,2023-08-26,Referral,North America,5,Pro
CUST-00802,2023-08-07,Organic Search,North America,2,Free
CUST-00803,2023-08-15,Content Marketing,North America,7,Free
CUST-00804,2023-08-15,Organic Search,North America,45,Pro
CUST-00805,2023-08-05,Organic Search,Asia Pacific,8,Free
CUST-00806,2023-08-19,Referral,Europe,9,Free
CUST-00807,2023-08-21,Referral,Europe,44,Pro
CUST-00808,2023-08-04,Paid Ads,North America,10,Free
CUST-00809,2023-08-14,Referral,North America,4,Free
CUST-00810,2023-08-13,Organic Search,Europe,18,Free
CUST-00811,2023-08-09,Referral,Europe,43,Pro
CUST-00812,2023-08-17,Organic Search,Europe,17,Free
CUST-00813,2023-08-19,Organic Search,North America,12,Free
CUST-00814,2023-08-12,Organic Search,North America,19,Pro
CUST-00815,2023-08-24,Organic Search,North America,43,Pro
CUST-00816,2023-08-12,Organic Search,Europe,14,Free
CUST-00817,2023-08-13,Paid Ads,Asia Pacific,10,Free
CUST-00818,2023-08-24,Organic Search,North America,43,Business
CUST-00819,2023-08-06,Organic Search,Europe,134,Business
CUST-00820,2023-08-26,Paid Ads,Europe,47,Pro
CUST-00821,2023-08-04,Organic Search,North America,17,Free
CUST-00822,2023-08-01,Referral,Latin America,33,Pro
CUST-00823,2023-08-03,Content Marketing,Latin America,42,Pro
CUST-00824,2023-08-18,Paid Ads,Europe,10,Free
CUST-00825,2023-08-15,Content Marketing,Asia Pacific,9,Free
CUST-00826,2023-08-22,Organic Search,Asia Pacific,205,Business
CUST-00827,2023-08-14,Organic Search,North America,44,Pro
CUST-00828,2023-08-04,Referral,Europe,19,Free
CUST-00829,2023-08-09,Referral,North America,24,Pro
CUST-00830,2023-08-22,Content Marketing,Europe,2,Free
CUST-00831,2023-08-24,Organic Search,Asia Pacific,6,Free
CUST-00832,2023-08-11,Content Marketing,Europe,3,Free
CUST-00833,2023-08-03,Paid Ads,Europe,13,Free
CUST-00834,2023-08-23,Organic Search,Latin America,22,Pro
CUST-00835,2023-08-27,Organic Search,Europe,45,Pro
CUST-00836,2023-08-16,Outbound Sales,North America,925,Enterprise
CUST-00837,2023-08-01,Organic Search,North America,9,Free
CUST-00838,2023-08-06,Content Marketing,North America,38,Pro
CUST-00839,2023-08-24,Referral,North America,2,Free
CUST-00840,2023-08-21,Referral,Europe,35,Pro
CUST-00841,2023-08-19,Referral,Asia Pacific,3,Pro
CUST-00842,2023-08-01,Content Marketing,North America,3,Pro
CUST-00843,2023-08-26,Organic Search,Asia Pacific,80,Business
CUST-00844,2023-08-22,Organic Search,North America,28,Business
CUST-00845,2023-08-01,Paid Ads,Asia Pacific,7,Free
CUST-00846,2023-08-22,Paid Ads,Asia Pacific,2,Free
CUST-00847,2023-08-09,Organic Search,North America,25,Pro
CUST-00848,2023-08-13,Organic Search,Europe,130,Business
CUST-00849,2023-08-15,Organic Search,North America,20,Pro
CUST-00850,2023-08-25,Organic Search,Asia Pacific,9,Free
CUST-00851,2023-08-12,Organic Search,Europe,78,Business
CUST-00852,2023-08-16,Content Marketing,Asia Pacific,45,Pro
CUST-00853,2023-08-19,Organic Search,Asia Pacific,12,Pro
CUST-00854,2023-08-14,Outbound Sales,North America,3163,Enterprise
CUST-00855,2023-08-24,Outbound Sales,North America,4793,Enterprise
CUST-00856,2023-08-23,Organic Search,North America,29,Pro
CUST-00857,2023-08-11,Referral,Asia Pacific,18,Pro
CUST-00858,2023-08-16,Paid Ads,North America,48,Pro
CUST-00859,2023-08-20,Referral,Europe,19,Free
CUST-00860,2023-08-22,Organic Search,Europe,22,Pro
CUST-00861,2023-08-26,Organic Search,North America,26,Pro
CUST-00862,2023-08-27,Organic Search,Latin America,13,Pro
CUST-00863,2023-08-17,Paid Ads,Asia Pacific,45,Pro
CUST-00864,2023-08-21,Outbound Sales,Europe,204,Business
CUST-00865,2023-08-03,Referral,Asia Pacific,42,Pro
CUST-00866,2023-08-12,Referral,Europe,49,Pro
CUST-00867,2023-08-23,Outbound Sales,North America,100,Business
CUST-00868,2023-08-01,Referral,North America,48,Pro
CUST-00869,2023-08-20,Organic Search,North America,32,Pro
CUST-00870,2023-08-16,Content Marketing,North America,36,Pro
CUST-00871,2023-08-24,Paid Ads,North America,7,Free
CUST-00872,2023-08-07,Organic Search,Asia Pacific,23,Pro
CUST-00873,2023-08-13,Paid Ads,Europe,9,Free
CUST-00874,2023-08-24,Content Marketing,North America,68,Business
CUST-00875,2023-08-10,Organic Search,Europe,15,Pro
CUST-00876,2023-08-22,Paid Ads,North America,1,Free
CUST-00877,2023-08-17,Organic Search,Latin America,26,Pro
CUST-00878,2023-08-14,Organic Search,Europe,31,Pro
CUST-00879,2023-08-27,Organic Search,North America,80,Business
CUST-00880,2023-08-14,Referral,Asia Pacific,13,Business
CUST-00881,2023-08-21,Content Marketing,North America,10,Pro
CUST-00882,2023-08-13,Organic Search,North America,17,Free
CUST-00883,2023-08-23,Organic Search,North America,3,Free
CUST-00884,2023-08-02,Organic Search,Asia Pacific,3,Free
CUST-00885,2023-08-11,Organic Search,Asia Pacific,32,Pro
CUST-00886,2023-08-22,Paid Ads,Asia Pacific,45,Pro
CUST-00887,2023-08-22,Referral,Europe,37,Pro
CUST-00888,2023-08-09,Referral,Asia Pacific,2,Free
CUST-00889,2023-08-02,Paid Ads,North America,14,Pro
CUST-00890,2023-08-24,Paid Ads,Asia Pacific,188,Business
CUST-00891,2023-08-08,Organic Search,Europe,173,Business
CUST-00892,2023-08-06,Organic Search,Europe,19,Free
CUST-00893,2023-08-04,Content Marketing,North America,130,Business
CUST-00894,2023-08-07,Referral,North America,5,Free
CUST-00895,2023-08-17,Content Marketing,North America,26,Pro
CUST-00896,2023-08-19,Content Marketing,Europe,29,Pro
CUST-00897,2023-08-09,Referral,North America,42,Pro
CUST-00898,2023-08-08,Content Marketing,Europe,68,Business
CUST-00899,2023-08-19,Paid Ads,Asia Pacific,8,Free
CUST-00900,2023-08-19,Organic Search,Asia Pacific,11,Pro
CUST-00901,2023-08-03,Organic Search,North America,11,Pro
CUST-00902,2023-08-12,Organic Search,Europe,195,Business
CUST-00903,2023-08-23,Organic Search,North America,29,Pro
CUST-00904,2023-08-15,Paid Ads,Asia Pacific,10,Free
CUST-00905,2023-08-23,Referral,North America,3,Free
CUST-00906,2023-08-21,Content Marketing,North America,13,Free
CUST-00907,2023-08-07,Paid Ads,North America,6,Free
CUST-00908,2023-08-06,Organic Search,North America,47,Pro
CUST-00909,2023-08-09,Referral,North America,38,Pro
CUST-00910,2023-08-12,Paid Ads,North America,17,Free
CUST-00911,2023-08-06,Organic Search,North America,12,Pro
CUST-00912,2023-08-19,Organic Search,Asia Pacific,69,Business
CUST-00913,2023-08-06,Organic Search,North America,7,Free
CUST-00914,2023-08-16,Organic Search,North America,3,Free
CUST-00915,2023-08-08,Content Marketing,Europe,15,Free
CUST-00916,2023-08-24,Referral,Asia Pacific,39,Pro
CUST-00917,2023-08-08,Referral,Europe,16,Pro
CUST-00918,2023-08-05,Organic Search,Asia Pacific,1,Free
CUST-00919,2023-08-05,Content Marketing,Europe,2,Free
CUST-00920,2023-09-27,Paid Ads,North America,148,Business
CUST-00921,2023-09-07,Outbound Sales,Latin America,2223,Enterprise
CUST-00922,2023-09-14,Paid Ads,Europe,10,Free
CUST-00923,2023-09-17,Paid Ads,Latin America,19,Free
CUST-00924,2023-09-04,Organic Search,North America,17,Free
CUST-00925,2023-09-22,Paid Ads,North America,14,Free
CUST-00926,2023-09-11,Organic Search,Europe,7,Pro
CUST-00927,2023-09-24,Paid Ads,Asia Pacific,24,Pro
CUST-00928,2023-09-14,Referral,Asia Pacific,9,Pro
CUST-00929,2023-09-11,Paid Ads,Asia Pacific,6,Free
CUST-00930,2023-09-15,Organic Search,North America,8,Free
CUST-00931,2023-09-12,Organic Search,Europe,39,Pro
CUST-00932,2023-09-10,Organic Search,Asia Pacific,4,Free
CUST-00933,2023-09-16,Paid Ads,North America,17,Pro
CUST-00934,2023-09-04,Content Marketing,Asia Pacific,6,Pro
CUST-00935,2023-09-16,Organic Search,Europe,199,Business
CUST-00936,2023-09-14,Paid Ads,North America,12,Free
CUST-00937,2023-09-18,Referral,North America,6,Free
CUST-00938,2023-09-02,Organic Search,North America,19,Pro
CUST-00939,2023-09-17,Organic Search,North America,7,Free
CUST-00940,2023-09-06,Organic Search,Asia Pacific,7,Free
CUST-00941,2023-09-08,Referral,Asia Pacific,17,Free
CUST-00942,2023-09-26,Paid Ads,Latin America,13,Free
CUST-00943,2023-09-17,Referral,North America,4,Pro
CUST-00944,2023-09-03,Content Marketing,Latin America,170,Business
CUST-00945,2023-09-04,Referral,North America,27,Pro
CUST-00946,2023-09-10,Outbound Sales,North America,4673,Enterprise
CUST-00947,2023-09-05,Referral,Europe,13,Free
CUST-00948,2023-09-26,Content Marketing,North America,12,Free
CUST-00949,2023-09-06,Content Marketing,Europe,14,Free
CUST-00950,2023-09-02,Referral,North America,18,Free
CUST-00951,2023-09-18,Content Marketing,Europe,19,Free
CUST-00952,2023-09-16,Content Marketing,Europe,1,Free
CUST-00953,2023-09-02,Paid Ads,North America,5,Free
CUST-00954,2023-09-27,Referral,Europe,2,Free
CUST-00955,2023-09-12,Paid Ads,Latin America,140,Business
CUST-00956,2023-09-07,Content Marketing,North America,1,Free
CUST-00957,2023-09-13,Paid Ads,North America,17,Free
CUST-00958,2023-09-20,Content Marketing,North America,13,Free
CUST-00959,2023-09-07,Content Marketing,Asia Pacific,8,Free
CUST-00960,2023-09-14,Outbound Sales,North America,516,Enterprise
CUST-00961,2023-09-17,Organic Search,North America,5,Free
CUST-00962,2023-09-26,Referral,North America,4,Free
CUST-00963,2023-09-15,Referral,Europe,5,Free
CUST-00964,2023-09-03,Content Marketing,Europe,19,Free
CUST-00965,2023-09-06,Content Marketing,North America,49,Pro
CUST-00966,2023-09-22,Paid Ads,Asia Pacific,14,Free
CUST-00967,2023-09-18,Paid Ads,Europe,35,Pro
CUST-00968,2023-09-14,Organic Search,Asia Pacific,20,Pro
CUST-00969,2023-09-15,Outbound Sales,Europe,1213,Enterprise
CUST-00970,2023-09-09,Organic Search,North America,13,Free
CUST-00971,2023-09-23,Referral,North America,20,Business
CUST-00972,2023-09-04,Content Marketing,Asia Pacific,14,Free
CUST-00973,2023-09-08,Paid Ads,Europe,27,Pro
CUST-00974,2023-09-10,Organic Search,North America,7,Free
CUST-00975,2023-09-19,Organic Search,Latin America,10,Pro
CUST-00976,2023-09-23,Content Marketing,Europe,33,Pro
CUST-00977,2023-09-26,Paid Ads,North America,16,Pro
CUST-00978,2023-09-27,Organic Search,Asia Pacific,10,Free
CUST-00979,2023-09-16,Referral,North America,23,Pro
CUST-00980,2023-09-08,Organic Search,Asia Pacific,13,Free
CUST-00981,2023-09-05,Content Marketing,Asia Pacific,44,Pro
CUST-00982,2023-09-12,Organic Search,Europe,12,Free
CUST-00983,2023-09-11,Organic Search,North America,16,Free
CUST-00984,2023-09-05,Organic Search,Europe,4,Pro
CUST-00985,2023-09-08,Paid Ads,North America,7,Free
CUST-00986,2023-09-15,Paid Ads,North America,24,Pro
CUST-00987,2023-09-17,Referral,Europe,15,Business
CUST-00988,2023-09-03,Paid Ads,North America,10,Free
CUST-00989,2023-09-06,Paid Ads,Asia Pacific,22,Pro
CUST-00990,2023-09-16,Organic Search,North America,5,Free
CUST-00991,2023-09-25,Organic Search,Europe,26,Pro
CUST-00992,2023-09-16,Content Marketing,Europe,9,Free
CUST-00993,2023-09-03,Organic Search,Asia Pacific,13,Free
CUST-00994,2023-09-25,Outbound Sales,Asia Pacific,3030,Enterprise
CUST-00995,2023-09-23,Organic Search,North America,31,Pro
CUST-00996,2023-09-21,Organic Search,Europe,18,Pro
CUST-00997,2023-09-24,Organic Search,Europe,7,Free
CUST-00998,2023-09-26,Organic Search,Europe,14,Free
CUST-00999,2023-09-11,Content Marketing,Asia Pacific,21,Pro
CUST-01000,2023-09-15,Paid Ads,North America,19,Business
CUST-01001,2023-09-25,Organic Search,Asia Pacific,26,Pro
CUST-01002,2023-09-12,Referral,Europe,4,Pro
CUST-01003,2023-09-01,Referral,Europe,18,Pro
CUST-01004,2023-09-20,Content Marketing,Asia Pacific,38,Pro
CUST-01005,2023-09-15,Outbound Sales,North America,201,Enterprise
CUST-01006,2023-09-13,Referral,North America,10,Free
CUST-01007,2023-09-19,Content Marketing,North America,2,Free
CUST-01008,2023-09-07,Content Marketing,North America,19,Free
CUST-01009,2023-09-13,Paid Ads,Europe,9,Free
CUST-01010,2023-09-25,Referral,North America,21,Pro
CUST-01011,2023-09-06,Organic Search,Europe,5,Free
CUST-01012,2023-09-24,Referral,North America,27,Pro
CUST-01013,2023-09-07,Outbound Sales,Europe,356,Enterprise
CUST-01014,2023-09-15,Organic Search,North America,8,Free
CUST-01015,2023-09-20,Content Marketing,Latin America,4,Free
CUST-01016,2023-09-22,Content Marketing,North America,181,Business
CUST-01017,2023-09-27,Organic Search,Europe,28,Pro
CUST-01018,2023-09-20,Paid Ads,Asia Pacific,10,Pro
CUST-01019,2023-09-14,Content Marketing,Europe,7,Free
CUST-01020,2023-09-03,Outbound Sales,Asia Pacific,3330,Enterprise
CUST-01021,2023-09-14,Organic Search,North America,19,Free
CUST-01022,2023-09-15,Paid Ads,Asia Pacific,19,Free
CUST-01023,2023-09-15,Referral,North America,248,Business
CUST-01024,2023-09-05,Organic Search,Asia Pacific,13,Free
CUST-01025,2023-09-22,Organic Search,North America,2,Free
CUST-01026,2023-09-21,Organic Search,Europe,1,Free
CUST-01027,2023-09-02,Organic Search,North America,34,Pro
CUST-01028,2023-09-19,Paid Ads,North America,15,Free
CUST-01029,2023-09-04,Referral,Europe,14,Pro
CUST-01030,2023-09-19,Referral,North America,5,Pro
CUST-01031,2023-09-19,Content Marketing,Latin America,5,Free
CUST-01032,2023-09-10,Paid Ads,North America,15,Free
CUST-01033,2023-09-24,Organic Search,North America,11,Free
CUST-01034,2023-09-16,Organic Search,North America,48,Pro
CUST-01035,2023-09-01,Organic Search,Latin America,14,Free
CUST-01036,2023-09-02,Organic Search,Asia Pacific,35,Pro
CUST-01037,2023-09-24,Organic Search,North America,16,Free
CUST-01038,2023-09-22,Organic Search,Europe,32,Pro
CUST-01039,2023-09-14,Organic Search,Europe,24,Pro
CUST-01040,2023-09-24,Referral,North America,23,Pro
CUST-01041,2023-09-22,Referral,North America,12,Free
CUST-01042,2023-09-06,Content Marketing,North America,3,Free
CUST-01043,2023-09-02,Content Marketing,Asia Pacific,34,Pro
CUST-01044,2023-09-26,Paid Ads,Europe,10,Free
CUST-01045,2023-09-24,Organic Search,Latin America,14,Free
CUST-01046,2023-09-19,Paid Ads,Asia Pacific,18,Free
CUST-01047,2023-09-23,Organic Search,Europe,25,Pro
CUST-01048,2023-09-27,Paid Ads,Asia Pacific,26,Pro
CUST-01049,2023-09-24,Paid Ads,Asia Pacific,14,Free
CUST-01050,2023-09-11,Paid Ads,North America,10,Free
CUST-01051,2023-09-19,Organic Search,North America,30,Pro
CUST-01052,2023-09-17,Referral,North America,3,Free
CUST-01053,2023-09-05,Content Marketing,Asia Pacific,18,Free
CUST-01054,2023-09-27,Referral,North America,148,Business
CUST-01055,2023-09-02,Referral,North America,14,Pro
CUST-01056,2023-09-22,Paid Ads,Europe,10,Free
CUST-01057,2023-09-16,Organic Search,Europe,4,Free
CUST-01058,2023-09-13,Referral,Europe,41,Pro
CUST-01059,2023-09-10,Paid Ads,Latin America,17,Pro
CUST-01060,2023-09-15,Organic Search,North America,8,Free
CUST-01061,2023-09-17,Organic Search,Latin America,1,Free
CUST-01062,2023-09-07,Content Marketing,Asia Pacific,13,Pro
CUST-01063,2023-09-17,Referral,North America,116,Business
CUST-01064,2023-09-24,Paid Ads,Asia Pacific,2,Pro
CUST-01065,2023-09-15,Referral,Asia Pacific,45,Pro
CUST-01066,2023-09-06,Paid Ads,North America,41,Pro
CUST-01067,2023-09-21,Paid Ads,North America,2,Pro
CUST-01068,2023-09-03,Organic Search,Latin America,47,Pro
CUST-01069,2023-09-13,Paid Ads,North America,44,Pro
CUST-01070,2023-09-01,Referral,North America,72,Business
CUST-01071,2023-09-22,Organic Search,Europe,12,Free
CUST-01072,2023-09-16,Content Marketing,North America,13,Free
CUST-01073,2023-09-26,Organic Search,Asia Pacific,7,Free
CUST-01074,2023-09-15,Referral,Asia Pacific,36,Pro
CUST-01075,2023-09-02,Referral,North America,249,Business
CUST-01076,2023-09-25,Referral,North America,25,Pro
CUST-01077,2023-09-09,Paid Ads,Latin America,26,Pro
CUST-01078,2023-09-07,Outbound Sales,Asia Pacific,3609,Enterprise
CUST-01079,2023-09-27,Paid Ads,Europe,17,Free
CUST-01080,2023-09-13,Referral,North America,20,Pro
CUST-01081,2023-09-12,Referral,North America,36,Pro
CUST-01082,2023-09-14,Organic Search,North America,8,Free
CUST-01083,2023-09-05,Organic Search,Europe,4,Free
CUST-01084,2023-09-25,Paid Ads,North America,36,Pro
CUST-01085,2023-09-09,Organic Search,Europe,15,Free
CUST-01086,2023-09-23,Paid Ads,Europe,3,Free
CUST-01087,2023-09-05,Paid Ads,North America,26,Pro
CUST-01088,2023-09-06,Paid Ads,Europe,27,Pro
CUST-01089,2023-09-18,Organic Search,Europe,13,Pro
CUST-01090,2023-09-05,Content Marketing,Europe,12,Free
CUST-01091,2023-09-22,Paid Ads,North America,42,Pro
CUST-01092,2023-09-01,Referral,Asia Pacific,26,Pro
CUST-01093,2023-09-17,Organic Search,Europe,18,Free
CUST-01094,2023-09-24,Paid Ads,North America,19,Pro
CUST-01095,2023-09-02,Organic Search,North America,13,Free
CUST-01096,2023-09-07,Referral,North America,32,Pro
CUST-01097,2023-09-01,Paid Ads,Europe,47,Pro
CUST-01098,2023-09-09,Content Marketing,Europe,6,Free
CUST-01099,2023-09-07,Organic Search,Europe,5,Free
CUST-01100,2023-09-06,Paid Ads,North America,28,Pro
CUST-01101,2023-09-01,Organic Search,North America,6,Free
CUST-01102,2023-09-23,Referral,Asia Pacific,40,Pro
CUST-01103,2023-09-16,Paid Ads,Europe,1,Free
CUST-01104,2023-09-09,Paid Ads,North America,16,Pro
CUST-01105,2023-09-09,Organic Search,North America,6,Free
CUST-01106,2023-09-03,Organic Search,Asia Pacific,28,Pro
CUST-01107,2023-09-14,Organic Search,North America,25,Pro
CUST-01108,2023-09-23,Outbound Sales,North America,828,Enterprise
CUST-01109,2023-09-18,Paid Ads,Europe,225,Business
CUST-01110,2023-09-05,Organic Search,North America,34,Pro
CUST-01111,2023-09-23,Outbound Sales,North America,3582,Enterprise
CUST-01112,2023-09-09,Organic Search,North America,7,Free
CUST-01113,2023-09-05,Paid Ads,North America,217,Business
CUST-01114,2023-09-27,Referral,Europe,19,Free
CUST-01115,2023-09-08,Content Marketing,Asia Pacific,18,Free
CUST-01116,2023-09-14,Referral,North America,46,Pro
CUST-01117,2023-09-07,Paid Ads,Europe,45,Pro
CUST-01118,2023-10-07,Outbound Sales,Europe,3702,Enterprise
CUST-01119,2023-10-11,Paid Ads,Asia Pacific,22,Pro
CUST-01120,2023-10-13,Referral,North America,10,Pro
CUST-01121,2023-10-27,Content Marketing,Asia Pacific,24,Pro
CUST-01122,2023-10-11,Organic Search,North America,17,Free
CUST-01123,2023-10-03,Content Marketing,North America,16,Free
CUST-01124,2023-10-10,Organic Search,North America,2,Free
CUST-01125,2023-10-17,Content Marketing,North America,14,Pro
CUST-01126,2023-10-06,Organic Search,Europe,25,Business
CUST-01127,2023-10-14,Organic Search,Europe,2,Free
CUST-01128,2023-10-15,Paid Ads,Europe,4,Free
CUST-01129,2023-10-02,Paid Ads,Europe,15,Free
CUST-01130,2023-10-08,Content Marketing,Asia Pacific,5,Free
CUST-01131,2023-10-09,Outbound Sales,North America,972,Enterprise
CUST-01132,2023-10-07,Organic Search,North America,163,Business
CUST-01133,2023-10-19,Organic Search,Asia Pacific,191,Business
CUST-01134,2023-10-18,Paid Ads,North America,6,Free
CUST-01135,2023-10-22,Paid Ads,North America,9,Free
CUST-01136,2023-10-01,Paid Ads,North America,5,Free
CUST-01137,2023-10-24,Content Marketing,Europe,8,Free
CUST-01138,2023-10-15,Content Marketing,North America,5,Free
CUST-01139,2023-10-25,Organic Search,Europe,16,Free
CUST-01140,2023-10-27,Paid Ads,North America,13,Free
CUST-01141,2023-10-14,Paid Ads,Latin America,7,Free
CUST-01142,2023-10-14,Paid Ads,Latin America,16,Free
CUST-01143,2023-10-18,Organic Search,North America,11,Free
CUST-01144,2023-10-20,Paid Ads,North America,28,Pro
CUST-01145,2023-10-01,Paid Ads,North America,33,Pro
CUST-01146,2023-10-03,Organic Search,North America,15,Free
CUST-01147,2023-10-08,Referral,North America,38,Pro
CUST-01148,2023-10-27,Organic Search,North America,33,Pro
CUST-01149,2023-10-27,Paid Ads,Europe,21,Pro
CUST-01150,2023-10-21,Paid Ads,North America,36,Pro
CUST-01151,2023-10-14,Content Marketing,Europe,9,Free
CUST-01152,2023-10-26,Organic Search,North America,18,Free
CUST-01153,2023-10-06,Organic Search,North America,19,Free
CUST-01154,2023-10-21,Organic Search,Asia Pacific,28,Pro
CUST-01155,2023-10-02,Paid Ads,North America,9,Free
CUST-01156,2023-10-20,Organic Search,Asia Pacific,48,Pro
CUST-01157,2023-10-12,Referral,Europe,23,Pro
CUST-01158,2023-10-19,Organic Search,Europe,11,Pro
CUST-01159,2023-10-12,Organic Search,Latin America,33,Pro
CUST-01160,2023-10-14,Paid Ads,North America,14,Free
CUST-01161,2023-10-20,Content Marketing,Europe,19,Pro
CUST-01162,2023-10-20,Content Marketing,Europe,8,Free
CUST-01163,2023-10-05,Referral,North America,42,Pro
CUST-01164,2023-10-25,Paid Ads,Asia Pacific,15,Free
CUST-01165,2023-10-19,Referral,North America,3,Pro
CUST-01166,2023-10-23,Referral,North America,34,Pro
CUST-01167,2023-10-04,Organic Search,North America,16,Free
CUST-01168,2023-10-12,Paid Ads,Asia Pacific,9,Free
CUST-01169,2023-10-11,Content Marketing,Europe,6,Free
CUST-01170,2023-10-18,Organic Search,North America,3,Free
CUST-01171,2023-10-06,Referral,Asia Pacific,1,Free
CUST-01172,2023-10-04,Paid Ads,Asia Pacific,17,Pro
CUST-01173,2023-10-13,Paid Ads,Latin America,10,Free
CUST-01174,2023-10-08,Organic Search,North America,28,Pro
CUST-01175,2023-10-08,Referral,Asia Pacific,15,Pro
CUST-01176,2023-10-04,Content Marketing,Europe,45,Pro
CUST-01177,2023-10-12,Organic Search,North America,4,Free
CUST-01178,2023-10-07,Paid Ads,Europe,27,Pro
CUST-01179,2023-10-15,Organic Search,Europe,36,Pro
CUST-01180,2023-10-19,Organic Search,North America,29,Pro
CUST-01181,2023-10-05,Outbound Sales,North America,3071,Enterprise
CUST-01182,2023-10-10,Paid Ads,Europe,19,Pro
CUST-01183,2023-10-03,Paid Ads,Asia Pacific,41,Pro
CUST-01184,2023-10-27,Organic Search,North America,32,Pro
CUST-01185,2023-10-12,Outbound Sales,North America,2468,Enterprise
CUST-01186,2023-10-13,Organic Search,Europe,4,Free
CUST-01187,2023-10-24,Referral,Europe,12,Free
CUST-01188,2023-10-08,Organic Search,Europe,32,Pro
CUST-01189,2023-10-20,Organic Search,Asia Pacific,3,Free
CUST-01190,2023-10-04,Referral,Asia Pacific,26,Pro
CUST-01191,2023-10-04,Organic Search,North America,40,Pro
CUST-01192,2023-10-26,Referral,North America,45,Pro
CUST-01193,2023-10-21,Organic Search,Asia Pacific,8,Free
CUST-01194,2023-10-12,Referral,Latin America,6,Pro
CUST-01195,2023-10-08,Referral,North America,36,Pro
CUST-01196,2023-10-10,Referral,Europe,55,Business
CUST-01197,2023-10-20,Organic Search,Europe,7,Free
CUST-01198,2023-10-18,Referral,Asia Pacific,17,Free
CUST-01199,2023-10-18,Outbound Sales,North America,2523,Enterprise
CUST-01200,2023-10-20,Organic Search,North America,17,Free
CUST-01201,2023-10-24,Organic Search,North America,21,Pro
CUST-01202,2023-10-27,Content Marketing,Europe,12,Free
CUST-01203,2023-10-17,Organic Search,Asia Pacific,4,Pro
CUST-01204,2023-10-19,Referral,Europe,33,Pro
CUST-01205,2023-10-07,Referral,Asia Pacific,12,Free
CUST-01206,2023-10-07,Organic Search,North America,235,Business
CUST-01207,2023-10-10,Paid Ads,North America,5,Pro
CUST-01208,2023-10-05,Paid Ads,North America,35,Pro
CUST-01209,2023-10-07,Organic Search,North America,12,Pro
CUST-01210,2023-10-09,Content Marketing,North America,1,Free
CUST-01211,2023-10-17,Organic Search,Europe,11,Free
CUST-01212,2023-10-24,Paid Ads,North America,14,Free
CUST-01213,2023-10-13,Content Marketing,North America,4,Pro
CUST-01214,2023-10-25,Organic Search,Asia Pacific,6,Free
CUST-01215,2023-10-09,Content Marketing,North America,166,Business
CUST-01216,2023-10-09,Organic Search,North America,4,Free
CUST-01217,2023-10-25,Paid Ads,North America,11,Pro
CUST-01218,2023-10-24,Organic Search,North America,7,Free
CUST-01219,2023-10-17,Referral,North America,33,Pro
CUST-01220,2023-10-13,Content Marketing,North America,19,Free
CUST-01221,2023-10-06,Content Marketing,Europe,7,Free
CUST-01222,2023-10-05,Outbound Sales,Asia Pacific,3266,Enterprise
CUST-01223,2023-10-21,Referral,Europe,13,Free
CUST-01224,2023-10-11,Referral,Europe,41,Pro
CUST-01225,2023-10-06,Paid Ads,Europe,2,Free
CUST-01226,2023-10-08,Content Marketing,North America,5,Pro
CUST-01227,2023-10-17,Referral,Europe,25,Pro
CUST-01228,2023-10-23,Content Marketing,Asia Pacific,8,Free
CUST-01229,2023-10-18,Organic Search,Europe,17,Pro
CUST-01230,2023-10-09,Paid Ads,Europe,22,Pro
CUST-01231,2023-10-01,Referral,North America,7,Pro
CUST-01232,2023-10-15,Organic Search,North America,39,Pro
CUST-01233,2023-10-25,Organic Search,North America,19,Pro
CUST-01234,2023-10-21,Outbound Sales,Asia Pacific,238,Business
CUST-01235,2023-10-09,Paid Ads,North America,4,Free
CUST-01236,2023-10-27,Organic Search,North America,3,Free
CUST-01237,2023-10-05,Organic Search,Asia Pacific,19,Free
CUST-01238,2023-10-12,Paid Ads,North America,224,Business
CUST-01239,2023-10-23,Referral,North America,27,Pro
CUST-01240,2023-10-15,Content Marketing,Europe,14,Free
CUST-01241,2023-10-05,Outbound Sales,North America,2881,Enterprise
CUST-01242,2023-10-04,Referral,North America,9,Free
CUST-01243,2023-10-17,Referral,Europe,245,Business
CUST-01244,2023-10-14,Organic Search,North America,5,Free
CUST-01245,2023-10-13,Content Marketing,North America,5,Free
CUST-01246,2023-10-07,Organic Search,Latin America,31,Pro
CUST-01247,2023-10-10,Organic Search,North America,7,Pro
CUST-01248,2023-10-16,Outbound Sales,North America,2188,Enterprise
CUST-01249,2023-10-26,Content Marketing,North America,17,Free
CUST-01250,2023-10-12,Organic Search,Asia Pacific,19,Free
CUST-01251,2023-10-12,Referral,North America,206,Business
CUST-01252,2023-10-10,Paid Ads,North America,23,Pro
CUST-01253,2023-10-19,Organic Search,Europe,13,Business
CUST-01254,2023-10-24,Organic Search,Asia Pacific,48,Pro
CUST-01255,2023-10-01,Organic Search,North America,34,Pro
CUST-01256,2023-10-13,Paid Ads,Asia Pacific,12,Pro
CUST-01257,2023-10-14,Paid Ads,North America,11,Free
CUST-01258,2023-10-17,Paid Ads,North America,22,Pro
CUST-01259,2023-10-04,Organic Search,Latin America,5,Pro
CUST-01260,2023-10-21,Content Marketing,Europe,205,Business
CUST-01261,2023-10-17,Referral,Europe,14,Free
CUST-01262,2023-10-15,Content Marketing,Europe,5,Free
CUST-01263,2023-10-12,Organic Search,North America,32,Pro
CUST-01264,2023-10-27,Referral,Asia Pacific,10,Free
CUST-01265,2023-10-06,Content Marketing,North America,13,Free
CUST-01266,2023-10-14,Organic Search,Asia Pacific,48,Pro
CUST-01267,2023-10-07,Organic Search,North America,17,Free
CUST-01268,2023-10-16,Organic Search,Europe,3,Pro
CUST-01269,2023-10-09,Organic Search,Latin America,5,Free
CUST-01270,2023-10-14,Paid Ads,Asia Pacific,39,Pro
CUST-01271,2023-10-18,Organic Search,North America,4,Pro
CUST-01272,2023-10-06,Organic Search,Europe,13,Free
CUST-01273,2023-10-09,Referral,North America,8,Free
CUST-01274,2023-10-09,Organic Search,Europe,5,Pro
CUST-01275,2023-10-04,Paid Ads,Latin America,130,Business
CUST-01276,2023-10-20,Referral,Europe,16,Pro
CUST-01277,2023-10-04,Organic Search,Asia Pacific,5,Free
CUST-01278,2023-10-17,Organic Search,Europe,16,Free
CUST-01279,2023-10-05,Organic Search,North America,37,Pro
CUST-01280,2023-10-01,Organic Search,North America,12,Free
CUST-01281,2023-10-18,Paid Ads,Europe,9,Free
CUST-01282,2023-10-19,Organic Search,North America,5,Free
CUST-01283,2023-10-01,Organic Search,Asia Pacific,7,Free
CUST-01284,2023-10-16,Outbound Sales,Asia Pacific,1705,Enterprise
CUST-01285,2023-10-04,Content Marketing,Europe,37,Pro
CUST-01286,2023-10-27,Organic Search,Asia Pacific,7,Pro
CUST-01287,2023-10-21,Organic Search,North America,15,Free
CUST-01288,2023-10-05,Paid Ads,North America,14,Free
CUST-01289,2023-10-05,Content Marketing,Europe,8,Free
CUST-01290,2023-10-26,Content Marketing,North America,7,Free
CUST-01291,2023-10-13,Organic Search,North America,18,Free
CUST-01292,2023-10-25,Organic Search,Latin America,15,Free
CUST-01293,2023-10-11,Paid Ads,Europe,5,Free
CUST-01294,2023-10-04,Content Marketing,North America,2,Free
CUST-01295,2023-10-03,Content Marketing,Europe,17,Free
CUST-01296,2023-10-12,Organic Search,Europe,16,Free
CUST-01297,2023-10-06,Paid Ads,North America,7,Free
CUST-01298,2023-10-25,Organic Search,Asia Pacific,1,Free
CUST-01299,2023-10-20,Referral,North America,38,Pro
CUST-01300,2023-10-03,Content Marketing,North America,20,Pro
CUST-01301,2023-10-04,Paid Ads,Europe,6,Free
CUST-01302,2023-10-08,Organic Search,North America,18,Free
CUST-01303,2023-10-14,Paid Ads,Europe,1,Free
CUST-01304,2023-10-23,Paid Ads,North America,14,Free
CUST-01305,2023-10-07,Content Marketing,North America,8,Free
CUST-01306,2023-10-24,Paid Ads,Asia Pacific,30,Pro
CUST-01307,2023-10-12,Content Marketing,Europe,41,Pro
CUST-01308,2023-10-16,Organic Search,Europe,7,Free
CUST-01309,2023-10-10,Organic Search,Asia Pacific,16,Free
CUST-01310,2023-10-24,Organic Search,North America,17,Free
CUST-01311,2023-10-26,Organic Search,Europe,123,Business
CUST-01312,2023-10-24,Organic Search,Asia Pacific,42,Pro
CUST-01313,2023-10-16,Referral,Asia Pacific,46,Pro
CUST-01314,2023-10-20,Organic Search,North America,29,Pro
CUST-01315,2023-10-27,Organic Search,North America,242,Business
CUST-01316,2023-10-04,Organic Search,North America,15,Free
CUST-01317,2023-10-09,Organic Search,Europe,43,Pro
CUST-01318,2023-10-13,Content Marketing,North America,32,Pro
CUST-01319,2023-10-21,Content Marketing,Europe,47,Pro
CUST-01320,2023-10-07,Organic Search,Latin America,32,Pro
CUST-01321,2023-10-15,Referral,North America,15,Free
CUST-01322,2023-10-10,Referral,Asia Pacific,27,Pro
CUST-01323,2023-10-27,Outbound Sales,Europe,3,Pro
CUST-01324,2023-10-08,Paid Ads,North America,19,Free
CUST-01325,2023-10-10,Organic Search,North America,19,Free
CUST-01326,2023-10-11,Paid Ads,North America,8,Pro
CUST-01327,2023-10-11,Content Marketing,Asia Pacific,1,Free
CUST-01328,2023-11-24,Organic Search,Europe,6,Free
CUST-01329,2023-11-19,Referral,North America,18,Pro
CUST-01330,2023-11-10,Content Marketing,Latin America,5,Free
CUST-01331,2023-11-26,Organic Search,North America,18,Free
CUST-01332,2023-11-05,Organic Search,Europe,17,Free
CUST-01333,2023-11-04,Organic Search,Asia Pacific,2,Free
CUST-01334,2023-11-24,Paid Ads,Europe,7,Free
CUST-01335,2023-11-27,Content Marketing,North America,3,Free
CUST-01336,2023-11-21,Paid Ads,Asia Pacific,36,Pro
CUST-01337,2023-11-09,Paid Ads,North America,30,Pro
CUST-01338,2023-11-26,Referral,Europe,23,Pro
CUST-01339,2023-11-14,Referral,North America,29,Pro
CUST-01340,2023-11-22,Organic Search,Europe,31,Pro
CUST-01341,2023-11-16,Organic Search,North America,45,Pro
CUST-01342,2023-11-12,Paid Ads,Asia Pacific,3,Pro
CUST-01343,2023-11-15,Content Marketing,Europe,49,Pro
CUST-01344,2023-11-25,Referral,Asia Pacific,9,Free
CUST-01345,2023-11-02,Referral,Europe,5,Pro
CUST-01346,2023-11-20,Content Marketing,Europe,16,Pro
CUST-01347,2023-11-08,Organic Search,Europe,15,Free
CUST-01348,2023-11-07,Organic Search,Europe,43,Pro
CUST-01349,2023-11-17,Organic Search,Asia Pacific,19,Free
CUST-01350,2023-11-09,Content Marketing,Europe,6,Free
CUST-01351,2023-11-01,Paid Ads,Europe,46,Pro
CUST-01352,2023-11-21,Organic Search,Asia Pacific,31,Pro
CUST-01353,2023-11-12,Organic Search,North America,5,Free
CUST-01354,2023-11-02,Referral,Europe,3,Free
CUST-01355,2023-11-08,Referral,Europe,10,Free
CUST-01356,2023-11-16,Referral,North America,10,Pro
CUST-01357,2023-11-22,Organic Search,Asia Pacific,12,Free
CUST-01358,2023-11-07,Content Marketing,Europe,16,Free
CUST-01359,2023-11-12,Referral,North America,49,Pro
CUST-01360,2023-11-13,Referral,Asia Pacific,3,Free
CUST-01361,2023-11-08,Referral,North America,19,Pro
CUST-01362,2023-11-22,Content Marketing,Asia Pacific,16,Free
CUST-01363,2023-11-12,Content Marketing,Asia Pacific,15,Free
CUST-01364,2023-11-04,Paid Ads,Europe,3,Free
CUST-01365,2023-11-07,Paid Ads,Europe,19,Free
CUST-01366,2023-11-23,Paid Ads,Europe,35,Pro
CUST-01367,2023-11-10,Content Marketing,Asia Pacific,34,Pro
CUST-01368,2023-11-25,Referral,Europe,31,Pro
CUST-01369,2023-11-21,Organic Search,Europe,6,Free
CUST-01370,2023-11-11,Organic Search,Asia Pacific,10,Free
CUST-01371,2023-11-12,Content Marketing,Europe,17,Free
CUST-01372,2023-11-06,Content Marketing,North America,13,Free
CUST-01373,2023-11-15,Outbound Sales,Asia Pacific,1409,Enterprise
CUST-01374,2023-11-24,Paid Ads,Europe,11,Free
CUST-01375,2023-11-04,Content Marketing,North America,10,Pro
CUST-01376,2023-11-02,Content Marketing,Asia Pacific,151,Business
CUST-01377,2023-11-02,Organic Search,North America,42,Pro
CUST-01378,2023-11-12,Organic Search,Europe,6,Pro
CUST-01379,2023-11-02,Outbound Sales,Asia Pacific,3927,Enterprise
CUST-01380,2023-11-15,Organic Search,Asia Pacific,44,Pro
CUST-01381,2023-11-03,Paid Ads,Europe,163,Business
CUST-01382,2023-11-27,Referral,Asia Pacific,5,Free
CUST-01383,2023-11-21,Referral,North America,14,Free
CUST-01384,2023-11-24,Organic Search,North America,13,Free
CUST-01385,2023-11-18,Referral,Asia Pacific,194,Business
CUST-01386,2023-11-09,Organic Search,Asia Pacific,6,Free
CUST-01387,2023-11-19,Content Marketing,Asia Pacific,3,Free
CUST-01388,2023-11-26,Organic Search,North America,25,Pro
CUST-01389,2023-11-25,Referral,Europe,5,Pro
CUST-01390,2023-11-18,Content Marketing,Europe,1,Free
CUST-01391,2023-11-19,Organic Search,Asia Pacific,19,Pro
CUST-01392,2023-11-26,Organic Search,North America,18,Free
CUST-01393,2023-11-01,Content Marketing,Latin America,65,Business
CUST-01394,2023-11-21,Organic Search,Asia Pacific,7,Free
CUST-01395,2023-11-04,Organic Search,Europe,5,Free
CUST-01396,2023-11-02,Paid Ads,North America,1,Free
CUST-01397,2023-11-21,Content Marketing,Asia Pacific,7,Free
CUST-01398,2023-11-12,Paid Ads,Europe,34,Pro
CUST-01399,2023-11-10,Paid Ads,Europe,13,Free
CUST-01400,2023-11-24,Outbound Sales,Asia Pacific,956,Enterprise
CUST-01401,2023-11-07,Paid Ads,Europe,7,Free
CUST-01402,2023-11-15,Paid Ads,Europe,13,Free
CUST-01403,2023-11-27,Paid Ads,North America,20,Pro
CUST-01404,2023-11-24,Organic Search,Europe,41,Business
CUST-01405,2023-11-24,Organic Search,Asia Pacific,16,Free
CUST-01406,2023-11-13,Referral,Asia Pacific,249,Business
CUST-01407,2023-11-04,Organic Search,Europe,18,Pro
CUST-01408,2023-11-17,Referral,Asia Pacific,2,Free
CUST-01409,2023-11-18,Organic Search,Asia Pacific,26,Pro
CUST-01410,2023-11-17,Paid Ads,North America,16,Free
CUST-01411,2023-11-14,Organic Search,Europe,31,Pro
CUST-01412,2023-11-23,Paid Ads,Europe,39,Pro
CUST-01413,2023-11-14,Referral,Asia Pacific,16,Free
CUST-01414,2023-11-20,Paid Ads,Europe,10,Free
CUST-01415,2023-11-09,Organic Search,Asia Pacific,13,Pro
CUST-01416,2023-11-12,Organic Search,North America,6,Free
CUST-01417,2023-11-20,Content Marketing,Asia Pacific,25,Pro
CUST-01418,2023-11-05,Organic Search,North America,10,Free
CUST-01419,2023-11-15,Content Marketing,North America,18,Pro
CUST-01420,2023-11-09,Organic Search,Europe,44,Pro
CUST-01421,2023-11-15,Organic Search,Europe,12,Free
CUST-01422,2023-11-14,Referral,Asia Pacific,17,Free
CUST-01423,2023-11-11,Paid Ads,North America,6,Free
CUST-01424,2023-11-16,Organic Search,North America,13,Free
CUST-01425,2023-11-26,Outbound Sales,Asia Pacific,3579,Enterprise
CUST-01426,2023-11-22,Organic Search,North America,19,Free
CUST-01427,2023-11-01,Paid Ads,Asia Pacific,34,Business
CUST-01428,2023-11-23,Paid Ads,North America,12,Free
CUST-01429,2023-11-15,Paid Ads,Europe,23,Pro
CUST-01430,2023-11-01,Content Marketing,Europe,11,Free
CUST-01431,2023-11-19,Organic Search,Asia Pacific,49,Pro
CUST-01432,2023-11-20,Content Marketing,Asia Pacific,9,Free
CUST-01433,2023-11-18,Referral,North America,12,Free
CUST-01434,2023-11-05,Outbound Sales,North America,2469,Enterprise
CUST-01435,2023-11-17,Content Marketing,Europe,11,Free
CUST-01436,2023-11-08,Content Marketing,Europe,19,Free
CUST-01437,2023-11-22,Paid Ads,North America,10,Free
CUST-01438,2023-11-02,Paid Ads,Europe,101,Business
CUST-01439,2023-11-23,Paid Ads,North America,15,Free
CUST-01440,2023-11-16,Referral,Latin America,17,Free
CUST-01441,2023-11-01,Paid Ads,Asia Pacific,11,Free
CUST-01442,2023-11-23,Referral,North America,8,Pro
CUST-01443,2023-11-23,Organic Search,North America,11,Pro
CUST-01444,2023-11-22,Content Marketing,North America,15,Free
CUST-01445,2023-11-18,Organic Search,Asia Pacific,28,Pro
CUST-01446,2023-11-04,Content Marketing,North America,38,Pro
CUST-01447,2023-11-15,Organic Search,North America,142,Business
CUST-01448,2023-11-17,Organic Search,North America,11,Free
CUST-01449,2023-11-24,Content Marketing,Asia Pacific,40,Pro
CUST-01450,2023-11-01,Content Marketing,Europe,14,Free
CUST-01451,2023-11-16,Referral,North America,16,Pro
CUST-01452,2023-11-23,Outbound Sales,Asia Pacific,185,Business
CUST-01453,2023-11-27,Organic Search,North America,7,Pro
CUST-01454,2023-11-07,Content Marketing,North America,12,Free
CUST-01455,2023-11-07,Paid Ads,Europe,1,Free
CUST-01456,2023-11-23,Paid Ads,Europe,19,Free
CUST-01457,2023-11-04,Paid Ads,Europe,40,Pro
CUST-01458,2023-11-08,Organic Search,North America,24,Pro
CUST-01459,2023-11-10,Paid Ads,Europe,11,Free
CUST-01460,2023-11-13,Referral,North America,13,Pro
CUST-01461,2023-11-12,Organic Search,North America,27,Pro
CUST-01462,2023-11-03,Content Marketing,Europe,6,Pro
CUST-01463,2023-11-01,Paid Ads,North America,43,Pro
CUST-01464,2023-11-09,Organic Search,Europe,4,Free
CUST-01465,2023-11-21,Referral,North America,5,Pro
CUST-01466,2023-11-22,Organic Search,Europe,12,Free
CUST-01467,2023-11-15,Organic Search,North America,15,Free
CUST-01468,2023-11-06,Referral,Latin America,173,Business
CUST-01469,2023-11-05,Organic Search,North America,42,Pro
CUST-01470,2023-11-15,Organic Search,Europe,8,Pro
CUST-01471,2023-11-19,Referral,North America,159,Business
CUST-01472,2023-11-11,Organic Search,North America,8,Free
CUST-01473,2023-11-03,Content Marketing,Europe,165,Business
CUST-01474,2023-11-25,Content Marketing,Latin America,24,Pro
CUST-01475,2023-11-16,Organic Search,North America,38,Pro
CUST-01476,2023-11-23,Paid Ads,Asia Pacific,19,Pro
CUST-01477,2023-11-16,Organic Search,North America,30,Pro
CUST-01478,2023-11-14,Referral,North America,3,Free
CUST-01479,2023-11-22,Organic Search,Asia Pacific,20,Pro
CUST-01480,2023-11-19,Content Marketing,Asia Pacific,48,Pro
CUST-01481,2023-11-04,Organic Search,Europe,11,Free
CUST-01482,2023-11-23,Referral,North America,9,Free
CUST-01483,2023-11-27,Organic Search,Latin America,24,Pro
CUST-01484,2023-11-24,Organic Search,North America,32,Pro
CUST-01485,2023-11-05,Paid Ads,Asia Pacific,39,Pro
CUST-01486,2023-11-05,Paid Ads,Latin America,4,Free
CUST-01487,2023-11-04,Outbound Sales,Europe,1445,Enterprise
CUST-01488,2023-11-24,Organic Search,Latin America,7,Free
CUST-01489,2023-11-06,Organic Search,North America,187,Business
CUST-01490,2023-11-01,Paid Ads,Europe,16,Free
CUST-01491,2023-11-15,Paid Ads,Latin America,39,Pro
CUST-01492,2023-11-03,Content Marketing,North America,11,Free
CUST-01493,2023-11-12,Content Marketing,Europe,14,Free
CUST-01494,2023-11-07,Content Marketing,Asia Pacific,38,Pro
CUST-01495,2023-11-04,Organic Search,North America,18,Free
CUST-01496,2023-11-24,Paid Ads,Asia Pacific,7,Pro
CUST-01497,2023-11-05,Referral,North America,15,Pro
CUST-01498,2023-11-24,Organic Search,North America,19,Free
CUST-01499,2023-11-08,Referral,North America,3,Pro
CUST-01500,2023-11-02,Organic Search,Asia Pacific,2,Free
CUST-01501,2023-11-22,Organic Search,North America,2,Free
CUST-01502,2023-11-10,Content Marketing,Europe,33,Pro
CUST-01503,2023-11-06,Organic Search,Asia Pacific,2,Free
CUST-01504,2023-11-03,Outbound Sales,Europe,33,Pro
CUST-01505,2023-11-14,Organic Search,Asia Pacific,10,Free
CUST-01506,2023-11-20,Organic Search,North America,1,Free
CUST-01507,2023-11-17,Organic Search,North America,1,Free
CUST-01508,2023-11-11,Organic Search,Latin America,36,Pro
CUST-01509,2023-11-18,Paid Ads,Europe,1,Free
CUST-01510,2023-11-06,Organic Search,Europe,15,Free
CUST-01511,2023-11-12,Referral,Asia Pacific,183,Business
CUST-01512,2023-11-04,Content Marketing,Latin America,10,Business
CUST-01513,2023-11-03,Paid Ads,Europe,12,Free
CUST-01514,2023-11-26,Organic Search,North America,4,Free
CUST-01515,2023-11-11,Paid Ads,Asia Pacific,9,Free
CUST-01516,2023-11-01,Content Marketing,Asia Pacific,9,Free
CUST-01517,2023-11-19,Paid Ads,North America,3,Free
CUST-01518,2023-11-09,Organic Search,North America,5,Free
CUST-01519,2023-11-15,Paid Ads,North America,19,Free
CUST-01520,2023-11-18,Paid Ads,North America,7,Free
CUST-01521,2023-11-09,Organic Search,North America,15,Pro
CUST-01522,2023-11-06,Organic Search,Latin America,13,Free
CUST-01523,2023-11-06,Outbound Sales,Europe,175,Business
CUST-01524,2023-11-18,Organic Search,North America,9,Free
CUST-01525,2023-11-21,Organic Search,Europe,21,Pro
CUST-01526,2023-11-20,Organic Search,Asia Pacific,16,Free
CUST-01527,2023-11-10,Paid Ads,Asia Pacific,11,Pro
CUST-01528,2023-11-03,Paid Ads,Europe,4,Free
CUST-01529,2023-11-01,Organic Search,North America,14,Pro
CUST-01530,2023-11-16,Paid Ads,Europe,2,Pro
CUST-01531,2023-11-25,Referral,Europe,15,Pro
CUST-01532,2023-11-13,Organic Search,Europe,37,Pro
CUST-01533,2023-11-27,Content Marketing,Europe,13,Free
CUST-01534,2023-11-12,Organic Search,North America,15,Free
CUST-01535,2023-11-20,Organic Search,Latin America,11,Free
CUST-01536,2023-11-12,Outbound Sales,North America,4966,Enterprise
CUST-01537,2023-11-22,Content Marketing,Europe,8,Free
CUST-01538,2023-11-20,Paid Ads,North America,6,Pro
CUST-01539,2023-11-17,Content Marketing,North America,35,Pro
CUST-01540,2023-11-04,Paid Ads,Asia Pacific,12,Pro
CUST-01541,2023-11-02,Paid Ads,Europe,15,Free
CUST-01542,2023-11-05,Content Marketing,Asia Pacific,12,Free
CUST-01543,2023-11-14,Referral,Latin America,4,Pro
CUST-01544,2023-11-06,Organic Search,Europe,25,Pro
CUST-01545,2023-11-11,Paid Ads,Europe,8,Free
CUST-01546,2023-11-23,Paid Ads,North America,3,Free
CUST-01547,2023-11-11,Organic Search,Asia Pacific,7,Free
CUST-01548,2023-11-05,Outbound Sales,North America,1525,Enterprise
CUST-01549,2023-11-06,Paid Ads,Europe,8,Free
CUST-01550,2023-11-06,Paid Ads,Europe,18,Free
CUST-01551,2023-11-14,Paid Ads,North America,29,Pro
CUST-01552,2023-11-09,Paid Ads,Europe,3,Free
CUST-01553,2023-11-25,Organic Search,Europe,24,Pro
CUST-01554,2023-11-07,Outbound Sales,Asia Pacific,4135,Enterprise
CUST-01555,2023-11-12,Referral,North America,31,Pro
CUST-01556,2023-11-16,Referral,Asia Pacific,25,Pro
CUST-01557,2023-11-02,Paid Ads,North America,22,Pro
CUST-01558,2023-11-03,Organic Search,North America,26,Pro
CUST-01559,2023-11-17,Organic Search,Latin America,95,Business
CUST-01560,2023-11-06,Paid Ads,Asia Pacific,4,Free
CUST-01561,2023-12-06,Paid Ads,Europe,3,Free
CUST-01562,2023-12-06,Content Marketing,Latin America,7,Pro
CUST-01563,2023-12-01,Content Marketing,North America,22,Pro
CUST-01564,2023-12-26,Referral,Europe,25,Pro
CUST-01565,2023-12-13,Organic Search,North America,6,Pro
CUST-01566,2023-12-19,Paid Ads,Asia Pacific,12,Free
CUST-01567,2023-12-19,Organic Search,Europe,14,Free
CUST-01568,2023-12-01,Content Marketing,North America,45,Pro
CUST-01569,2023-12-13,Organic Search,North America,3,Free
CUST-01570,2023-12-12,Organic Search,North America,12,Free
CUST-01571,2023-12-17,Referral,Asia Pacific,10,Free
CUST-01572,2023-12-09,Paid Ads,Europe,17,Free
CUST-01573,2023-12-14,Content Marketing,Europe,37,Pro
CUST-01574,2023-12-22,Organic Search,Asia Pacific,202,Business
CUST-01575,2023-12-19,Content Marketing,North America,5,Free
CUST-01576,2023-12-21,Organic Search,Europe,19,Pro
CUST-01577,2023-12-14,Organic Search,North America,18,Free
CUST-01578,2023-12-21,Paid Ads,Europe,19,Free
CUST-01579,2023-12-14,Organic Search,Asia Pacific,40,Pro
CUST-01580,2023-12-20,Paid Ads,North America,9,Pro
CUST-01581,2023-12-16,Organic Search,North America,4,Pro
CUST-01582,2023-12-20,Organic Search,North America,43,Pro
CUST-01583,2023-12-11,Referral,Asia Pacific,201,Business
CUST-01584,2023-12-16,Organic Search,Latin America,34,Pro
CUST-01585,2023-12-22,Referral,North America,18,Free
CUST-01586,2023-12-10,Referral,North America,22,Pro
CUST-01587,2023-12-24,Organic Search,Europe,49,Pro
CUST-01588,2023-12-24,Referral,Latin America,37,Pro
CUST-01589,2023-12-01,Organic Search,Europe,9,Free
CUST-01590,2023-12-18,Paid Ads,North America,167,Business
CUST-01591,2023-12-23,Organic Search,North America,17,Pro
CUST-01592,2023-12-13,Content Marketing,Europe,5,Free
CUST-01593,2023-12-25,Paid Ads,Europe,13,Free
CUST-01594,2023-12-24,Paid Ads,Europe,11,Free
CUST-01595,2023-12-26,Outbound Sales,North America,4515,Enterprise
CUST-01596,2023-12-16,Organic Search,Europe,17,Free
CUST-01597,2023-12-05,Content Marketing,North America,39,Pro
CUST-01598,2023-12-13,Referral,North America,2,Pro
CUST-01599,2023-12-06,Content Marketing,Europe,38,Pro
CUST-01600,2023-12-13,Content Marketing,Latin America,5,Free
CUST-01601,2023-12-10,Outbound Sales,North America,6,Pro
CUST-01602,2023-12-01,Organic Search,North America,75,Business
CUST-01603,2023-12-08,Content Marketing,North America,15,Pro
CUST-01604,2023-12-02,Content Marketing,Europe,194,Business
CUST-01605,2023-12-04,Referral,North America,24,Pro
CUST-01606,2023-12-21,Organic Search,Europe,46,Pro
CUST-01607,2023-12-25,Outbound Sales,North America,943,Enterprise
CUST-01608,2023-12-23,Organic Search,North America,5,Pro
CUST-01609,2023-12-20,Paid Ads,Europe,1,Free
CUST-01610,2023-12-07,Paid Ads,Asia Pacific,7,Free
CUST-01611,2023-12-05,Organic Search,North America,40,Pro
CUST-01612,2023-12-04,Referral,Asia Pacific,35,Pro
CUST-01613,2023-12-13,Organic Search,North America,8,Pro
CUST-01614,2023-12-26,Referral,North America,27,Pro
CUST-01615,2023-12-16,Content Marketing,Europe,14,Free
CUST-01616,2023-12-25,Paid Ads,Europe,15,Free
CUST-01617,2023-12-18,Referral,Europe,45,Pro
CUST-01618,2023-12-17,Organic Search,Europe,12,Pro
CUST-01619,2023-12-27,Content Marketing,Asia Pacific,8,Free
CUST-01620,2023-12-17,Outbound Sales,Asia Pacific,4748,Enterprise
CUST-01621,2023-12-13,Organic Search,North America,18,Pro
CUST-01622,2023-12-27,Referral,North America,1,Free
CUST-01623,2023-12-07,Paid Ads,Europe,34,Pro
CUST-01624,2023-12-22,Paid Ads,Europe,16,Pro
CUST-01625,2023-12-07,Referral,North America,197,Business
CUST-01626,2023-12-11,Paid Ads,North America,2,Free
CUST-01627,2023-12-08,Paid Ads,North America,19,Free
CUST-01628,2023-12-03,Organic Search,Asia Pacific,2,Free
CUST-01629,2023-12-03,Paid Ads,North America,28,Pro
CUST-01630,2023-12-07,Content Marketing,Europe,8,Free
CUST-01631,2023-12-27,Organic Search,North America,10,Pro
CUST-01632,2023-12-23,Paid Ads,North America,4,Free
CUST-01633,2023-12-22,Organic Search,North America,12,Free
CUST-01634,2023-12-12,Content Marketing,North America,1,Free
CUST-01635,2023-12-18,Paid Ads,Asia Pacific,19,Free
CUST-01636,2023-12-19,Paid Ads,North America,20,Pro
CUST-01637,2023-12-24,Organic Search,North America,32,Pro
CUST-01638,2023-12-08,Paid Ads,Asia Pacific,23,Pro
CUST-01639,2023-12-22,Outbound Sales,Europe,88,Business
CUST-01640,2023-12-23,Paid Ads,North America,14,Free
CUST-01641,2023-12-17,Paid Ads,North America,14,Free
CUST-01642,2023-12-01,Referral,North America,6,Free
CUST-01643,2023-12-18,Paid Ads,North America,37,Pro
CUST-01644,2023-12-15,Paid Ads,Europe,130,Business
CUST-01645,2023-12-17,Organic Search,North America,8,Pro
CUST-01646,2023-12-12,Organic Search,Asia Pacific,70,Business
CUST-01647,2023-12-04,Referral,Asia Pacific,17,Pro
CUST-01648,2023-12-20,Content Marketing,North America,36,Pro
CUST-01649,2023-12-06,Content Marketing,Europe,5,Pro
CUST-01650,2023-12-09,Content Marketing,North America,13,Pro
CUST-01651,2023-12-19,Paid Ads,Europe,13,Free
CUST-01652,2023-12-25,Organic Search,Europe,19,Free
CUST-01653,2023-12-18,Referral,Europe,12,Free
CUST-01654,2023-12-23,Outbound Sales,Europe,388,Enterprise
CUST-01655,2023-12-26,Referral,North America,1,Free
CUST-01656,2023-12-13,Paid Ads,Europe,23,Pro
CUST-01657,2023-12-25,Referral,North America,11,Pro
CUST-01658,2023-12-08,Content Marketing,Europe,3,Pro
CUST-01659,2023-12-20,Content Marketing,North America,10,Free
CUST-01660,2023-12-17,Referral,North America,16,Pro
CUST-01661,2023-12-13,Paid Ads,North America,92,Business
CUST-01662,2023-12-15,Organic Search,North America,22,Pro
CUST-01663,2023-12-05,Paid Ads,North America,9,Pro
CUST-01664,2023-12-18,Organic Search,North America,5,Pro
CUST-01665,2023-12-20,Content Marketing,Asia Pacific,32,Pro
CUST-01666,2023-12-13,Paid Ads,Europe,19,Pro
CUST-01667,2023-12-12,Paid Ads,North America,8,Free
CUST-01668,2023-12-11,Paid Ads,Europe,1,Free
CUST-01669,2023-12-21,Referral,North America,3,Free
CUST-01670,2023-12-15,Paid Ads,Asia Pacific,28,Pro
CUST-01671,2023-12-03,Organic Search,Asia Pacific,24,Pro
CUST-01672,2023-12-17,Content Marketing,North America,229,Business
CUST-01673,2023-12-17,Paid Ads,North America,15,Pro
CUST-01674,2023-12-01,Paid Ads,North America,15,Free
CUST-01675,2023-12-17,Organic Search,North America,7,Free
CUST-01676,2023-12-19,Paid Ads,Europe,3,Free
CUST-01677,2023-12-21,Referral,North America,1,Free
CUST-01678,2023-12-03,Content Marketing,Europe,212,Business
CUST-01679,2023-12-12,Organic Search,Asia Pacific,15,Pro
CUST-01680,2023-12-16,Outbound Sales,North America,1475,Enterprise
CUST-01681,2023-12-09,Referral,Europe,168,Business
CUST-01682,2023-12-13,Organic Search,Asia Pacific,19,Pro
CUST-01683,2023-12-10,Organic Search,North America,3,Pro
CUST-01684,2023-12-27,Organic Search,Europe,45,Pro
CUST-01685,2023-12-11,Content Marketing,North America,41,Pro
CUST-01686,2023-12-20,Organic Search,North America,26,Pro
CUST-01687,2023-12-17,Paid Ads,North America,12,Free
CUST-01688,2023-12-14,Referral,Europe,2,Free
CUST-01689,2023-12-21,Content Marketing,Europe,14,Free
CUST-01690,2023-12-09,Referral,North America,199,Business
CUST-01691,2023-12-18,Referral,Europe,8,Pro
CUST-01692,2023-12-06,Organic Search,Asia Pacific,48,Pro
CUST-01693,2023-12-11,Content Marketing,North America,25,Pro
CUST-01694,2023-12-11,Organic Search,Europe,42,Pro
CUST-01695,2023-12-15,Organic Search,Asia Pacific,38,Pro
CUST-01696,2023-12-22,Outbound Sales,Europe,4298,Enterprise
CUST-01697,2023-12-10,Organic Search,North America,2,Free
CUST-01698,2023-12-06,Organic Search,Europe,8,Free
CUST-01699,2023-12-04,Referral,North America,7,Pro
CUST-01700,2023-12-26,Organic Search,Europe,245,Business
CUST-01701,2023-12-16,Organic Search,North America,38,Pro
CUST-01702,2023-12-24,Paid Ads,North America,33,Pro
CUST-01703,2023-12-14,Referral,Asia Pacific,38,Pro
CUST-01704,2023-12-27,Content Marketing,North America,40,Pro
CUST-01705,2023-12-02,Organic Search,North America,5,Free
CUST-01706,2023-12-25,Paid Ads,Latin America,44,Pro
CUST-01707,2023-12-20,Content Marketing,Latin America,6,Pro
CUST-01708,2023-12-03,Organic Search,Europe,15,Free
CUST-01709,2023-12-06,Organic Search,North America,12,Free
CUST-01710,2024-01-18,Outbound Sales,Latin America,743,Enterprise
CUST-01711,2024-01-07,Paid Ads,North America,9,Free
CUST-01712,2024-01-11,Referral,Latin America,46,Business
CUST-01713,2024-01-08,Paid Ads,Europe,10,Free
CUST-01714,2024-01-10,Organic Search,North America,137,Business
CUST-01715,2024-01-11,Organic Search,North America,2,Free
CUST-01716,2024-01-16,Organic Search,North America,47,Pro
CUST-01717,2024-01-01,Organic Search,North America,17,Free
CUST-01718,2024-01-11,Organic Search,North America,8,Free
CUST-01719,2024-01-26,Organic Search,Europe,27,Pro
CUST-01720,2024-01-18,Organic Search,Europe,2,Free
CUST-01721,2024-01-15,Content Marketing,North America,8,Free
CUST-01722,2024-01-07,Organic Search,Europe,41,Pro
CUST-01723,2024-01-26,Organic Search,North America,78,Business
CUST-01724,2024-01-22,Paid Ads,Asia Pacific,20,Pro
CUST-01725,2024-01-21,Paid Ads,Europe,14,Free
CUST-01726,2024-01-05,Paid Ads,North America,7,Pro
CUST-01727,2024-01-16,Organic Search,Europe,14,Free
CUST-01728,2024-01-19,Referral,Asia Pacific,228,Business
CUST-01729,2024-01-10,Paid Ads,Europe,6,Free
CUST-01730,2024-01-10,Referral,North America,16,Free
CUST-01731,2024-01-02,Paid Ads,Europe,17,Free
CUST-01732,2024-01-18,Paid Ads,North America,19,Free
CUST-01733,2024-01-04,Paid Ads,North America,23,Pro
CUST-01734,2024-01-19,Organic Search,Europe,178,Business
CUST-01735,2024-01-25,Paid Ads,Asia Pacific,12,Free
CUST-01736,2024-01-07,Organic Search,Europe,17,Free
CUST-01737,2024-01-01,Organic Search,North America,32,Pro
CUST-01738,2024-01-08,Referral,Asia Pacific,62,Business
CUST-01739,2024-01-13,Organic Search,North America,202,Business
CUST-01740,2024-01-13,Organic Search,North America,48,Pro
CUST-01741,2024-01-12,Referral,North America,49,Pro
CUST-01742,2024-01-04,Paid Ads,Europe,11,Free
CUST-01743,2024-01-05,Content Marketing,Europe,16,Free
CUST-01744,2024-01-21,Content Marketing,Europe,5,Free
CUST-01745,2024-01-20,Outbound Sales,Asia Pacific,145,Business
CUST-01746,2024-01-20,Paid Ads,Asia Pacific,7,Free
CUST-01747,2024-01-20,Organic Search,Europe,5,Pro
CUST-01748,2024-01-22,Paid Ads,Europe,228,Business
CUST-01749,2024-01-26,Referral,Asia Pacific,43,Pro
CUST-01750,2024-01-16,Referral,North America,19,Free
CUST-01751,2024-01-22,Organic Search,Europe,9,Free
CUST-01752,2024-01-20,Organic Search,North America,91,Business
CUST-01753,2024-01-01,Organic Search,Europe,9,Free
CUST-01754,2024-01-20,Organic Search,Europe,9,Pro
CUST-01755,2024-01-01,Organic Search,North America,8,Pro
CUST-01756,2024-01-25,Content Marketing,Latin America,19,Free
CUST-01757,2024-01-12,Organic Search,North America,16,Free
CUST-01758,2024-01-02,Paid Ads,North America,12,Pro
CUST-01759,2024-01-09,Content Marketing,North America,13,Free
CUST-01760,2024-01-15,Paid Ads,Europe,7,Free
CUST-01761,2024-01-14,Paid Ads,Europe,2,Free
CUST-01762,2024-01-04,Referral,Latin America,31,Pro
CUST-01763,2024-01-19,Organic Search,Europe,39,Pro
CUST-01764,2024-01-01,Paid Ads,North America,17,Free
CUST-01765,2024-01-11,Content Marketing,Europe,249,Business
CUST-01766,2024-01-05,Referral,North America,45,Pro
CUST-01767,2024-01-22,Content Marketing,Europe,49,Pro
CUST-01768,2024-01-23,Outbound Sales,Europe,2800,Enterprise
CUST-01769,2024-01-20,Paid Ads,Europe,18,Free
CUST-01770,2024-01-06,Referral,North America,5,Free
CUST-01771,2024-01-04,Paid Ads,Europe,16,Free
CUST-01772,2024-01-01,Referral,North America,37,Pro
CUST-01773,2024-01-27,Referral,North America,39,Pro
CUST-01774,2024-01-06,Referral,North America,38,Pro
CUST-01775,2024-01-22,Content Marketing,Europe,12,Free
CUST-01776,2024-01-14,Paid Ads,Europe,16,Free
CUST-01777,2024-01-08,Referral,Europe,34,Business
CUST-01778,2024-01-13,Organic Search,Asia Pacific,3,Pro
CUST-01779,2024-01-06,Paid Ads,Asia Pacific,11,Business
CUST-01780,2024-01-15,Referral,Europe,31,Pro
CUST-01781,2024-01-17,Content Marketing,Asia Pacific,19,Pro
CUST-01782,2024-01-13,Paid Ads,North America,7,Free
CUST-01783,2024-01-02,Paid Ads,Europe,18,Pro
CUST-01784,2024-01-15,Organic Search,Asia Pacific,46,Pro
CUST-01785,2024-01-02,Organic Search,Europe,3,Free
CUST-01786,2024-01-25,Organic Search,Europe,7,Free
CUST-01787,2024-01-25,Content Marketing,Asia Pacific,12,Free
CUST-01788,2024-01-20,Organic Search,North America,17,Free
CUST-01789,2024-01-18,Outbound Sales,North America,1911,Enterprise
CUST-01790,2024-01-20,Organic Search,Asia Pacific,9,Pro
CUST-01791,2024-01-04,Referral,North America,15,Free
CUST-01792,2024-01-22,Paid Ads,Asia Pacific,18,Pro
CUST-01793,2024-01-06,Referral,Europe,17,Free
CUST-01794,2024-01-23,Referral,North America,8,Pro
CUST-01795,2024-01-27,Referral,Europe,12,Free
CUST-01796,2024-01-25,Content Marketing,North America,31,Pro
CUST-01797,2024-01-18,Paid Ads,Europe,38,Pro
CUST-01798,2024-01-15,Organic Search,Europe,18,Pro
CUST-01799,2024-01-22,Organic Search,North America,40,Pro
CUST-01800,2024-01-11,Referral,North America,5,Free
CUST-01801,2024-01-17,Paid Ads,North America,14,Free
CUST-01802,2024-01-24,Paid Ads,North America,16,Free
CUST-01803,2024-01-09,Paid Ads,Europe,170,Business
CUST-01804,2024-01-11,Paid Ads,North America,10,Free
CUST-01805,2024-01-10,Content Marketing,Asia Pacific,140,Business
CUST-01806,2024-01-08,Referral,Europe,43,Business
CUST-01807,2024-01-24,Referral,North America,5,Pro
CUST-01808,2024-01-11,Referral,Europe,29,Pro
CUST-01809,2024-01-14,Content Marketing,Europe,242,Business
CUST-01810,2024-01-15,Paid Ads,Asia Pacific,3,Free
CUST-01811,2024-01-02,Outbound Sales,Asia Pacific,1348,Enterprise
CUST-01812,2024-01-10,Organic Search,Europe,1,Free
CUST-01813,2024-01-04,Referral,North America,17,Pro
CUST-01814,2024-01-26,Referral,North America,11,Free
CUST-01815,2024-01-11,Paid Ads,Europe,44,Pro
CUST-01816,2024-01-08,Organic Search,North America,2,Pro
CUST-01817,2024-01-21,Paid Ads,Europe,36,Pro
CUST-01818,2024-01-05,Paid Ads,Asia Pacific,22,Pro
CUST-01819,2024-01-22,Content Marketing,North America,16,Free
CUST-01820,2024-01-09,Paid Ads,Latin America,25,Pro
CUST-01821,2024-01-23,Organic Search,Europe,5,Pro
CUST-01822,2024-01-03,Paid Ads,North America,2,Free
CUST-01823,2024-01-10,Paid Ads,Europe,107,Business
CUST-01824,2024-01-26,Organic Search,North America,12,Free
CUST-01825,2024-01-22,Paid Ads,North America,5,Free
CUST-01826,2024-01-01,Paid Ads,North America,10,Free
CUST-01827,2024-01-01,Organic Search,North America,4,Free
CUST-01828,2024-01-24,Paid Ads,Asia Pacific,17,Free
CUST-01829,2024-01-09,Paid Ads,North America,33,Pro
CUST-01830,2024-01-15,Content Marketing,Asia Pacific,234,Business
CUST-01831,2024-01-14,Paid Ads,North America,15,Free
CUST-01832,2024-01-26,Organic Search,North America,2,Pro
CUST-01833,2024-01-06,Outbound Sales,Europe,2699,Enterprise
CUST-01834,2024-01-03,Paid Ads,Asia Pacific,36,Pro
CUST-01835,2024-01-23,Organic Search,Europe,19,Pro
CUST-01836,2024-01-13,Content Marketing,Asia Pacific,14,Free
CUST-01837,2024-01-06,Organic Search,North America,11,Free
CUST-01838,2024-01-21,Content Marketing,Europe,3,Free
CUST-01839,2024-01-05,Referral,Latin America,11,Free
CUST-01840,2024-01-23,Outbound Sales,Latin America,4679,Enterprise
CUST-01841,2024-01-04,Outbound Sales,Europe,3265,Enterprise
CUST-01842,2024-01-03,Organic Search,Europe,19,Free
CUST-01843,2024-01-25,Referral,North America,22,Pro
CUST-01844,2024-01-20,Organic Search,Asia Pacific,42,Pro
CUST-01845,2024-01-18,Referral,North America,15,Free
CUST-01846,2024-01-13,Paid Ads,North America,30,Pro
CUST-01847,2024-01-09,Organic Search,North America,32,Pro
CUST-01848,2024-01-26,Organic Search,Europe,14,Free
CUST-01849,2024-01-22,Organic Search,Asia Pacific,31,Pro
CUST-01850,2024-01-14,Organic Search,Europe,11,Free
CUST-01851,2024-01-25,Organic Search,North America,30,Pro
CUST-01852,2024-01-06,Content Marketing,North America,173,Business
CUST-01853,2024-01-17,Paid Ads,Asia Pacific,6,Free
CUST-01854,2024-01-10,Content Marketing,Asia Pacific,7,Free
CUST-01855,2024-01-15,Content Marketing,North America,9,Free
CUST-01856,2024-01-12,Referral,North America,19,Pro
CUST-01857,2024-01-25,Paid Ads,Europe,14,Pro
CUST-01858,2024-01-08,Content Marketing,Asia Pacific,20,Pro
CUST-01859,2024-01-01,Referral,North America,42,Pro
CUST-01860,2024-01-26,Referral,North America,4,Free
CUST-01861,2024-01-03,Content Marketing,Asia Pacific,31,Business
CUST-01862,2024-01-09,Paid Ads,Asia Pacific,46,Pro
CUST-01863,2024-01-01,Paid Ads,Europe,9,Free
CUST-01864,2024-01-06,Content Marketing,Asia Pacific,29,Pro
CUST-01865,2024-01-20,Paid Ads,Europe,13,Free
CUST-01866,2024-01-17,Content Marketing,Asia Pacific,189,Business
CUST-01867,2024-01-15,Organic Search,Europe,35,Pro
CUST-01868,2024-01-20,Organic Search,Europe,10,Free
CUST-01869,2024-01-19,Paid Ads,Asia Pacific,9,Free
CUST-01870,2024-01-02,Organic Search,North America,17,Free
CUST-01871,2024-01-05,Outbound Sales,Europe,4690,Enterprise
CUST-01872,2024-01-22,Organic Search,North America,11,Free
CUST-01873,2024-01-05,Referral,North America,45,Pro
CUST-01874,2024-01-11,Organic Search,North America,5,Free
CUST-01875,2024-01-26,Outbound Sales,North America,37,Pro
CUST-01876,2024-01-04,Paid Ads,Asia Pacific,3,Free
CUST-01877,2024-01-11,Organic Search,Latin America,13,Free
CUST-01878,2024-01-15,Organic Search,Latin America,24,Pro
CUST-01879,2024-01-02,Paid Ads,Europe,6,Free
CUST-01880,2024-01-24,Outbound Sales,North America,85,Business
CUST-01881,2024-01-06,Outbound Sales,North America,3235,Enterprise
CUST-01882,2024-01-09,Organic Search,Asia Pacific,3,Pro
CUST-01883,2024-01-25,Paid Ads,Asia Pacific,5,Free
CUST-01884,2024-01-04,Organic Search,North America,39,Business
CUST-01885,2024-01-24,Paid Ads,North America,19,Free
CUST-01886,2024-01-25,Paid Ads,Europe,3,Free
CUST-01887,2024-01-26,Organic Search,Europe,41,Business
CUST-01888,2024-01-01,Paid Ads,North America,1,Free
CUST-01889,2024-01-01,Content Marketing,Asia Pacific,167,Business
CUST-01890,2024-01-07,Organic Search,North America,3,Free
CUST-01891,2024-01-22,Organic Search,North America,45,Pro
CUST-01892,2024-01-04,Organic Search,North America,3,Pro
CUST-01893,2024-01-12,Organic Search,Europe,87,Business
CUST-01894,2024-01-23,Organic Search,Asia Pacific,18,Free
CUST-01895,2024-01-24,Referral,Europe,237,Business
CUST-01896,2024-01-11,Organic Search,Europe,10,Free
CUST-01897,2024-01-27,Referral,Latin America,6,Pro
CUST-01898,2024-02-19,Paid Ads,North America,1,Free
CUST-01899,2024-02-16,Content Marketing,Asia Pacific,10,Pro
CUST-01900,2024-02-22,Outbound Sales,North America,4014,Enterprise
CUST-01901,2024-02-23,Content Marketing,North America,15,Free
CUST-01902,2024-02-02,Organic Search,Europe,43,Pro
CUST-01903,2024-02-21,Organic Search,Europe,2,Free
CUST-01904,2024-02-05,Content Marketing,North America,18,Free
CUST-01905,2024-02-01,Referral,Europe,43,Pro
CUST-01906,2024-02-03,Referral,North America,17,Free
CUST-01907,2024-02-18,Referral,North America,3,Pro
CUST-01908,2024-02-26,Paid Ads,Latin America,27,Pro
CUST-01909,2024-02-09,Paid Ads,North America,2,Free
CUST-01910,2024-02-10,Content Marketing,North America,33,Pro
CUST-01911,2024-02-20,Organic Search,North America,6,Free
CUST-01912,2024-02-25,Referral,Europe,24,Pro
CUST-01913,2024-02-11,Referral,North America,18,Free
CUST-01914,2024-02-02,Content Marketing,Europe,10,Pro
CUST-01915,2024-02-10,Organic Search,North America,95,Business
CUST-01916,2024-02-18,Referral,Latin America,20,Pro
CUST-01917,2024-02-17,Organic Search,North America,100,Business
CUST-01918,2024-02-10,Organic Search,Europe,9,Pro
CUST-01919,2024-02-12,Paid Ads,North America,177,Business
CUST-01920,2024-02-27,Organic Search,Asia Pacific,39,Pro
CUST-01921,2024-02-26,Content Marketing,North America,41,Pro
CUST-01922,2024-02-11,Content Marketing,Europe,13,Free
CUST-01923,2024-02-23,Organic Search,Europe,5,Pro
CUST-01924,2024-02-12,Content Marketing,North America,14,Free
CUST-01925,2024-02-08,Paid Ads,Europe,16,Free
CUST-01926,2024-02-05,Referral,North America,40,Pro
CUST-01927,2024-02-06,Content Marketing,North America,8,Pro
CUST-01928,2024-02-17,Paid Ads,North America,2,Free
CUST-01929,2024-02-19,Organic Search,North America,2,Free
CUST-01930,2024-02-07,Organic Search,Europe,8,Pro
CUST-01931,2024-02-08,Paid Ads,North America,44,Pro
CUST-01932,2024-02-17,Content Marketing,Europe,176,Business
CUST-01933,2024-02-23,Paid Ads,North America,30,Pro
CUST-01934,2024-02-07,Paid Ads,North America,22,Pro
CUST-01935,2024-02-04,Organic Search,Latin America,14,Free
CUST-01936,2024-02-20,Content Marketing,Europe,18,Free
CUST-01937,2024-02-14,Organic Search,Asia Pacific,13,Free
CUST-01938,2024-02-02,Referral,North America,104,Business
CUST-01939,2024-02-15,Referral,North America,25,Pro
CUST-01940,2024-02-25,Organic Search,Asia Pacific,13,Free
CUST-01941,2024-02-25,Organic Search,Latin America,21,Pro
CUST-01942,2024-02-25,Paid Ads,North America,3,Free
CUST-01943,2024-02-21,Organic Search,Latin America,154,Business
CUST-01944,2024-02-26,Referral,Latin America,13,Free
CUST-01945,2024-02-16,Content Marketing,Asia Pacific,10,Pro
CUST-01946,2024-02-24,Organic Search,North America,90,Business
CUST-01947,2024-02-04,Paid Ads,North America,7,Free
CUST-01948,2024-02-26,Organic Search,North America,33,Pro
CUST-01949,2024-02-08,Organic Search,Asia Pacific,47,Pro
CUST-01950,2024-02-19,Referral,Asia Pacific,1,Free
CUST-01951,2024-02-23,Content Marketing,Asia Pacific,21,Pro
CUST-01952,2024-02-20,Content Marketing,Latin America,28,Pro
CUST-01953,2024-02-01,Organic Search,North America,12,Pro
CUST-01954,2024-02-20,Paid Ads,Asia Pacific,4,Free
CUST-01955,2024-02-06,Paid Ads,Europe,13,Free
CUST-01956,2024-02-12,Outbound Sales,Latin America,684,Enterprise
CUST-01957,2024-02-11,Referral,Europe,14,Free
CUST-01958,2024-02-16,Content Marketing,Latin America,43,Pro
CUST-01959,2024-02-16,Organic Search,North America,8,Pro
CUST-01960,2024-02-24,Paid Ads,North America,14,Free
CUST-01961,2024-02-03,Content Marketing,Europe,18,Free
CUST-01962,2024-02-12,Paid Ads,North America,3,Pro
CUST-01963,2024-02-26,Referral,Europe,111,Business
CUST-01964,2024-02-27,Paid Ads,Europe,5,Free
CUST-01965,2024-02-11,Outbound Sales,Europe,4527,Enterprise
CUST-01966,2024-02-19,Organic Search,Asia Pacific,38,Pro
CUST-01967,2024-02-16,Content Marketing,Europe,18,Business
CUST-01968,2024-02-24,Paid Ads,Europe,11,Free
CUST-01969,2024-02-15,Paid Ads,North America,10,Pro
CUST-01970,2024-02-05,Paid Ads,Latin America,19,Pro
CUST-01971,2024-02-04,Organic Search,North America,17,Free
CUST-01972,2024-02-15,Outbound Sales,Europe,1151,Enterprise
CUST-01973,2024-02-27,Content Marketing,Europe,16,Free
CUST-01974,2024-02-07,Outbound Sales,North America,4069,Enterprise
CUST-01975,2024-02-06,Outbound Sales,Latin America,3096,Enterprise
CUST-01976,2024-02-16,Referral,North America,33,Pro
CUST-01977,2024-02-26,Paid Ads,Asia Pacific,17,Free
CUST-01978,2024-02-03,Content Marketing,Europe,5,Free
CUST-01979,2024-02-08,Organic Search,North America,2,Free
CUST-01980,2024-02-24,Content Marketing,North America,12,Business
CUST-01981,2024-02-13,Paid Ads,Europe,7,Free
CUST-01982,2024-02-05,Referral,North America,186,Business
CUST-01983,2024-02-19,Paid Ads,Asia Pacific,12,Pro
CUST-01984,2024-02-23,Paid Ads,North America,19,Free
CUST-01985,2024-02-08,Organic Search,Europe,28,Pro
CUST-01986,2024-02-20,Paid Ads,Latin America,4,Free
CUST-01987,2024-02-16,Paid Ads,Latin America,5,Free
CUST-01988,2024-02-20,Organic Search,North America,7,Free
CUST-01989,2024-02-20,Organic Search,Europe,18,Free
CUST-01990,2024-02-10,Paid Ads,Latin America,1,Free
CUST-01991,2024-02-17,Organic Search,Europe,5,Free
CUST-01992,2024-02-25,Content Marketing,Europe,18,Free
CUST-01993,2024-02-07,Organic Search,Asia Pacific,40,Pro
CUST-01994,2024-02-02,Paid Ads,Europe,2,Free
CUST-01995,2024-02-08,Organic Search,North America,9,Pro
CUST-01996,2024-02-10,Paid Ads,North America,13,Free
CUST-01997,2024-02-07,Paid Ads,Europe,46,Pro
CUST-01998,2024-02-03,Referral,Asia Pacific,18,Free
CUST-01999,2024-02-16,Paid Ads,Europe,14,Free
CUST-02000,2024-02-27,Paid Ads,Europe,17,Pro
CUST-02001,2024-02-07,Organic Search,North America,38,Pro
CUST-02002,2024-02-15,Paid Ads,North America,11,Free
CUST-02003,2024-02-11,Paid Ads,North America,18,Free
CUST-02004,2024-02-27,Referral,Europe,28,Pro
CUST-02005,2024-02-27,Paid Ads,North America,16,Free
CUST-02006,2024-02-15,Content Marketing,Europe,10,Pro
CUST-02007,2024-02-17,Paid Ads,Asia Pacific,14,Free
CUST-02008,2024-02-11,Organic Search,Europe,15,Pro
CUST-02009,2024-02-14,Organic Search,Asia Pacific,17,Free
CUST-02010,2024-02-26,Organic Search,North America,3,Free
CUST-02011,2024-02-17,Paid Ads,North America,10,Free
CUST-02012,2024-02-23,Content Marketing,Europe,49,Pro
CUST-02013,2024-02-25,Referral,Latin America,17,Free
CUST-02014,2024-02-06,Paid Ads,Europe,15,Free
CUST-02015,2024-02-01,Organic Search,North America,7,Free
CUST-02016,2024-02-17,Content Marketing,North America,178,Business
CUST-02017,2024-02-11,Organic Search,North America,14,Free
CUST-02018,2024-02-26,Paid Ads,Europe,6,Free
CUST-02019,2024-02-19,Content Marketing,Latin America,15,Free
CUST-02020,2024-02-02,Paid Ads,North America,5,Pro
CUST-02021,2024-02-12,Organic Search,Europe,7,Pro
CUST-02022,2024-02-22,Organic Search,North America,47,Pro
CUST-02023,2024-02-08,Paid Ads,Latin America,4,Free
CUST-02024,2024-02-05,Organic Search,Europe,3,Free
CUST-02025,2024-02-07,Referral,Europe,45,Business
CUST-02026,2024-02-17,Paid Ads,Latin America,6,Free
CUST-02027,2024-02-25,Organic Search,North America,49,Pro
CUST-02028,2024-02-11,Organic Search,Europe,38,Pro
CUST-02029,2024-02-27,Content Marketing,Latin America,4,Free
CUST-02030,2024-02-05,Paid Ads,Latin America,7,Free
CUST-02031,2024-02-11,Referral,North America,10,Free
CUST-02032,2024-02-04,Paid Ads,North America,3,Free
CUST-02033,2024-02-19,Organic Search,Asia Pacific,5,Pro
CUST-02034,2024-02-07,Paid Ads,Asia Pacific,12,Free
CUST-02035,2024-02-10,Paid Ads,Europe,26,Pro
CUST-02036,2024-02-26,Paid Ads,Asia Pacific,8,Free
CUST-02037,2024-02-26,Content Marketing,Latin America,31,Pro
CUST-02038,2024-02-10,Content Marketing,Asia Pacific,16,Free
CUST-02039,2024-02-27,Content Marketing,North America,7,Free
CUST-02040,2024-02-11,Paid Ads,North America,33,Pro
CUST-02041,2024-02-25,Paid Ads,Asia Pacific,15,Free
CUST-02042,2024-02-17,Referral,Europe,5,Pro
CUST-02043,2024-02-03,Organic Search,Europe,12,Free
CUST-02044,2024-02-25,Content Marketing,North America,8,Free
CUST-02045,2024-02-21,Content Marketing,North America,19,Free
CUST-02046,2024-02-01,Organic Search,Europe,188,Business
CUST-02047,2024-02-19,Content Marketing,North America,43,Pro
CUST-02048,2024-02-10,Content Marketing,North America,3,Free
CUST-02049,2024-02-06,Paid Ads,North America,47,Pro
CUST-02050,2024-02-04,Content Marketing,Asia Pacific,16,Free
CUST-02051,2024-02-11,Organic Search,Europe,32,Pro
CUST-02052,2024-02-09,Organic Search,Asia Pacific,81,Business
CUST-02053,2024-02-06,Paid Ads,North America,19,Free
CUST-02054,2024-02-24,Paid Ads,Asia Pacific,2,Free
CUST-02055,2024-02-01,Paid Ads,Europe,19,Free
CUST-02056,2024-02-26,Content Marketing,North America,39,Pro
CUST-02057,2024-02-19,Organic Search,North America,43,Pro
CUST-02058,2024-02-13,Organic Search,Asia Pacific,39,Pro
CUST-02059,2024-02-03,Referral,Europe,19,Free
CUST-02060,2024-02-19,Organic Search,North America,15,Pro
CUST-02061,2024-02-11,Referral,North America,32,Business
CUST-02062,2024-02-16,Paid Ads,North America,12,Pro
CUST-02063,2024-02-23,Outbound Sales,North America,2849,Enterprise
CUST-02064,2024-02-04,Referral,Europe,37,Pro
CUST-02065,2024-02-25,Organic Search,North America,14,Free
CUST-02066,2024-02-06,Organic Search,Asia Pacific,37,Pro
CUST-02067,2024-02-19,Organic Search,Asia Pacific,7,Pro
CUST-02068,2024-02-05,Outbound Sales,Asia Pacific,15,Business
CUST-02069,2024-02-14,Referral,Asia Pacific,10,Free
CUST-02070,2024-02-27,Paid Ads,Europe,18,Free
CUST-02071,2024-02-10,Organic Search,Asia Pacific,11,Free
CUST-02072,2024-02-15,Content Marketing,Europe,8,Free
CUST-02073,2024-02-18,Organic Search,North America,5,Free
CUST-02074,2024-02-23,Referral,Asia Pacific,11,Pro
CUST-02075,2024-02-14,Referral,Europe,33,Pro
CUST-02076,2024-02-09,Organic Search,North America,42,Pro
CUST-02077,2024-02-27,Paid Ads,North America,3,Free
CUST-02078,2024-02-16,Organic Search,Europe,30,Pro
CUST-02079,2024-02-13,Paid Ads,Europe,19,Pro
CUST-02080,2024-02-15,Outbound Sales,North America,216,Enterprise
CUST-02081,2024-02-27,Referral,Asia Pacific,43,Pro
CUST-02082,2024-02-05,Content Marketing,Europe,31,Pro
CUST-02083,2024-02-26,Paid Ads,Asia Pacific,34,Pro
CUST-02084,2024-02-20,Organic Search,North America,16,Pro
CUST-02085,2024-02-19,Referral,Europe,238,Business
CUST-02086,2024-02-08,Paid Ads,Europe,13,Free
CUST-02087,2024-02-26,Organic Search,Asia Pacific,13,Free
CUST-02088,2024-02-03,Paid Ads,North America,4,Pro
CUST-02089,2024-02-18,Referral,Asia Pacific,11,Free
CUST-02090,2024-02-15,Referral,North America,84,Business
CUST-02091,2024-02-27,Organic Search,North America,29,Pro
CUST-02092,2024-02-01,Content Marketing,North America,12,Pro
CUST-02093,2024-02-21,Paid Ads,Europe,43,Pro
CUST-02094,2024-02-22,Organic Search,Europe,21,Pro
CUST-02095,2024-02-21,Organic Search,North America,181,Business
CUST-02096,2024-02-12,Content Marketing,North America,9,Free
CUST-02097,2024-02-12,Paid Ads,North America,8,Pro
CUST-02098,2024-02-22,Paid Ads,North America,17,Pro
CUST-02099,2024-02-05,Organic Search,North America,242,Business
CUST-02100,2024-02-03,Referral,North America,130,Business
CUST-02101,2024-02-18,Content Marketing,Asia Pacific,140,Business
CUST-02102,2024-02-18,Organic Search,Asia Pacific,24,Pro
CUST-02103,2024-02-18,Content Marketing,Asia Pacific,12,Pro
CUST-02104,2024-02-14,Organic Search,North America,4,Pro
CUST-02105,2024-02-13,Organic Search,North America,16,Pro
CUST-02106,2024-02-01,Paid Ads,North America,40,Pro
CUST-02107,2024-02-22,Referral,North America,10,Free
CUST-02108,2024-02-22,Organic Search,North America,16,Free
CUST-02109,2024-02-23,Paid Ads,North America,11,Free
CUST-02110,2024-02-23,Organic Search,Asia Pacific,35,Pro
CUST-02111,2024-02-22,Paid Ads,North America,16,Pro
CUST-02112,2024-02-26,Referral,North America,27,Pro
CUST-02113,2024-02-17,Outbound Sales,Asia Pacific,4506,Enterprise
CUST-02114,2024-02-25,Paid Ads,North America,3,Free
CUST-02115,2024-02-01,Referral,North America,46,Pro
CUST-02116,2024-02-17,Paid Ads,North America,44,Pro
CUST-02117,2024-02-16,Organic Search,North America,15,Pro
CUST-02118,2024-02-24,Organic Search,Latin America,10,Free
CUST-02119,2024-02-14,Outbound Sales,Europe,3939,Enterprise
CUST-02120,2024-02-16,Organic Search,North America,12,Business
CUST-02121,2024-02-15,Content Marketing,North America,249,Business
CUST-02122,2024-02-10,Organic Search,Europe,5,Free
CUST-02123,2024-02-04,Content Marketing,North America,96,Business
CUST-02124,2024-02-19,Organic Search,Asia Pacific,13,Pro
CUST-02125,2024-02-18,Outbound Sales,North America,3071,Enterprise
CUST-02126,2024-02-26,Referral,North America,19,Free
CUST-02127,2024-02-04,Organic Search,North America,41,Pro
CUST-02128,2024-02-07,Referral,North America,44,Business
CUST-02129,2024-02-09,Paid Ads,North America,6,Free
CUST-02130,2024-02-14,Organic Search,North America,136,Business
CUST-02131,2024-02-21,Organic Search,Europe,46,Pro
CUST-02132,2024-02-18,Referral,Europe,19,Pro
CUST-02133,2024-02-22,Referral,Europe,12,Pro
CUST-02134,2024-02-20,Organic Search,Europe,17,Free
CUST-02135,2024-02-09,Content Marketing,Asia Pacific,18,Free
CUST-02136,2024-02-07,Organic Search,Asia Pacific,4,Free
CUST-02137,2024-02-25,Organic Search,North America,13,Free
CUST-02138,2024-02-22,Paid Ads,Europe,4,Free
CUST-02139,2024-02-22,Organic Search,Latin America,47,Pro
CUST-02140,2024-02-15,Organic Search,Latin America,4,Free
CUST-02141,2024-02-17,Paid Ads,North America,6,Free
CUST-02142,2024-03-05,Paid Ads,Europe,1,Free
CUST-02143,2024-03-17,Paid Ads,North America,18,Free
CUST-02144,2024-03-22,Paid Ads,Europe,34,Pro
CUST-02145,2024-03-27,Organic Search,Asia Pacific,10,Pro
CUST-02146,2024-03-04,Content Marketing,North America,5,Free
CUST-02147,2024-03-05,Paid Ads,Europe,31,Pro
CUST-02148,2024-03-07,Organic Search,Latin America,48,Pro
CUST-02149,2024-03-11,Paid Ads,North America,16,Free
CUST-02150,2024-03-02,Paid Ads,Europe,3,Pro
CUST-02151,2024-03-11,Referral,North America,42,Pro
CUST-02152,2024-03-15,Paid Ads,Europe,15,Free
CUST-02153,2024-03-21,Organic Search,North America,3,Pro
CUST-02154,2024-03-24,Content Marketing,North America,19,Free
CUST-02155,2024-03-14,Paid Ads,North America,18,Pro
CUST-02156,2024-03-18,Organic Search,Latin America,40,Pro
CUST-02157,2024-03-05,Content Marketing,Europe,15,Free
CUST-02158,2024-03-21,Referral,Europe,16,Free
CUST-02159,2024-03-20,Referral,Asia Pacific,2,Free
CUST-02160,2024-03-11,Paid Ads,North America,11,Pro
CUST-02161,2024-03-09,Paid Ads,North America,11,Free
CUST-02162,2024-03-06,Paid Ads,North America,2,Free
CUST-02163,2024-03-10,Organic Search,Asia Pacific,177,Business
CUST-02164,2024-03-11,Organic Search,North America,228,Business
CUST-02165,2024-03-07,Outbound Sales,Europe,3578,Enterprise
CUST-02166,2024-03-17,Referral,Europe,14,Pro
CUST-02167,2024-03-08,Paid Ads,Europe,19,Free
CUST-02168,2024-03-24,Organic Search,North America,11,Pro
CUST-02169,2024-03-21,Referral,North America,33,Pro
CUST-02170,2024-03-12,Organic Search,North America,13,Free
CUST-02171,2024-03-26,Organic Search,Asia Pacific,36,Pro
CUST-02172,2024-03-17,Organic Search,North America,17,Free
CUST-02173,2024-03-26,Referral,North America,11,Free
CUST-02174,2024-03-06,Referral,Latin America,235,Business
CUST-02175,2024-03-26,Organic Search,Europe,6,Free
CUST-02176,2024-03-02,Organic Search,North America,6,Free
CUST-02177,2024-03-19,Referral,Asia Pacific,25,Pro
CUST-02178,2024-03-13,Paid Ads,Asia Pacific,8,Free
CUST-02179,2024-03-14,Referral,North America,1,Free
CUST-02180,2024-03-13,Organic Search,Latin America,13,Free
CUST-02181,2024-03-18,Referral,Europe,38,Pro
CUST-02182,2024-03-07,Content Marketing,Europe,8,Free
CUST-02183,2024-03-16,Paid Ads,Europe,10,Free
CUST-02184,2024-03-14,Organic Search,North America,18,Free
CUST-02185,2024-03-15,Referral,Asia Pacific,38,Pro
CUST-02186,2024-03-23,Paid Ads,North America,48,Pro
CUST-02187,2024-03-03,Organic Search,North America,15,Free
CUST-02188,2024-03-20,Organic Search,Asia Pacific,14,Free
CUST-02189,2024-03-16,Content Marketing,Europe,43,Pro
CUST-02190,2024-03-17,Paid Ads,Asia Pacific,25,Pro
CUST-02191,2024-03-27,Content Marketing,North America,45,Pro
CUST-02192,2024-03-24,Paid Ads,North America,4,Free
CUST-02193,2024-03-10,Paid Ads,North America,15,Free
CUST-02194,2024-03-23,Organic Search,Latin America,3,Free
CUST-02195,2024-03-18,Referral,Latin America,39,Pro
CUST-02196,2024-03-14,Organic Search,North America,3,Pro
CUST-02197,2024-03-20,Paid Ads,North America,16,Free
CUST-02198,2024-03-19,Organic Search,Europe,17,Free
CUST-02199,2024-03-19,Paid Ads,Europe,17,Free
CUST-02200,2024-03-27,Paid Ads,North America,12,Pro
CUST-02201,2024-03-11,Organic Search,Europe,6,Pro
CUST-02202,2024-03-09,Organic Search,Asia Pacific,26,Pro
CUST-02203,2024-03-14,Outbound Sales,Asia Pacific,2281,Enterprise
CUST-02204,2024-03-21,Organic Search,Europe,12,Pro
CUST-02205,2024-03-03,Organic Search,North America,32,Pro
CUST-02206,2024-03-11,Organic Search,Asia Pacific,9,Free
CUST-02207,2024-03-08,Paid Ads,Europe,6,Pro
CUST-02208,2024-03-10,Referral,Europe,220,Business
CUST-02209,2024-03-04,Organic Search,North America,5,Free
CUST-02210,2024-03-09,Paid Ads,Europe,1,Free
CUST-02211,2024-03-12,Referral,North America,2,Free
CUST-02212,2024-03-03,Organic Search,North America,123,Business
CUST-02213,2024-03-22,Content Marketing,Asia Pacific,26,Pro
CUST-02214,2024-03-18,Outbound Sales,Latin America,2706,Enterprise
CUST-02215,2024-03-23,Organic Search,North America,115,Business
CUST-02216,2024-03-13,Paid Ads,Asia Pacific,25,Pro
CUST-02217,2024-03-17,Organic Search,North America,19,Pro
CUST-02218,2024-03-19,Organic Search,Europe,14,Free
CUST-02219,2024-03-09,Paid Ads,North America,2,Free
CUST-02220,2024-03-21,Paid Ads,Europe,11,Pro
CUST-02221,2024-03-19,Paid Ads,Asia Pacific,9,Free
CUST-02222,2024-03-13,Organic Search,North America,16,Free
CUST-02223,2024-03-06,Organic Search,North America,18,Free
CUST-02224,2024-03-08,Outbound Sales,North America,28,Pro
CUST-02225,2024-03-12,Content Marketing,Europe,37,Pro
CUST-02226,2024-03-04,Organic Search,Europe,20,Pro
CUST-02227,2024-03-17,Referral,North America,16,Free
CUST-02228,2024-03-16,Paid Ads,North America,4,Free
CUST-02229,2024-03-15,Referral,North America,246,Business
CUST-02230,2024-03-20,Paid Ads,Europe,11,Free
CUST-02231,2024-03-13,Content Marketing,North America,27,Pro
CUST-02232,2024-03-27,Organic Search,North America,34,Pro
CUST-02233,2024-03-13,Paid Ads,Europe,16,Free
CUST-02234,2024-03-05,Outbound Sales,Asia Pacific,907,Enterprise
CUST-02235,2024-03-23,Organic Search,Europe,41,Pro
CUST-02236,2024-03-24,Organic Search,Latin America,39,Pro
CUST-02237,2024-03-26,Referral,Asia Pacific,24,Pro
CUST-02238,2024-03-08,Content Marketing,Europe,8,Free
CUST-02239,2024-03-20,Referral,North America,4,Pro
CUST-02240,2024-03-01,Content Marketing,Europe,1,Free
CUST-02241,2024-03-17,Referral,Europe,40,Pro
CUST-02242,2024-03-12,Organic Search,North America,12,Free
CUST-02243,2024-03-19,Paid Ads,North America,4,Pro
CUST-02244,2024-03-07,Content Marketing,Europe,9,Free
CUST-02245,2024-03-04,Content Marketing,North America,5,Free
CUST-02246,2024-03-15,Organic Search,North America,14,Free
CUST-02247,2024-03-25,Organic Search,Europe,21,Business
CUST-02248,2024-03-07,Content Marketing,North America,6,Free
CUST-02249,2024-03-24,Organic Search,North America,17,Free
CUST-02250,2024-03-14,Organic Search,Europe,20,Pro
CUST-02251,2024-03-04,Content Marketing,Europe,9,Free
CUST-02252,2024-03-05,Paid Ads,North America,6,Free
CUST-02253,2024-03-05,Organic Search,North America,14,Pro
CUST-02254,2024-03-14,Organic Search,Latin America,37,Business
CUST-02255,2024-03-01,Organic Search,Asia Pacific,18,Pro
CUST-02256,2024-03-11,Content Marketing,North America,12,Free
CUST-02257,2024-03-27,Paid Ads,Asia Pacific,40,Business
CUST-02258,2024-03-21,Organic Search,Europe,20,Pro
CUST-02259,2024-03-08,Paid Ads,Europe,7,Pro
CUST-02260,2024-03-14,Organic Search,North America,35,Pro
CUST-02261,2024-03-07,Organic Search,Europe,6,Free
CUST-02262,2024-03-05,Organic Search,Europe,9,Free
CUST-02263,2024-03-10,Paid Ads,Europe,83,Business
CUST-02264,2024-03-17,Organic Search,Asia Pacific,19,Free
CUST-02265,2024-03-21,Paid Ads,North America,5,Free
CUST-02266,2024-03-04,Paid Ads,North America,35,Pro
CUST-02267,2024-03-21,Paid Ads,North America,16,Free
CUST-02268,2024-03-22,Organic Search,Latin America,13,Business
CUST-02269,2024-03-09,Organic Search,Latin America,17,Free
CUST-02270,2024-03-02,Organic Search,Europe,8,Free
CUST-02271,2024-03-21,Paid Ads,Latin America,2,Pro
CUST-02272,2024-03-02,Referral,North America,46,Pro
CUST-02273,2024-03-25,Organic Search,Europe,38,Pro
CUST-02274,2024-03-10,Content Marketing,North America,7,Free
CUST-02275,2024-03-26,Referral,Asia Pacific,33,Pro
CUST-02276,2024-03-01,Organic Search,Europe,11,Free
CUST-02277,2024-03-17,Organic Search,North America,4,Free
CUST-02278,2024-03-17,Organic Search,North America,21,Pro
CUST-02279,2024-03-10,Organic Search,North America,2,Pro
CUST-02280,2024-03-23,Paid Ads,Asia Pacific,17,Pro
CUST-02281,2024-03-25,Organic Search,Europe,4,Free
CUST-02282,2024-03-27,Content Marketing,Europe,8,Free
CUST-02283,2024-03-23,Paid Ads,Europe,5,Free
CUST-02284,2024-03-13,Referral,Europe,5,Free
CUST-02285,2024-03-24,Referral,Asia Pacific,82,Business
CUST-02286,2024-03-25,Paid Ads,Asia Pacific,18,Free
CUST-02287,2024-03-02,Content Marketing,Europe,2,Pro
CUST-02288,2024-03-09,Outbound Sales,North America,2139,Enterprise
CUST-02289,2024-03-27,Paid Ads,Latin America,12,Pro
CUST-02290,2024-03-14,Organic Search,North America,11,Pro
CUST-02291,2024-03-16,Paid Ads,Asia Pacific,2,Free
CUST-02292,2024-03-11,Organic Search,North America,18,Free
CUST-02293,2024-03-03,Paid Ads,Europe,6,Pro
CUST-02294,2024-03-03,Paid Ads,North America,15,Free
CUST-02295,2024-03-03,Paid Ads,Europe,26,Pro
CUST-02296,2024-03-07,Referral,North America,7,Pro
CUST-02297,2024-03-13,Organic Search,North America,39,Pro
CUST-02298,2024-03-10,Paid Ads,Latin America,28,Pro
CUST-02299,2024-03-16,Organic Search,North America,34,Pro
CUST-02300,2024-03-05,Content Marketing,Europe,15,Free
CUST-02301,2024-03-10,Referral,Asia Pacific,204,Business
CUST-02302,2024-03-20,Organic Search,North America,8,Pro
CUST-02303,2024-03-19,Referral,North America,7,Free
CUST-02304,2024-03-15,Organic Search,Europe,24,Pro
CUST-02305,2024-03-17,Referral,North America,17,Free
CUST-02306,2024-03-11,Paid Ads,North America,48,Pro
CUST-02307,2024-03-23,Paid Ads,Europe,9,Pro
CUST-02308,2024-03-16,Referral,Europe,2,Pro
CUST-02309,2024-03-01,Content Marketing,North America,17,Free
CUST-02310,2024-03-18,Content Marketing,North America,36,Pro
CUST-02311,2024-03-23,Paid Ads,North America,16,Pro
CUST-02312,2024-03-21,Referral,North America,5,Pro
CUST-02313,2024-03-20,Paid Ads,North America,13,Free
CUST-02314,2024-03-27,Content Marketing,North America,39,Pro
CUST-02315,2024-03-02,Content Marketing,Europe,39,Pro
CUST-02316,2024-03-18,Organic Search,Europe,1,Free
CUST-02317,2024-03-08,Organic Search,Asia Pacific,3,Pro
CUST-02318,2024-03-21,Organic Search,Asia Pacific,46,Pro
CUST-02319,2024-03-03,Organic Search,Asia Pacific,48,Pro
CUST-02320,2024-03-16,Paid Ads,Latin America,27,Pro
CUST-02321,2024-03-05,Organic Search,Latin America,1,Free
CUST-02322,2024-03-13,Paid Ads,North America,17,Free
CUST-02323,2024-03-26,Organic Search,Europe,9,Free
CUST-02324,2024-03-24,Organic Search,Europe,43,Pro
CUST-02325,2024-03-01,Referral,North America,244,Business
CUST-02326,2024-03-15,Paid Ads,Asia Pacific,14,Pro
CUST-02327,2024-03-19,Paid Ads,Asia Pacific,4,Free
CUST-02328,2024-03-22,Content Marketing,Asia Pacific,2,Pro
CUST-02329,2024-03-18,Outbound Sales,Europe,3253,Enterprise
CUST-02330,2024-03-20,Paid Ads,Europe,15,Free
CUST-02331,2024-03-04,Organic Search,Europe,36,Pro
CUST-02332,2024-03-10,Organic Search,Europe,33,Pro
CUST-02333,2024-03-26,Outbound Sales,North America,3133,Enterprise
CUST-02334,2024-03-11,Referral,Europe,203,Business
CUST-02335,2024-03-27,Referral,Europe,22,Pro
CUST-02336,2024-03-16,Referral,North America,7,Free
CUST-02337,2024-03-22,Organic Search,Europe,19,Free
CUST-02338,2024-03-19,Paid Ads,Europe,5,Free
CUST-02339,2024-03-06,Content Marketing,Europe,36,Pro
CUST-02340,2024-03-21,Content Marketing,Europe,46,Pro
CUST-02341,2024-03-21,Organic Search,North America,27,Pro
CUST-02342,2024-03-16,Paid Ads,North America,4,Free
CUST-02343,2024-03-09,Organic Search,Europe,105,Business
CUST-02344,2024-03-15,Outbound Sales,North America,891,Enterprise
CUST-02345,2024-03-10,Organic Search,North America,20,Pro
CUST-02346,2024-03-22,Referral,North America,155,Business
CUST-02347,2024-03-04,Organic Search,Europe,5,Pro
CUST-02348,2024-03-16,Paid Ads,North America,15,Free
CUST-02349,2024-03-01,Referral,Asia Pacific,92,Business
CUST-02350,2024-03-27,Organic Search,North America,8,Free
CUST-02351,2024-03-17,Content Marketing,North America,16,Free
CUST-02352,2024-03-19,Content Marketing,North America,29,Pro
CUST-02353,2024-03-03,Content Marketing,North America,16,Free
CUST-02354,2024-03-15,Organic Search,Latin America,14,Free
CUST-02355,2024-03-20,Referral,North America,49,Pro
CUST-02356,2024-03-27,Paid Ads,North America,237,Business
CUST-02357,2024-03-07,Paid Ads,Asia Pacific,48,Pro
CUST-02358,2024-03-26,Paid Ads,Europe,8,Pro
CUST-02359,2024-03-26,Paid Ads,North America,22,Pro
CUST-02360,2024-03-03,Organic Search,Europe,34,Pro
CUST-02361,2024-03-03,Paid Ads,North America,12,Free
CUST-02362,2024-03-19,Organic Search,North America,116,Business
CUST-02363,2024-03-06,Organic Search,Europe,12,Pro
CUST-02364,2024-03-16,Organic Search,Europe,23,Pro
CUST-02365,2024-03-02,Organic Search,Asia Pacific,2,Free
CUST-02366,2024-03-07,Content Marketing,Europe,8,Pro
CUST-02367,2024-03-26,Paid Ads,North America,27,Pro
CUST-02368,2024-03-09,Organic Search,North America,17,Pro
CUST-02369,2024-03-17,Content Marketing,Asia Pacific,17,Free
CUST-02370,2024-03-03,Content Marketing,Europe,19,Free
CUST-02371,2024-03-03,Content Marketing,Europe,3,Pro
CUST-02372,2024-03-15,Content Marketing,North America,20,Pro
CUST-02373,2024-03-14,Outbound Sales,Latin America,1646,Enterprise
CUST-02374,2024-03-24,Paid Ads,North America,24,Pro
CUST-02375,2024-03-03,Outbound Sales,Europe,1213,Enterprise
CUST-02376,2024-03-12,Content Marketing,Latin America,76,Business
CUST-02377,2024-03-08,Organic Search,Europe,3,Pro
CUST-02378,2024-03-15,Content Marketing,Europe,22,Pro
CUST-02379,2024-03-04,Content Marketing,Asia Pacific,5,Free
CUST-02380,2024-03-04,Content Marketing,North America,33,Pro
CUST-02381,2024-03-18,Content Marketing,North America,6,Free
CUST-02382,2024-03-19,Paid Ads,Europe,12,Free
CUST-02383,2024-03-17,Paid Ads,North America,9,Free
CUST-02384,2024-03-07,Referral,Europe,23,Pro
CUST-02385,2024-03-18,Referral,North America,12,Business
CUST-02386,2024-03-12,Content Marketing,Europe,8,Free
CUST-02387,2024-03-15,Content Marketing,North America,6,Pro
CUST-02388,2024-03-04,Referral,Europe,9,Free
CUST-02389,2024-03-02,Outbound Sales,Europe,63,Business
CUST-02390,2024-03-22,Organic Search,Asia Pacific,19,Free
CUST-02391,2024-03-15,Outbound Sales,North America,1157,Enterprise
CUST-02392,2024-03-20,Organic Search,North America,38,Pro
CUST-02393,2024-03-18,Paid Ads,Asia Pacific,6,Free
CUST-02394,2024-03-05,Organic Search,Europe,13,Pro
CUST-02395,2024-03-15,Paid Ads,Asia Pacific,11,Free
CUST-02396,2024-03-19,Paid Ads,North America,5,Free
CUST-02397,2024-03-26,Organic Search,North America,11,Free
CUST-02398,2024-03-27,Referral,Europe,30,Pro
CUST-02399,2024-03-19,Referral,Latin America,13,Pro
CUST-02400,2024-04-01,Organic Search,Europe,2,Pro
CUST-02401,2024-04-23,Organic Search,Europe,46,Pro
CUST-02402,2024-04-19,Paid Ads,Asia Pacific,21,Pro
CUST-02403,2024-04-06,Organic Search,North America,93,Business
CUST-02404,2024-04-17,Organic Search,Europe,31,Pro
CUST-02405,2024-04-22,Paid Ads,Europe,49,Pro
CUST-02406,2024-04-03,Referral,Asia Pacific,19,Pro
CUST-02407,2024-04-07,Organic Search,Asia Pacific,12,Pro
CUST-02408,2024-04-16,Referral,North America,20,Pro
CUST-02409,2024-04-25,Content Marketing,North America,15,Free
CUST-02410,2024-04-17,Referral,Europe,11,Free
CUST-02411,2024-04-27,Content Marketing,North America,3,Free
CUST-02412,2024-04-22,Referral,North America,12,Pro
CUST-02413,2024-04-19,Organic Search,North America,40,Pro
CUST-02414,2024-04-24,Paid Ads,North America,5,Free
CUST-02415,2024-04-08,Content Marketing,North America,1,Free
CUST-02416,2024-04-25,Referral,Europe,31,Pro
CUST-02417,2024-04-16,Content Marketing,Asia Pacific,6,Free
CUST-02418,2024-04-23,Outbound Sales,North America,3799,Enterprise
CUST-02419,2024-04-15,Organic Search,Europe,4,Free
CUST-02420,2024-04-22,Organic Search,Latin America,7,Free
CUST-02421,2024-04-13,Referral,Europe,31,Pro
CUST-02422,2024-04-13,Organic Search,North America,5,Pro
CUST-02423,2024-04-13,Paid Ads,Europe,15,Free
CUST-02424,2024-04-01,Content Marketing,Latin America,12,Free
CUST-02425,2024-04-17,Paid Ads,North America,13,Free
CUST-02426,2024-04-20,Organic Search,Europe,17,Free
CUST-02427,2024-04-10,Referral,Latin America,12,Free
CUST-02428,2024-04-20,Organic Search,North America,26,Pro
CUST-02429,2024-04-04,Content Marketing,North America,39,Pro
CUST-02430,2024-04-27,Organic Search,North America,7,Free
CUST-02431,2024-04-26,Content Marketing,Europe,38,Pro
CUST-02432,2024-04-10,Paid Ads,Asia Pacific,32,Pro
CUST-02433,2024-04-10,Paid Ads,North America,10,Free
CUST-02434,2024-04-10,Paid Ads,North America,8,Free
CUST-02435,2024-04-05,Organic Search,North America,14,Free
CUST-02436,2024-04-20,Paid Ads,Europe,1,Free
CUST-02437,2024-04-01,Content Marketing,North America,24,Pro
CUST-02438,2024-04-11,Content Marketing,North America,7,Free
CUST-02439,2024-04-09,Organic Search,North America,141,Business
CUST-02440,2024-04-02,Referral,Europe,3,Pro
CUST-02441,2024-04-03,Content Marketing,Latin America,18,Free
CUST-02442,2024-04-08,Content Marketing,Asia Pacific,25,Pro
CUST-02443,2024-04-08,Paid Ads,North America,47,Pro
CUST-02444,2024-04-06,Organic Search,Latin America,12,Free
CUST-02445,2024-04-05,Content Marketing,Latin America,4,Free
CUST-02446,2024-04-16,Paid Ads,Europe,27,Pro
CUST-02447,2024-04-03,Paid Ads,Asia Pacific,45,Pro
CUST-02448,2024-04-25,Referral,Latin America,93,Business
CUST-02449,2024-04-15,Organic Search,Europe,17,Pro
CUST-02450,2024-04-17,Content Marketing,Europe,7,Free
CUST-02451,2024-04-13,Organic Search,North America,35,Pro
CUST-02452,2024-04-26,Referral,Europe,48,Pro
CUST-02453,2024-04-01,Outbound Sales,North America,3243,Enterprise
CUST-02454,2024-04-23,Outbound Sales,North America,4082,Enterprise
CUST-02455,2024-04-11,Content Marketing,North America,17,Free
CUST-02456,2024-04-24,Content Marketing,Latin America,40,Pro
CUST-02457,2024-04-02,Organic Search,Asia Pacific,23,Pro
CUST-02458,2024-04-11,Outbound Sales,Latin America,645,Enterprise
CUST-02459,2024-04-03,Content Marketing,North America,81,Business
CUST-02460,2024-04-09,Paid Ads,Asia Pacific,9,Free
CUST-02461,2024-04-21,Paid Ads,North America,35,Pro
CUST-02462,2024-04-20,Organic Search,North America,2,Pro
CUST-02463,2024-04-07,Paid Ads,Europe,49,Pro
CUST-02464,2024-04-18,Referral,Latin America,3,Free
CUST-02465,2024-04-23,Paid Ads,Europe,44,Pro
CUST-02466,2024-04-19,Paid Ads,Europe,13,Free
CUST-02467,2024-04-18,Paid Ads,North America,11,Free
CUST-02468,2024-04-01,Organic Search,Europe,38,Pro
CUST-02469,2024-04-07,Outbound Sales,North America,2084,Enterprise
CUST-02470,2024-04-26,Organic Search,Asia Pacific,111,Business
CUST-02471,2024-04-08,Organic Search,Europe,6,Pro
CUST-02472,2024-04-24,Organic Search,Latin America,10,Free
CUST-02473,2024-04-09,Content Marketing,North America,9,Free
CUST-02474,2024-04-01,Content Marketing,Asia Pacific,9,Free
CUST-02475,2024-04-15,Organic Search,Latin America,3,Free
CUST-02476,2024-04-02,Organic Search,North America,2,Pro
CUST-02477,2024-04-04,Paid Ads,North America,1,Free
CUST-02478,2024-04-01,Organic Search,North America,6,Free
CUST-02479,2024-04-11,Referral,North America,78,Business
CUST-02480,2024-04-14,Organic Search,North America,25,Pro
CUST-02481,2024-04-06,Paid Ads,Europe,14,Pro
CUST-02482,2024-04-10,Paid Ads,Europe,35,Pro
CUST-02483,2024-04-23,Paid Ads,North America,8,Free
CUST-02484,2024-04-15,Paid Ads,North America,13,Free
CUST-02485,2024-04-02,Organic Search,North America,30,Business
CUST-02486,2024-04-13,Organic Search,Europe,1,Free
CUST-02487,2024-04-10,Organic Search,North America,9,Pro
CUST-02488,2024-04-14,Organic Search,North America,6,Free
CUST-02489,2024-04-21,Outbound Sales,North America,4551,Enterprise
CUST-02490,2024-04-11,Organic Search,Europe,7,Free
CUST-02491,2024-04-26,Organic Search,North America,39,Pro
CUST-02492,2024-04-25,Organic Search,Asia Pacific,221,Business
CUST-02493,2024-04-09,Referral,Europe,19,Free
CUST-02494,2024-04-06,Content Marketing,North America,13,Pro
CUST-02495,2024-04-20,Content Marketing,North America,26,Pro
CUST-02496,2024-04-24,Paid Ads,Europe,12,Free
CUST-02497,2024-04-02,Content Marketing,North America,15,Pro
CUST-02498,2024-04-16,Paid Ads,North America,14,Free
CUST-02499,2024-04-06,Content Marketing,North America,11,Free
CUST-02500,2024-04-09,Content Marketing,North America,158,Business
CUST-02501,2024-04-25,Organic Search,North America,19,Pro
CUST-02502,2024-04-17,Paid Ads,Europe,19,Free
CUST-02503,2024-04-21,Organic Search,Europe,45,Pro
CUST-02504,2024-04-19,Organic Search,Europe,13,Free
CUST-02505,2024-04-06,Content Marketing,Europe,22,Pro
CUST-02506,2024-04-01,Organic Search,North America,15,Free
CUST-02507,2024-04-16,Referral,North America,2,Pro
CUST-02508,2024-04-19,Outbound Sales,Europe,381,Enterprise
CUST-02509,2024-04-19,Paid Ads,North America,1,Free
CUST-02510,2024-04-18,Paid Ads,Europe,31,Pro
CUST-02511,2024-04-20,Paid Ads,Asia Pacific,23,Pro
CUST-02512,2024-04-02,Content Marketing,North America,22,Pro
CUST-02513,2024-04-21,Organic Search,Europe,18,Free
CUST-02514,2024-04-22,Organic Search,North America,17,Free
CUST-02515,2024-04-05,Paid Ads,Asia Pacific,2,Free
CUST-02516,2024-04-09,Content Marketing,North America,19,Free
CUST-02517,2024-04-10,Organic Search,North America,15,Free
CUST-02518,2024-04-02,Paid Ads,Asia Pacific,19,Free
CUST-02519,2024-04-26,Outbound Sales,North America,3205,Enterprise
CUST-02520,2024-04-25,Organic Search,Latin America,37,Pro
CUST-02521,2024-04-09,Organic Search,Europe,4,Free
CUST-02522,2024-04-11,Paid Ads,North America,23,Pro
CUST-02523,2024-04-27,Organic Search,Asia Pacific,36,Business
CUST-02524,2024-04-09,Organic Search,North America,16,Free
CUST-02525,2024-04-08,Referral,Europe,13,Pro
CUST-02526,2024-04-19,Referral,North America,36,Pro
CUST-02527,2024-04-10,Paid Ads,Europe,16,Pro
CUST-02528,2024-04-21,Paid Ads,North America,3,Free
CUST-02529,2024-04-27,Paid Ads,North America,16,Free
CUST-02530,2024-04-12,Referral,Asia Pacific,39,Pro
CUST-02531,2024-04-05,Content Marketing,North America,89,Business
CUST-02532,2024-04-14,Content Marketing,Asia Pacific,15,Pro
CUST-02533,2024-04-21,Referral,North America,2,Free
CUST-02534,2024-04-02,Content Marketing,North America,41,Pro
CUST-02535,2024-04-12,Content Marketing,Asia Pacific,43,Pro
CUST-02536,2024-04-07,Organic Search,Latin America,41,Pro
CUST-02537,2024-04-15,Outbound Sales,Europe,4631,Enterprise
CUST-02538,2024-04-14,Content Marketing,Europe,8,Pro
CUST-02539,2024-04-04,Organic Search,Europe,4,Free
CUST-02540,2024-04-16,Organic Search,Europe,12,Free
CUST-02541,2024-04-23,Paid Ads,Europe,29,Business
CUST-02542,2024-04-27,Paid Ads,Europe,8,Free
CUST-02543,2024-04-15,Referral,Asia Pacific,38,Pro
CUST-02544,2024-04-06,Paid Ads,Europe,7,Free
CUST-02545,2024-04-06,Organic Search,North America,8,Free
CUST-02546,2024-04-11,Organic Search,Asia Pacific,15,Free
CUST-02547,2024-04-01,Content Marketing,Europe,31,Pro
CUST-02548,2024-04-17,Organic Search,Latin America,11,Free
CUST-02549,2024-04-20,Referral,North America,74,Business
CUST-02550,2024-04-01,Organic Search,Latin America,38,Pro
CUST-02551,2024-04-23,Paid Ads,North America,242,Business
CUST-02552,2024-04-10,Paid Ads,Europe,13,Free
CUST-02553,2024-04-14,Organic Search,North America,19,Pro
CUST-02554,2024-04-13,Referral,Asia Pacific,13,Pro
CUST-02555,2024-04-18,Referral,Europe,17,Pro
CUST-02556,2024-04-23,Organic Search,Europe,22,Pro
CUST-02557,2024-04-19,Paid Ads,North America,15,Free
CUST-02558,2024-04-22,Referral,North America,18,Free
CUST-02559,2024-04-27,Referral,Europe,4,Pro
CUST-02560,2024-04-04,Paid Ads,North America,11,Free
CUST-02561,2024-04-21,Content Marketing,Asia Pacific,17,Free
CUST-02562,2024-04-15,Organic Search,North America,47,Pro
CUST-02563,2024-04-17,Organic Search,Europe,10,Free
CUST-02564,2024-04-21,Referral,Asia Pacific,8,Free
CUST-02565,2024-04-17,Referral,Europe,43,Pro
CUST-02566,2024-04-19,Content Marketing,North America,11,Free
CUST-02567,2024-04-16,Organic Search,Europe,110,Business
CUST-02568,2024-04-02,Paid Ads,Europe,11,Pro
CUST-02569,2024-04-22,Referral,Asia Pacific,35,Pro
CUST-02570,2024-04-14,Organic Search,North America,163,Business
CUST-02571,2024-04-06,Paid Ads,North America,8,Pro
CUST-02572,2024-04-18,Referral,Europe,49,Pro
CUST-02573,2024-04-01,Organic Search,Europe,15,Free
CUST-02574,2024-04-09,Paid Ads,Europe,7,Free
CUST-02575,2024-04-03,Organic Search,Europe,170,Business
CUST-02576,2024-04-05,Content Marketing,Asia Pacific,19,Free
CUST-02577,2024-04-08,Organic Search,Europe,11,Free
CUST-02578,2024-04-04,Organic Search,Europe,24,Pro
CUST-02579,2024-04-17,Organic Search,Europe,45,Pro
CUST-02580,2024-04-08,Organic Search,Europe,12,Free
CUST-02581,2024-04-27,Organic Search,North America,27,Pro
CUST-02582,2024-04-25,Paid Ads,Asia Pacific,11,Free
CUST-02583,2024-04-11,Organic Search,North America,11,Free
CUST-02584,2024-04-15,Organic Search,Europe,237,Business
CUST-02585,2024-04-03,Organic Search,Asia Pacific,18,Free
CUST-02586,2024-04-13,Paid Ads,North America,11,Free
CUST-02587,2024-04-06,Organic Search,Asia Pacific,15,Pro
CUST-02588,2024-04-15,Paid Ads,Asia Pacific,17,Free
CUST-02589,2024-04-17,Referral,North America,15,Free
CUST-02590,2024-04-01,Referral,Europe,42,Business
CUST-02591,2024-04-24,Organic Search,North America,26,Pro
CUST-02592,2024-04-13,Content Marketing,North America,7,Free
CUST-02593,2024-04-16,Referral,North America,7,Free
CUST-02594,2024-04-11,Organic Search,Asia Pacific,15,Pro
CUST-02595,2024-04-12,Paid Ads,Europe,9,Free
CUST-02596,2024-04-27,Referral,Asia Pacific,4,Free
CUST-02597,2024-04-18,Organic Search,Asia Pacific,17,Free
CUST-02598,2024-04-04,Paid Ads,Europe,3,Free
CUST-02599,2024-04-18,Referral,Latin America,5,Free
CUST-02600,2024-04-26,Organic Search,Europe,6,Free
CUST-02601,2024-04-24,Outbound Sales,Asia Pacific,3951,Enterprise
CUST-02602,2024-04-18,Organic Search,Europe,16,Free
CUST-02603,2024-04-02,Organic Search,North America,35,Pro
CUST-02604,2024-04-21,Organic Search,Europe,17,Free
CUST-02605,2024-04-03,Paid Ads,Europe,45,Pro
CUST-02606,2024-04-15,Content Marketing,Asia Pacific,1,Free
CUST-02607,2024-04-12,Content Marketing,North America,6,Pro
CUST-02608,2024-04-02,Content Marketing,North America,177,Business
CUST-02609,2024-04-26,Paid Ads,Europe,23,Pro
CUST-02610,2024-04-01,Paid Ads,Asia Pacific,10,Pro
CUST-02611,2024-04-12,Paid Ads,Asia Pacific,7,Free
CUST-02612,2024-04-03,Organic Search,Europe,36,Business
CUST-02613,2024-04-02,Content Marketing,Europe,47,Pro
CUST-02614,2024-04-05,Paid Ads,Europe,5,Free
CUST-02615,2024-04-21,Paid Ads,Europe,5,Free
CUST-02616,2024-04-25,Paid Ads,Latin America,10,Free
CUST-02617,2024-04-21,Content Marketing,North America,18,Free
CUST-02618,2024-04-16,Organic Search,Asia Pacific,6,Free
CUST-02619,2024-04-15,Referral,Europe,28,Pro
CUST-02620,2024-04-26,Referral,North America,61,Business
CUST-02621,2024-04-25,Content Marketing,Asia Pacific,12,Free
CUST-02622,2024-04-22,Organic Search,North America,18,Free
CUST-02623,2024-04-15,Organic Search,North America,47,Pro
CUST-02624,2024-04-17,Paid Ads,North America,34,Pro
CUST-02625,2024-04-23,Content Marketing,North America,14,Free
CUST-02626,2024-04-16,Outbound Sales,Latin America,2421,Enterprise
CUST-02627,2024-04-11,Paid Ads,Europe,8,Free
CUST-02628,2024-04-21,Organic Search,Europe,21,Pro
CUST-02629,2024-04-03,Organic Search,North America,15,Free
CUST-02630,2024-04-14,Referral,North America,21,Pro
CUST-02631,2024-04-19,Organic Search,Europe,14,Pro
CUST-02632,2024-04-04,Paid Ads,Latin America,32,Pro
CUST-02633,2024-04-22,Content Marketing,North America,11,Pro
CUST-02634,2024-04-22,Paid Ads,Europe,20,Pro
CUST-02635,2024-04-13,Paid Ads,North America,6,Free
CUST-02636,2024-04-20,Organic Search,Asia Pacific,5,Free
CUST-02637,2024-04-22,Organic Search,Asia Pacific,19,Pro
CUST-02638,2024-04-11,Referral,North America,25,Pro
CUST-02639,2024-04-21,Paid Ads,Latin America,48,Pro
CUST-02640,2024-04-24,Organic Search,North America,4,Free
CUST-02641,2024-04-11,Organic Search,Europe,1,Free
CUST-02642,2024-04-26,Organic Search,Europe,9,Free
CUST-02643,2024-04-12,Referral,Europe,35,Pro
CUST-02644,2024-04-14,Paid Ads,Europe,49,Pro
CUST-02645,2024-04-02,Paid Ads,North America,36,Pro
CUST-02646,2024-04-05,Paid Ads,Europe,31,Pro
CUST-02647,2024-04-18,Organic Search,Latin America,5,Free
CUST-02648,2024-04-27,Paid Ads,North America,34,Pro
CUST-02649,2024-04-09,Organic Search,Europe,45,Pro
CUST-02650,2024-04-22,Content Marketing,Asia Pacific,44,Pro
CUST-02651,2024-04-09,Organic Search,Europe,55,Business
CUST-02652,2024-04-08,Paid Ads,Asia Pacific,7,Free
CUST-02653,2024-04-12,Organic Search,Asia Pacific,7,Free
CUST-02654,2024-04-10,Content Marketing,North America,31,Pro
CUST-02655,2024-04-21,Organic Search,Europe,3,Free
CUST-02656,2024-04-04,Content Marketing,Europe,12,Free
CUST-02657,2024-04-22,Organic Search,Latin America,12,Pro
CUST-02658,2024-04-08,Content Marketing,Europe,11,Free
CUST-02659,2024-04-03,Referral,North America,13,Free
CUST-02660,2024-04-08,Organic Search,Asia Pacific,17,Free
CUST-02661,2024-04-16,Organic Search,Latin America,11,Pro
CUST-02662,2024-04-03,Paid Ads,Asia Pacific,12,Free
CUST-02663,2024-04-23,Content Marketing,Europe,9,Free
CUST-02664,2024-04-19,Content Marketing,Asia Pacific,47,Pro
CUST-02665,2024-04-24,Organic Search,Asia Pacific,35,Pro
CUST-02666,2024-04-24,Paid Ads,Latin America,14,Free
CUST-02667,2024-04-07,Organic Search,North America,35,Pro
CUST-02668,2024-04-13,Organic Search,North America,25,Pro
CUST-02669,2024-04-23,Referral,Asia Pacific,7,Pro
CUST-02670,2024-04-04,Paid Ads,North America,15,Pro
CUST-02671,2024-04-16,Organic Search,North America,2,Pro
CUST-02672,2024-04-18,Content Marketing,Europe,152,Business
CUST-02673,2024-04-12,Referral,Asia Pacific,43,Pro
CUST-02674,2024-04-17,Content Marketing,North America,7,Free
CUST-02675,2024-04-21,Organic Search,Europe,13,Free
CUST-02676,2024-04-05,Content Marketing,Europe,1,Free
CUST-02677,2024-05-19,Organic Search,North America,17,Free
CUST-02678,2024-05-27,Organic Search,Latin America,13,Free
CUST-02679,2024-05-20,Outbound Sales,North America,3337,Enterprise
CUST-02680,2024-05-14,Outbound Sales,Asia Pacific,18,Pro
CUST-02681,2024-05-08,Referral,North America,112,Business
CUST-02682,2024-05-24,Paid Ads,Europe,41,Business
CUST-02683,2024-05-13,Content Marketing,Europe,114,Business
CUST-02684,2024-05-27,Content Marketing,Asia Pacific,24,Pro
CUST-02685,2024-05-08,Paid Ads,Asia Pacific,2,Free
CUST-02686,2024-05-24,Organic Search,Asia Pacific,39,Pro
CUST-02687,2024-05-07,Referral,North America,35,Pro
CUST-02688,2024-05-24,Outbound Sales,North America,65,Business
CUST-02689,2024-05-20,Organic Search,North America,18,Free
CUST-02690,2024-05-26,Paid Ads,North America,13,Free
CUST-02691,2024-05-16,Paid Ads,North America,6,Free
CUST-02692,2024-05-06,Paid Ads,North America,7,Free
CUST-02693,2024-05-12,Referral,Asia Pacific,44,Pro
CUST-02694,2024-05-27,Paid Ads,North America,15,Free
CUST-02695,2024-05-09,Content Marketing,Asia Pacific,8,Free
CUST-02696,2024-05-03,Content Marketing,North America,217,Business
CUST-02697,2024-05-21,Organic Search,North America,34,Pro
CUST-02698,2024-05-06,Content Marketing,Europe,35,Pro
CUST-02699,2024-05-27,Content Marketing,North America,44,Pro
CUST-02700,2024-05-24,Paid Ads,Europe,26,Pro
CUST-02701,2024-05-07,Paid Ads,Europe,44,Pro
CUST-02702,2024-05-02,Content Marketing,North America,24,Pro
CUST-02703,2024-05-19,Paid Ads,North America,35,Pro
CUST-02704,2024-05-24,Organic Search,Europe,14,Free
CUST-02705,2024-05-17,Organic Search,Europe,17,Free
CUST-02706,2024-05-22,Organic Search,North America,9,Pro
CUST-02707,2024-05-10,Referral,Europe,4,Pro
CUST-02708,2024-05-03,Organic Search,Europe,13,Free
CUST-02709,2024-05-14,Referral,Europe,8,Pro
CUST-02710,2024-05-12,Paid Ads,North America,1,Free
CUST-02711,2024-05-15,Content Marketing,Asia Pacific,6,Pro
CUST-02712,2024-05-26,Paid Ads,North America,9,Pro
CUST-02713,2024-05-07,Content Marketing,North America,1,Free
CUST-02714,2024-05-07,Content Marketing,Asia Pacific,18,Free
CUST-02715,2024-05-27,Organic Search,North America,5,Free
CUST-02716,2024-05-24,Referral,Latin America,35,Pro
CUST-02717,2024-05-05,Organic Search,Europe,24,Business
CUST-02718,2024-05-20,Content Marketing,North America,7,Free
CUST-02719,2024-05-19,Referral,North America,8,Free
CUST-02720,2024-05-03,Organic Search,North America,5,Free
CUST-02721,2024-05-04,Organic Search,North America,18,Pro
CUST-02722,2024-05-06,Paid Ads,Asia Pacific,16,Free
CUST-02723,2024-05-24,Content Marketing,Asia Pacific,5,Free
CUST-02724,2024-05-06,Content Marketing,North America,15,Free
CUST-02725,2024-05-26,Organic Search,North America,40,Pro
CUST-02726,2024-05-01,Organic Search,Europe,41,Pro
CUST-02727,2024-05-22,Paid Ads,Asia Pacific,22,Pro
CUST-02728,2024-05-22,Paid Ads,Europe,18,Free
CUST-02729,2024-05-14,Organic Search,Europe,90,Business
CUST-02730,2024-05-25,Organic Search,Europe,4,Free
CUST-02731,2024-05-01,Content Marketing,North America,42,Pro
CUST-02732,2024-05-02,Paid Ads,Asia Pacific,27,Pro
CUST-02733,2024-05-14,Referral,Latin America,19,Pro
CUST-02734,2024-05-12,Paid Ads,North America,1,Free
CUST-02735,2024-05-16,Paid Ads,Europe,6,Free
CUST-02736,2024-05-01,Referral,Europe,4,Pro
CUST-02737,2024-05-03,Organic Search,North America,5,Free
CUST-02738,2024-05-19,Organic Search,North America,42,Pro
CUST-02739,2024-05-05,Outbound Sales,North America,111,Business
CUST-02740,2024-05-22,Content Marketing,Europe,38,Pro
CUST-02741,2024-05-21,Referral,Europe,16,Free
CUST-02742,2024-05-05,Organic Search,North America,6,Free
CUST-02743,2024-05-11,Organic Search,Asia Pacific,19,Free
CUST-02744,2024-05-11,Organic Search,Asia Pacific,27,Pro
CUST-02745,2024-05-13,Content Marketing,North America,38,Pro
CUST-02746,2024-05-08,Content Marketing,North America,2,Free
CUST-02747,2024-05-21,Paid Ads,Europe,23,Pro
CUST-02748,2024-05-02,Outbound Sales,Latin America,143,Business
CUST-02749,2024-05-16,Organic Search,Asia Pacific,10,Pro
CUST-02750,2024-05-20,Paid Ads,Asia Pacific,14,Free
CUST-02751,2024-05-03,Organic Search,Asia Pacific,17,Free
CUST-02752,2024-05-23,Organic Search,Europe,45,Pro
CUST-02753,2024-05-14,Content Marketing,North America,17,Free
CUST-02754,2024-05-13,Content Marketing,Europe,11,Free
CUST-02755,2024-05-06,Organic Search,North America,39,Pro
CUST-02756,2024-05-07,Organic Search,North America,39,Pro
CUST-02757,2024-05-08,Paid Ads,Europe,2,Free
CUST-02758,2024-05-15,Organic Search,Asia Pacific,24,Pro
CUST-02759,2024-05-04,Paid Ads,North America,7,Free
CUST-02760,2024-05-02,Paid Ads,Europe,12,Pro
CUST-02761,2024-05-09,Organic Search,North America,15,Free
CUST-02762,2024-05-02,Organic Search,North America,93,Business
CUST-02763,2024-05-04,Organic Search,North America,10,Free
CUST-02764,2024-05-03,Content Marketing,North America,15,Free
CUST-02765,2024-05-03,Paid Ads,Europe,34,Pro
CUST-02766,2024-05-26,Paid Ads,North America,18,Pro
CUST-02767,2024-05-07,Organic Search,Europe,41,Business
CUST-02768,2024-05-05,Referral,North America,214,Business
CUST-02769,2024-05-23,Organic Search,Europe,27,Pro
CUST-02770,2024-05-20,Organic Search,Asia Pacific,49,Pro
CUST-02771,2024-05-27,Referral,Europe,23,Pro
CUST-02772,2024-05-21,Referral,Asia Pacific,50,Business
CUST-02773,2024-05-24,Organic Search,North America,49,Pro
CUST-02774,2024-05-11,Paid Ads,North America,19,Free
CUST-02775,2024-05-05,Outbound Sales,Europe,2331,Enterprise
CUST-02776,2024-05-10,Organic Search,North America,3,Free
CUST-02777,2024-05-07,Organic Search,Europe,16,Free
CUST-02778,2024-05-14,Paid Ads,North America,17,Free
CUST-02779,2024-05-10,Organic Search,North America,11,Pro
CUST-02780,2024-05-23,Referral,North America,21,Pro
CUST-02781,2024-05-26,Referral,Europe,232,Business
CUST-02782,2024-05-03,Paid Ads,North America,4,Free
CUST-02783,2024-05-13,Paid Ads,North America,11,Free
CUST-02784,2024-05-17,Paid Ads,North America,10,Free
CUST-02785,2024-05-06,Referral,North America,5,Free
CUST-02786,2024-05-20,Organic Search,Europe,5,Pro
CUST-02787,2024-05-27,Organic Search,Europe,6,Free
CUST-02788,2024-05-02,Referral,North America,16,Free
CUST-02789,2024-05-05,Organic Search,Europe,14,Free
CUST-02790,2024-05-06,Organic Search,Latin America,17,Pro
CUST-02791,2024-05-13,Paid Ads,Asia Pacific,19,Free
CUST-02792,2024-05-17,Referral,North America,123,Business
CUST-02793,2024-05-22,Organic Search,North America,55,Business
CUST-02794,2024-05-05,Referral,Asia Pacific,12,Pro
CUST-02795,2024-05-26,Content Marketing,North America,6,Free
CUST-02796,2024-05-25,Referral,North America,3,Free
CUST-02797,2024-05-08,Organic Search,Europe,2,Free
CUST-02798,2024-05-13,Content Marketing,North America,24,Pro
CUST-02799,2024-05-07,Organic Search,North America,39,Pro
CUST-02800,2024-05-05,Content Marketing,Europe,13,Free
CUST-02801,2024-05-13,Referral,North America,8,Free
CUST-02802,2024-05-24,Organic Search,Europe,41,Pro
CUST-02803,2024-05-20,Content Marketing,Asia Pacific,15,Pro
CUST-02804,2024-05-22,Paid Ads,Latin America,19,Free
CUST-02805,2024-05-05,Paid Ads,North America,16,Pro
CUST-02806,2024-05-19,Paid Ads,North America,21,Pro
CUST-02807,2024-05-06,Paid Ads,Europe,2,Free
CUST-02808,2024-05-23,Referral,North America,2,Free
CUST-02809,2024-05-21,Content Marketing,Latin America,13,Pro
CUST-02810,2024-05-23,Organic Search,Europe,39,Pro
CUST-02811,2024-05-03,Referral,Asia Pacific,232,Business
CUST-02812,2024-05-03,Referral,North America,40,Pro
CUST-02813,2024-05-05,Referral,Asia Pacific,46,Pro
CUST-02814,2024-05-04,Paid Ads,Asia Pacific,12,Free
CUST-02815,2024-05-23,Paid Ads,Asia Pacific,3,Free
CUST-02816,2024-05-10,Referral,Europe,24,Pro
CUST-02817,2024-05-23,Organic Search,Asia Pacific,17,Free
CUST-02818,2024-05-08,Organic Search,North America,12,Free
CUST-02819,2024-05-01,Paid Ads,North America,10,Free
CUST-02820,2024-05-19,Organic Search,North America,22,Pro
CUST-02821,2024-05-26,Organic Search,Asia Pacific,32,Pro
CUST-02822,2024-05-21,Organic Search,North America,12,Free
CUST-02823,2024-05-02,Referral,North America,12,Free
CUST-02824,2024-05-14,Outbound Sales,North America,683,Enterprise
CUST-02825,2024-05-08,Paid Ads,Europe,12,Free
CUST-02826,2024-05-12,Organic Search,Asia Pacific,44,Pro
CUST-02827,2024-05-21,Content Marketing,Asia Pacific,6,Free
CUST-02828,2024-05-02,Organic Search,North America,16,Free
CUST-02829,2024-05-01,Outbound Sales,North America,101,Business
CUST-02830,2024-05-22,Paid Ads,Asia Pacific,14,Free
CUST-02831,2024-05-17,Organic Search,Europe,24,Pro
CUST-02832,2024-05-08,Paid Ads,Europe,14,Free
CUST-02833,2024-05-24,Organic Search,Latin America,49,Pro
CUST-02834,2024-05-03,Content Marketing,Asia Pacific,17,Free
CUST-02835,2024-05-05,Organic Search,North America,19,Free
CUST-02836,2024-05-01,Content Marketing,North America,49,Pro
CUST-02837,2024-05-11,Referral,Europe,116,Business
CUST-02838,2024-05-13,Content Marketing,Europe,49,Pro
CUST-02839,2024-05-09,Content Marketing,Asia Pacific,12,Pro
CUST-02840,2024-05-24,Organic Search,North America,44,Pro
CUST-02841,2024-05-27,Paid Ads,North America,6,Free
CUST-02842,2024-05-08,Content Marketing,North America,48,Pro
CUST-02843,2024-05-12,Paid Ads,Latin America,12,Free
CUST-02844,2024-05-11,Organic Search,Europe,2,Free
CUST-02845,2024-05-01,Organic Search,Asia Pacific,13,Free
CUST-02846,2024-05-03,Organic Search,Asia Pacific,42,Pro
CUST-02847,2024-05-17,Content Marketing,Asia Pacific,27,Pro
CUST-02848,2024-05-02,Paid Ads,North America,12,Pro
CUST-02849,2024-05-07,Referral,North America,14,Pro
CUST-02850,2024-05-22,Outbound Sales,North America,3316,Enterprise
CUST-02851,2024-05-02,Organic Search,Asia Pacific,33,Pro
CUST-02852,2024-05-10,Referral,Asia Pacific,32,Pro
CUST-02853,2024-05-10,Organic Search,Europe,33,Pro
CUST-02854,2024-05-04,Organic Search,Europe,8,Free
CUST-02855,2024-05-04,Organic Search,Europe,45,Pro
CUST-02856,2024-05-06,Organic Search,Europe,35,Pro
CUST-02857,2024-05-17,Paid Ads,Europe,233,Business
CUST-02858,2024-05-12,Paid Ads,Europe,7,Pro
CUST-02859,2024-05-12,Organic Search,North America,14,Free
CUST-02860,2024-05-12,Organic Search,Asia Pacific,9,Pro
CUST-02861,2024-05-27,Referral,Asia Pacific,11,Pro
CUST-02862,2024-05-22,Organic Search,Asia Pacific,10,Free
CUST-02863,2024-05-06,Content Marketing,North America,18,Free
CUST-02864,2024-05-14,Content Marketing,Europe,14,Pro
CUST-02865,2024-05-11,Referral,North America,43,Pro
CUST-02866,2024-05-21,Paid Ads,Latin America,31,Pro
CUST-02867,2024-05-06,Referral,North America,16,Free
CUST-02868,2024-05-25,Referral,North America,17,Pro
CUST-02869,2024-05-08,Content Marketing,North America,45,Pro
CUST-02870,2024-05-20,Outbound Sales,Europe,3793,Enterprise
CUST-02871,2024-05-04,Paid Ads,Asia Pacific,19,Free
CUST-02872,2024-05-06,Paid Ads,Latin America,13,Free
CUST-02873,2024-05-11,Content Marketing,Europe,2,Free
CUST-02874,2024-05-03,Organic Search,North America,13,Free
CUST-02875,2024-05-21,Paid Ads,North America,16,Free
CUST-02876,2024-05-10,Referral,North America,227,Business
CUST-02877,2024-05-07,Referral,North America,12,Free
CUST-02878,2024-05-14,Paid Ads,North America,33,Pro
CUST-02879,2024-05-09,Organic Search,Asia Pacific,11,Pro
CUST-02880,2024-05-09,Organic Search,Latin America,3,Free
CUST-02881,2024-05-14,Paid Ads,Europe,3,Pro
CUST-02882,2024-05-14,Content Marketing,North America,1,Free
CUST-02883,2024-05-20,Content Marketing,Asia Pacific,20,Pro
CUST-02884,2024-05-20,Paid Ads,Latin America,20,Pro
CUST-02885,2024-05-17,Organic Search,North America,4,Free
CUST-02886,2024-05-16,Content Marketing,North America,19,Pro
CUST-02887,2024-05-23,Referral,North America,21,Pro
CUST-02888,2024-05-16,Paid Ads,Europe,19,Free
CUST-02889,2024-05-17,Paid Ads,North America,11,Pro
CUST-02890,2024-05-04,Organic Search,Europe,13,Free
CUST-02891,2024-05-12,Content Marketing,Asia Pacific,15,Business
CUST-02892,2024-05-20,Paid Ads,North America,4,Free
CUST-02893,2024-05-25,Paid Ads,Europe,32,Pro
CUST-02894,2024-05-12,Content Marketing,Europe,10,Free
CUST-02895,2024-05-21,Referral,Europe,21,Pro
CUST-02896,2024-05-09,Content Marketing,North America,8,Free
CUST-02897,2024-05-10,Paid Ads,Europe,41,Pro
CUST-02898,2024-05-24,Paid Ads,Europe,1,Free
CUST-02899,2024-05-23,Content Marketing,Asia Pacific,91,Business
CUST-02900,2024-05-17,Outbound Sales,North America,83,Business
CUST-02901,2024-05-21,Outbound Sales,North America,410,Enterprise
CUST-02902,2024-05-09,Content Marketing,North America,4,Free
CUST-02903,2024-05-15,Paid Ads,Asia Pacific,45,Pro
CUST-02904,2024-05-11,Organic Search,Asia Pacific,49,Pro
CUST-02905,2024-05-14,Paid Ads,North America,48,Pro
CUST-02906,2024-05-15,Content Marketing,Europe,3,Free
CUST-02907,2024-05-18,Paid Ads,Europe,15,Free
CUST-02908,2024-05-03,Referral,North America,49,Pro
CUST-02909,2024-05-24,Content Marketing,Asia Pacific,17,Free
CUST-02910,2024-05-16,Outbound Sales,Europe,1008,Enterprise
CUST-02911,2024-05-15,Content Marketing,North America,17,Business
CUST-02912,2024-05-02,Paid Ads,North America,22,Pro
CUST-02913,2024-05-19,Paid Ads,Europe,19,Free
CUST-02914,2024-05-24,Outbound Sales,North America,2594,Enterprise
CUST-02915,2024-05-04,Organic Search,Latin America,11,Free
CUST-02916,2024-05-23,Organic Search,Asia Pacific,2,Pro
CUST-02917,2024-05-20,Outbound Sales,North America,1129,Enterprise
CUST-02918,2024-05-27,Referral,Europe,41,Pro
CUST-02919,2024-05-25,Paid Ads,North America,4,Free
CUST-02920,2024-05-09,Organic Search,North America,12,Free
CUST-02921,2024-05-04,Paid Ads,Asia Pacific,3,Pro
CUST-02922,2024-05-19,Content Marketing,Europe,22,Pro
CUST-02923,2024-05-10,Paid Ads,Latin America,16,Pro
CUST-02924,2024-05-12,Paid Ads,Europe,14,Free
CUST-02925,2024-05-05,Paid Ads,North America,18,Free
CUST-02926,2024-05-16,Content Marketing,North America,116,Business
CUST-02927,2024-05-07,Content Marketing,North America,31,Pro
CUST-02928,2024-05-10,Paid Ads,Europe,9,Free
CUST-02929,2024-05-01,Paid Ads,North America,29,Pro
CUST-02930,2024-05-10,Organic Search,North America,14,Free
CUST-02931,2024-05-15,Paid Ads,North America,3,Pro
CUST-02932,2024-05-18,Organic Search,Europe,22,Pro
CUST-02933,2024-05-09,Paid Ads,Europe,13,Free
CUST-02934,2024-05-20,Paid Ads,North America,23,Pro
CUST-02935,2024-05-05,Organic Search,Europe,42,Pro
CUST-02936,2024-05-14,Organic Search,Asia Pacific,18,Pro
CUST-02937,2024-05-08,Organic Search,North America,10,Free
CUST-02938,2024-05-19,Organic Search,North America,41,Pro
CUST-02939,2024-05-19,Referral,Europe,17,Pro
CUST-02940,2024-05-06,Organic Search,Europe,36,Pro
CUST-02941,2024-05-13,Organic Search,Latin America,43,Pro
CUST-02942,2024-05-14,Outbound Sales,Latin America,223,Enterprise
CUST-02943,2024-05-07,Organic Search,Europe,12,Pro
CUST-02944,2024-05-22,Content Marketing,Europe,2,Free
CUST-02945,2024-05-18,Paid Ads,Asia Pacific,8,Free
CUST-02946,2024-05-13,Referral,North America,44,Pro
CUST-02947,2024-05-03,Paid Ads,North America,12,Free
CUST-02948,2024-05-16,Organic Search,North America,17,Free
CUST-02949,2024-05-24,Content Marketing,North America,12,Free
CUST-02950,2024-05-18,Content Marketing,Latin America,6,Pro
CUST-02951,2024-05-24,Paid Ads,Asia Pacific,6,Free
CUST-02952,2024-05-13,Referral,Europe,21,Pro
CUST-02953,2024-05-14,Paid Ads,Asia Pacific,7,Free
CUST-02954,2024-05-04,Content Marketing,North America,17,Free
CUST-02955,2024-05-25,Content Marketing,North America,14,Free
CUST-02956,2024-05-07,Organic Search,North America,16,Free
CUST-02957,2024-05-15,Content Marketing,Europe,40,Pro
CUST-02958,2024-05-23,Outbound Sales,Latin America,278,Enterprise
CUST-02959,2024-05-16,Referral,North America,184,Business
CUST-02960,2024-05-05,Organic Search,Asia Pacific,16,Free
CUST-02961,2024-05-17,Content Marketing,North America,5,Free
CUST-02962,2024-05-14,Referral,North America,31,Pro
CUST-02963,2024-05-02,Organic Search,Asia Pacific,4,Free
CUST-02964,2024-05-16,Content Marketing,Europe,9,Free
CUST-02965,2024-05-26,Paid Ads,Europe,29,Pro
CUST-02966,2024-05-27,Content Marketing,North America,15,Free
CUST-02967,2024-05-01,Referral,Asia Pacific,3,Free
CUST-02968,2024-05-17,Organic Search,North America,18,Pro
CUST-02969,2024-05-05,Outbound Sales,North America,3503,Enterprise
CUST-02970,2024-05-11,Paid Ads,North America,17,Free
CUST-02971,2024-05-12,Paid Ads,North America,178,Business
CUST-02972,2024-06-09,Organic Search,North America,5,Free
CUST-02973,2024-06-18,Organic Search,Latin America,2,Pro
CUST-02974,2024-06-01,Referral,North America,8,Pro
CUST-02975,2024-06-04,Paid Ads,North America,6,Free
CUST-02976,2024-06-03,Content Marketing,North America,29,Pro
CUST-02977,2024-06-04,Paid Ads,North America,6,Free
CUST-02978,2024-06-15,Paid Ads,North America,11,Free
CUST-02979,2024-06-21,Content Marketing,Asia Pacific,14,Pro
CUST-02980,2024-06-15,Content Marketing,Asia Pacific,15,Pro
CUST-02981,2024-06-09,Content Marketing,North America,2,Pro
CUST-02982,2024-06-22,Organic Search,North America,14,Free
CUST-02983,2024-06-24,Outbound Sales,Europe,232,Business
CUST-02984,2024-06-12,Content Marketing,North America,15,Free
CUST-02985,2024-06-19,Content Marketing,Latin America,16,Free
CUST-02986,2024-06-20,Referral,Europe,8,Pro
CUST-02987,2024-06-07,Outbound Sales,North America,2629,Enterprise
CUST-02988,2024-06-24,Paid Ads,Europe,7,Free
CUST-02989,2024-06-26,Referral,Europe,35,Pro
CUST-02990,2024-06-25,Referral,North America,6,Free
CUST-02991,2024-06-07,Referral,Europe,178,Business
CUST-02992,2024-06-19,Referral,Asia Pacific,117,Business
CUST-02993,2024-06-23,Organic Search,Europe,16,Free
CUST-02994,2024-06-15,Paid Ads,Europe,17,Pro
CUST-02995,2024-06-12,Paid Ads,Europe,33,Pro
CUST-02996,2024-06-21,Referral,North America,17,Free
CUST-02997,2024-06-25,Referral,North America,8,Free
CUST-02998,2024-06-09,Content Marketing,North America,39,Pro
CUST-02999,2024-06-13,Content Marketing,North America,31,Pro
CUST-03000,2024-06-20,Paid Ads,North America,8,Free
CUST-03001,2024-06-05,Organic Search,Europe,14,Free
CUST-03002,2024-06-24,Referral,North America,14,Free
CUST-03003,2024-06-04,Content Marketing,North America,3,Free
CUST-03004,2024-06-26,Referral,Europe,18,Pro
CUST-03005,2024-06-18,Content Marketing,Europe,44,Pro
CUST-03006,2024-06-26,Outbound Sales,Latin America,34,Pro
CUST-03007,2024-06-06,Paid Ads,Europe,3,Free
CUST-03008,2024-06-26,Referral,Asia Pacific,7,Pro
CUST-03009,2024-06-20,Paid Ads,Europe,2,Free
CUST-03010,2024-06-18,Paid Ads,Europe,4,Free
CUST-03011,2024-06-02,Organic Search,Latin America,46,Pro
CUST-03012,2024-06-05,Organic Search,North America,11,Free
CUST-03013,2024-06-13,Organic Search,Asia Pacific,30,Pro
CUST-03014,2024-06-09,Referral,North America,49,Pro
CUST-03015,2024-06-10,Organic Search,Europe,32,Pro
CUST-03016,2024-06-06,Paid Ads,Europe,17,Pro
CUST-03017,2024-06-10,Paid Ads,Europe,16,Free
CUST-03018,2024-06-13,Paid Ads,Europe,3,Pro
CUST-03019,2024-06-12,Content Marketing,Europe,20,Pro
CUST-03020,2024-06-11,Paid Ads,North America,17,Free
CUST-03021,2024-06-04,Organic Search,Europe,16,Free
CUST-03022,2024-06-08,Outbound Sales,Europe,3340,Enterprise
CUST-03023,2024-06-09,Content Marketing,Europe,9,Pro
CUST-03024,2024-06-03,Referral,Europe,3,Free
CUST-03025,2024-06-17,Referral,Asia Pacific,6,Pro
CUST-03026,2024-06-03,Organic Search,Latin America,11,Free
CUST-03027,2024-06-12,Referral,Asia Pacific,138,Business
CUST-03028,2024-06-25,Organic Search,North America,13,Free
CUST-03029,2024-06-14,Paid Ads,Asia Pacific,16,Free
CUST-03030,2024-06-06,Organic Search,Europe,20,Pro
CUST-03031,2024-06-07,Referral,Latin America,2,Pro
CUST-03032,2024-06-02,Organic Search,Latin America,60,Business
CUST-03033,2024-06-17,Organic Search,North America,39,Pro
CUST-03034,2024-06-25,Organic Search,Asia Pacific,95,Business
CUST-03035,2024-06-07,Referral,Europe,10,Free
CUST-03036,2024-06-05,Organic Search,North America,36,Pro
CUST-03037,2024-06-06,Paid Ads,North America,5,Free
CUST-03038,2024-06-22,Organic Search,Asia Pacific,6,Free
CUST-03039,2024-06-12,Content Marketing,Asia Pacific,1,Free
CUST-03040,2024-06-16,Organic Search,North America,17,Pro
CUST-03041,2024-06-16,Content Marketing,North America,5,Free
CUST-03042,2024-06-10,Organic Search,Asia Pacific,30,Pro
CUST-03043,2024-06-02,Organic Search,Asia Pacific,10,Pro
CUST-03044,2024-06-07,Organic Search,North America,1,Free
CUST-03045,2024-06-16,Organic Search,North America,14,Free
CUST-03046,2024-06-18,Paid Ads,Asia Pacific,17,Pro
CUST-03047,2024-06-20,Organic Search,Latin America,17,Free
CUST-03048,2024-06-18,Content Marketing,North America,47,Pro
CUST-03049,2024-06-22,Paid Ads,Europe,6,Pro
CUST-03050,2024-06-18,Organic Search,Latin America,20,Business
CUST-03051,2024-06-01,Paid Ads,Asia Pacific,221,Business
CUST-03052,2024-06-08,Organic Search,North America,46,Pro
CUST-03053,2024-06-01,Organic Search,Europe,3,Free
CUST-03054,2024-06-18,Organic Search,North America,18,Free
CUST-03055,2024-06-13,Organic Search,Latin America,30,Pro
CUST-03056,2024-06-04,Organic Search,Asia Pacific,2,Free
CUST-03057,2024-06-14,Content Marketing,Europe,27,Business
CUST-03058,2024-06-15,Referral,North America,16,Free
CUST-03059,2024-06-18,Content Marketing,Asia Pacific,7,Free
CUST-03060,2024-06-13,Organic Search,North America,3,Free
CUST-03061,2024-06-17,Content Marketing,Europe,10,Free
CUST-03062,2024-06-08,Paid Ads,Europe,22,Pro
CUST-03063,2024-06-20,Organic Search,Europe,22,Pro
CUST-03064,2024-06-07,Content Marketing,Asia Pacific,9,Pro
CUST-03065,2024-06-04,Organic Search,Asia Pacific,12,Free
CUST-03066,2024-06-04,Paid Ads,North America,43,Pro
CUST-03067,2024-06-22,Content Marketing,Asia Pacific,12,Free
CUST-03068,2024-06-07,Paid Ads,North America,6,Free
CUST-03069,2024-06-06,Paid Ads,Asia Pacific,11,Free
CUST-03070,2024-06-17,Paid Ads,North America,12,Free
CUST-03071,2024-06-16,Organic Search,Europe,12,Pro
CUST-03072,2024-06-24,Outbound Sales,Europe,2486,Enterprise
CUST-03073,2024-06-22,Organic Search,North America,38,Pro
CUST-03074,2024-06-05,Organic Search,Europe,42,Pro
CUST-03075,2024-06-06,Organic Search,Asia Pacific,17,Free
CUST-03076,2024-06-14,Content Marketing,North America,12,Free
CUST-03077,2024-06-25,Referral,Europe,38,Business
CUST-03078,2024-06-07,Paid Ads,North America,19,Free
CUST-03079,2024-06-03,Outbound Sales,Asia Pacific,2191,Enterprise
CUST-03080,2024-06-16,Organic Search,Asia Pacific,3,Free
CUST-03081,2024-06-14,Content Marketing,Europe,19,Free
CUST-03082,2024-06-01,Organic Search,Europe,47,Pro
CUST-03083,2024-06-19,Paid Ads,North America,3,Free
CUST-03084,2024-06-14,Organic Search,Asia Pacific,48,Pro
CUST-03085,2024-06-06,Outbound Sales,North America,1299,Enterprise
CUST-03086,2024-06-26,Content Marketing,Europe,10,Free
CUST-03087,2024-06-05,Paid Ads,Europe,1,Free
CUST-03088,2024-06-18,Organic Search,North America,37,Pro
CUST-03089,2024-06-16,Organic Search,North America,11,Free
CUST-03090,2024-06-09,Paid Ads,Europe,13,Free
CUST-03091,2024-06-15,Organic Search,North America,38,Business
CUST-03092,2024-06-09,Organic Search,Europe,11,Pro
CUST-03093,2024-06-15,Referral,North America,26,Pro
CUST-03094,2024-06-23,Paid Ads,Asia Pacific,9,Free
CUST-03095,2024-06-11,Content Marketing,North America,13,Free
CUST-03096,2024-06-17,Paid Ads,North America,19,Free
CUST-03097,2024-06-12,Paid Ads,Latin America,18,Free
CUST-03098,2024-06-17,Paid Ads,North America,14,Free
CUST-03099,2024-06-10,Organic Search,North America,10,Free
CUST-03100,2024-06-10,Referral,Latin America,33,Pro
CUST-03101,2024-06-10,Content Marketing,Europe,15,Free
CUST-03102,2024-06-19,Organic Search,Europe,20,Business
CUST-03103,2024-06-07,Organic Search,Europe,35,Business
CUST-03104,2024-06-12,Content Marketing,North America,36,Pro
CUST-03105,2024-06-13,Paid Ads,North America,26,Business
CUST-03106,2024-06-17,Paid Ads,North America,2,Free
CUST-03107,2024-06-09,Referral,Europe,6,Pro
CUST-03108,2024-06-14,Paid Ads,Europe,8,Free
CUST-03109,2024-06-24,Organic Search,Europe,45,Pro
CUST-03110,2024-06-18,Content Marketing,North America,43,Pro
CUST-03111,2024-06-12,Content Marketing,Latin America,43,Pro
CUST-03112,2024-06-20,Organic Search,North America,17,Pro
CUST-03113,2024-06-05,Organic Search,Asia Pacific,199,Business
CUST-03114,2024-06-18,Referral,Asia Pacific,11,Free
CUST-03115,2024-06-23,Paid Ads,North America,11,Pro
CUST-03116,2024-06-04,Paid Ads,North America,48,Pro
CUST-03117,2024-06-22,Paid Ads,North America,48,Pro
CUST-03118,2024-06-08,Referral,Europe,20,Pro
CUST-03119,2024-06-22,Paid Ads,Asia Pacific,197,Business
CUST-03120,2024-06-26,Organic Search,Europe,16,Pro
CUST-03121,2024-06-08,Organic Search,Europe,39,Pro
CUST-03122,2024-06-10,Paid Ads,Asia Pacific,14,Free
CUST-03123,2024-06-12,Content Marketing,Latin America,43,Pro
CUST-03124,2024-06-01,Paid Ads,Europe,14,Free
CUST-03125,2024-06-14,Paid Ads,Europe,2,Pro
CUST-03126,2024-06-09,Content Marketing,Europe,28,Pro
CUST-03127,2024-06-25,Paid Ads,North America,14,Free
CUST-03128,2024-06-06,Paid Ads,North America,1,Free
CUST-03129,2024-06-21,Organic Search,North America,13,Free
CUST-03130,2024-06-08,Referral,Europe,3,Free
CUST-03131,2024-06-20,Referral,North America,7,Pro
CUST-03132,2024-06-26,Content Marketing,North America,58,Business
CUST-03133,2024-06-19,Organic Search,Europe,3,Free
CUST-03134,2024-06-02,Paid Ads,Europe,5,Free
CUST-03135,2024-06-25,Organic Search,North America,18,Pro
CUST-03136,2024-06-04,Outbound Sales,Latin America,1859,Enterprise
CUST-03137,2024-06-05,Organic Search,North America,4,Pro
CUST-03138,2024-06-07,Referral,Europe,16,Free
CUST-03139,2024-06-09,Referral,Latin America,44,Pro
CUST-03140,2024-06-04,Organic Search,North America,3,Free
CUST-03141,2024-06-09,Paid Ads,Asia Pacific,1,Free
CUST-03142,2024-06-09,Organic Search,Europe,4,Free
CUST-03143,2024-06-08,Paid Ads,Latin America,11,Pro
CUST-03144,2024-06-19,Outbound Sales,Asia Pacific,1295,Enterprise
CUST-03145,2024-06-15,Paid Ads,Asia Pacific,46,Pro
CUST-03146,2024-06-19,Outbound Sales,Europe,1393,Enterprise
CUST-03147,2024-06-23,Organic Search,North America,12,Pro
CUST-03148,2024-06-10,Paid Ads,North America,18,Free
CUST-03149,2024-06-07,Content Marketing,Europe,10,Free
CUST-03150,2024-06-05,Content Marketing,Europe,33,Pro
CUST-03151,2024-06-20,Organic Search,Europe,17,Free
CUST-03152,2024-06-08,Referral,North America,41,Pro
CUST-03153,2024-06-27,Content Marketing,North America,16,Free
CUST-03154,2024-06-24,Referral,North America,8,Free
CUST-03155,2024-06-18,Referral,Europe,46,Pro
CUST-03156,2024-06-07,Organic Search,North America,104,Business
CUST-03157,2024-06-27,Organic Search,Asia Pacific,45,Pro
CUST-03158,2024-06-10,Paid Ads,Latin America,8,Free
CUST-03159,2024-06-05,Paid Ads,Asia Pacific,44,Pro
CUST-03160,2024-06-23,Organic Search,Europe,17,Free
CUST-03161,2024-06-10,Organic Search,Asia Pacific,19,Free
CUST-03162,2024-06-25,Paid Ads,North America,5,Free
CUST-03163,2024-06-04,Paid Ads,Europe,11,Free
CUST-03164,2024-06-07,Paid Ads,Asia Pacific,8,Pro
CUST-03165,2024-06-11,Paid Ads,North America,12,Free
CUST-03166,2024-06-12,Organic Search,Europe,40,Pro
CUST-03167,2024-06-04,Content Marketing,Europe,28,Pro
CUST-03168,2024-06-17,Paid Ads,North America,6,Free
CUST-03169,2024-06-08,Organic Search,Europe,3,Free
CUST-03170,2024-06-13,Paid Ads,North America,14,Pro
CUST-03171,2024-06-01,Paid Ads,North America,7,Free
CUST-03172,2024-06-03,Paid Ads,Asia Pacific,10,Free
CUST-03173,2024-06-14,Paid Ads,Europe,26,Pro
CUST-03174,2024-06-20,Referral,North America,25,Pro
CUST-03175,2024-06-08,Referral,Asia Pacific,3,Pro
CUST-03176,2024-06-14,Organic Search,North America,11,Pro
CUST-03177,2024-06-18,Organic Search,North America,6,Free
CUST-03178,2024-06-16,Organic Search,North America,24,Pro
CUST-03179,2024-06-18,Paid Ads,Latin America,10,Pro
CUST-03180,2024-06-18,Paid Ads,North America,11,Free
CUST-03181,2024-06-25,Referral,Latin America,5,Free
CUST-03182,2024-06-20,Organic Search,North America,144,Business
CUST-03183,2024-06-08,Referral,North America,43,Pro
CUST-03184,2024-06-26,Organic Search,North America,17,Free
CUST-03185,2024-06-15,Paid Ads,North America,46,Pro
CUST-03186,2024-06-02,Referral,North America,13,Free
CUST-03187,2024-06-23,Organic Search,Europe,49,Pro
CUST-03188,2024-06-21,Paid Ads,North America,19,Pro
CUST-03189,2024-06-14,Paid Ads,North America,15,Free
CUST-03190,2024-06-08,Referral,North America,17,Free
CUST-03191,2024-06-08,Organic Search,Latin America,13,Free
CUST-03192,2024-06-16,Content Marketing,Latin America,47,Pro
CUST-03193,2024-06-07,Outbound Sales,Latin America,3718,Enterprise
CUST-03194,2024-06-12,Content Marketing,Europe,10,Free
CUST-03195,2024-06-17,Organic Search,North America,37,Pro
CUST-03196,2024-06-04,Referral,Latin America,49,Pro
CUST-03197,2024-06-18,Organic Search,Latin America,6,Free
CUST-03198,2024-06-22,Content Marketing,North America,17,Free
CUST-03199,2024-06-24,Paid Ads,Europe,45,Pro
CUST-03200,2024-06-17,Organic Search,North America,3,Free
CUST-03201,2024-06-19,Organic Search,North America,36,Pro
CUST-03202,2024-06-25,Content Marketing,North America,11,Free
CUST-03203,2024-06-21,Content Marketing,North America,19,Free
CUST-03204,2024-06-22,Paid Ads,North America,16,Free
CUST-03205,2024-06-09,Paid Ads,Europe,14,Free
CUST-03206,2024-06-09,Referral,Europe,6,Free
CUST-03207,2024-06-23,Content Marketing,Asia Pacific,4,Pro
CUST-03208,2024-06-25,Referral,North America,49,Pro
CUST-03209,2024-06-23,Paid Ads,Europe,10,Free
CUST-03210,2024-06-17,Referral,North America,4,Free
CUST-03211,2024-06-16,Content Marketing,North America,6,Pro
CUST-03212,2024-06-07,Organic Search,North America,3,Pro
CUST-03213,2024-06-26,Paid Ads,Asia Pacific,29,Pro
CUST-03214,2024-06-21,Organic Search,Asia Pacific,6,Free
CUST-03215,2024-06-01,Paid Ads,North America,28,Pro
CUST-03216,2024-06-08,Content Marketing,North America,49,Pro
CUST-03217,2024-06-26,Organic Search,North America,59,Business
CUST-03218,2024-06-08,Paid Ads,Asia Pacific,18,Free
CUST-03219,2024-06-25,Organic Search,Europe,7,Pro
CUST-03220,2024-06-26,Content Marketing,North America,14,Free
CUST-03221,2024-06-02,Content Marketing,Europe,11,Free
CUST-03222,2024-06-15,Paid Ads,Europe,10,Free
CUST-03223,2024-06-21,Referral,Europe,34,Pro
CUST-03224,2024-06-09,Organic Search,North America,93,Business
CUST-03225,2024-06-10,Content Marketing,Asia Pacific,16,Free
CUST-03226,2024-06-17,Referral,Europe,12,Pro
CUST-03227,2024-06-13,Organic Search,Europe,29,Pro
CUST-03228,2024-06-08,Outbound Sales,Europe,1235,Enterprise
CUST-03229,2024-06-04,Organic Search,North America,20,Pro
CUST-03230,2024-06-25,Referral,Europe,5,Free
CUST-03231,2024-06-11,Organic Search,North America,8,Free
CUST-03232,2024-06-05,Referral,Asia Pacific,40,Business
CUST-03233,2024-06-21,Organic Search,Asia Pacific,10,Pro
CUST-03234,2024-06-16,Organic Search,Asia Pacific,44,Pro
CUST-03235,2024-06-10,Paid Ads,North America,14,Free
CUST-03236,2024-06-23,Outbound Sales,North America,31,Business
CUST-03237,2024-06-02,Organic Search,North America,43,Pro
CUST-03238,2024-06-05,Paid Ads,Europe,9,Pro
CUST-03239,2024-06-03,Paid Ads,North America,7,Pro
CUST-03240,2024-06-11,Content Marketing,Europe,49,Pro
CUST-03241,2024-06-01,Organic Search,Asia Pacific,39,Pro
CUST-03242,2024-06-13,Paid Ads,North America,37,Pro
CUST-03243,2024-06-06,Outbound Sales,North America,953,Enterprise
CUST-03244,2024-06-24,Organic Search,North America,43,Pro
CUST-03245,2024-06-15,Paid Ads,Asia Pacific,13,Free
CUST-03246,2024-06-22,Content Marketing,Europe,18,Free
CUST-03247,2024-07-19,Paid Ads,Europe,15,Free
CUST-03248,2024-07-06,Paid Ads,Asia Pacific,45,Pro
CUST-03249,2024-07-07,Paid Ads,Europe,6,Free
CUST-03250,2024-07-09,Paid Ads,North America,7,Free
CUST-03251,2024-07-09,Referral,North America,185,Business
CUST-03252,2024-07-07,Paid Ads,Latin America,4,Pro
CUST-03253,2024-07-21,Paid Ads,North America,13,Pro
CUST-03254,2024-07-07,Paid Ads,North America,1,Free
CUST-03255,2024-07-13,Outbound Sales,North America,1860,Enterprise
CUST-03256,2024-07-25,Organic Search,North America,34,Pro
CUST-03257,2024-07-07,Organic Search,North America,17,Free
CUST-03258,2024-07-14,Organic Search,North America,2,Free
CUST-03259,2024-07-12,Referral,Europe,8,Pro
CUST-03260,2024-07-17,Paid Ads,North America,30,Pro
CUST-03261,2024-07-17,Paid Ads,North America,12,Pro
CUST-03262,2024-07-27,Organic Search,Europe,205,Business
CUST-03263,2024-07-09,Content Marketing,Europe,6,Free
CUST-03264,2024-07-07,Paid Ads,Latin America,6,Free
CUST-03265,2024-07-25,Paid Ads,Europe,55,Business
CUST-03266,2024-07-27,Organic Search,Europe,218,Business
CUST-03267,2024-07-18,Organic Search,Europe,18,Pro
CUST-03268,2024-07-07,Organic Search,North America,18,Free
CUST-03269,2024-07-14,Paid Ads,North America,16,Free
CUST-03270,2024-07-25,Paid Ads,Europe,24,Pro
CUST-03271,2024-07-17,Organic Search,Asia Pacific,56,Business
CUST-03272,2024-07-05,Paid Ads,Latin America,17,Free
CUST-03273,2024-07-16,Organic Search,North America,15,Free
CUST-03274,2024-07-22,Paid Ads,North America,30,Pro
CUST-03275,2024-07-09,Organic Search,North America,15,Free
CUST-03276,2024-07-02,Organic Search,Asia Pacific,12,Free
CUST-03277,2024-07-22,Organic Search,North America,2,Free
CUST-03278,2024-07-16,Referral,Europe,42,Business
CUST-03279,2024-07-02,Content Marketing,North America,246,Business
CUST-03280,2024-07-13,Referral,North America,44,Pro
CUST-03281,2024-07-14,Organic Search,North America,8,Pro
CUST-03282,2024-07-24,Outbound Sales,North America,4569,Enterprise
CUST-03283,2024-07-04,Outbound Sales,North America,4332,Enterprise
CUST-03284,2024-07-02,Paid Ads,North America,17,Free
CUST-03285,2024-07-23,Organic Search,Asia Pacific,12,Free
CUST-03286,2024-07-20,Referral,Europe,46,Pro
CUST-03287,2024-07-20,Outbound Sales,Asia Pacific,3748,Enterprise
CUST-03288,2024-07-16,Content Marketing,Asia Pacific,10,Pro
CUST-03289,2024-07-12,Referral,North America,9,Free
CUST-03290,2024-07-01,Paid Ads,North America,17,Free
CUST-03291,2024-07-11,Outbound Sales,Latin America,2721,Enterprise
CUST-03292,2024-07-09,Organic Search,North America,6,Free
CUST-03293,2024-07-01,Organic Search,Europe,33,Pro
CUST-03294,2024-07-19,Content Marketing,North America,38,Pro
CUST-03295,2024-07-06,Organic Search,Asia Pacific,207,Business
CUST-03296,2024-07-24,Paid Ads,Asia Pacific,22,Pro
CUST-03297,2024-07-06,Organic Search,Europe,12,Free
CUST-03298,2024-07-12,Organic Search,Europe,6,Free
CUST-03299,2024-07-14,Organic Search,Asia Pacific,19,Free
CUST-03300,2024-07-24,Paid Ads,Asia Pacific,53,Business
CUST-03301,2024-07-02,Paid Ads,North America,6,Pro
CUST-03302,2024-07-11,Paid Ads,North America,25,Pro
CUST-03303,2024-07-07,Organic Search,North America,2,Pro
CUST-03304,2024-07-19,Content Marketing,North America,3,Free
CUST-03305,2024-07-05,Paid Ads,Europe,12,Free
CUST-03306,2024-07-06,Outbound Sales,North America,2078,Enterprise
CUST-03307,2024-07-20,Paid Ads,North America,8,Pro
CUST-03308,2024-07-09,Organic Search,North America,18,Free
CUST-03309,2024-07-07,Content Marketing,North America,45,Pro
CUST-03310,2024-07-22,Content Marketing,North America,40,Pro
CUST-03311,2024-07-13,Organic Search,Europe,111,Business
CUST-03312,2024-07-14,Referral,Latin America,8,Pro
CUST-03313,2024-07-26,Referral,Latin America,10,Free
CUST-03314,2024-07-19,Organic Search,North America,10,Free
CUST-03315,2024-07-09,Paid Ads,Europe,33,Pro
CUST-03316,2024-07-04,Organic Search,North America,13,Free
CUST-03317,2024-07-11,Organic Search,North America,14,Pro
CUST-03318,2024-07-08,Content Marketing,North America,11,Pro
CUST-03319,2024-07-24,Paid Ads,North America,11,Pro
CUST-03320,2024-07-18,Content Marketing,North America,11,Free
CUST-03321,2024-07-06,Referral,Europe,17,Pro
CUST-03322,2024-07-22,Outbound Sales,North America,539,Enterprise
CUST-03323,2024-07-02,Paid Ads,Europe,15,Pro
CUST-03324,2024-07-08,Paid Ads,Europe,14,Free
CUST-03325,2024-07-06,Organic Search,North America,42,Pro
CUST-03326,2024-07-07,Referral,North America,42,Pro
CUST-03327,2024-07-02,Paid Ads,Asia Pacific,35,Pro
CUST-03328,2024-07-17,Referral,Europe,6,Free
CUST-03329,2024-07-21,Paid Ads,Europe,10,Free
CUST-03330,2024-07-05,Organic Search,North America,141,Business
CUST-03331,2024-07-11,Content Marketing,North America,17,Free
CUST-03332,2024-07-05,Content Marketing,North America,47,Pro
CUST-03333,2024-07-06,Paid Ads,Latin America,18,Free
CUST-03334,2024-07-11,Referral,Asia Pacific,48,Pro
CUST-03335,2024-07-08,Paid Ads,Europe,16,Pro
CUST-03336,2024-07-20,Referral,North America,44,Pro
CUST-03337,2024-07-16,Paid Ads,North America,33,Pro
CUST-03338,2024-07-18,Paid Ads,North America,4,Free
CUST-03339,2024-07-08,Organic Search,Asia Pacific,9,Free
CUST-03340,2024-07-10,Organic Search,North America,39,Pro
CUST-03341,2024-07-06,Content Marketing,Europe,33,Pro
CUST-03342,2024-07-03,Paid Ads,North America,30,Pro
CUST-03343,2024-07-17,Organic Search,Europe,11,Free
CUST-03344,2024-07-07,Organic Search,Europe,28,Pro
CUST-03345,2024-07-20,Paid Ads,North America,12,Free
CUST-03346,2024-07-17,Referral,Europe,17,Free
CUST-03347,2024-07-06,Paid Ads,North America,19,Pro
CUST-03348,2024-07-13,Referral,Europe,11,Business
CUST-03349,2024-07-08,Content Marketing,Asia Pacific,13,Pro
CUST-03350,2024-07-27,Paid Ads,North America,42,Pro
CUST-03351,2024-07-03,Content Marketing,North America,14,Free
CUST-03352,2024-07-09,Organic Search,Latin America,49,Pro
CUST-03353,2024-07-05,Paid Ads,North America,18,Free
CUST-03354,2024-07-27,Organic Search,North America,16,Pro
CUST-03355,2024-07-15,Organic Search,North America,106,Business
CUST-03356,2024-07-20,Organic Search,Asia Pacific,72,Business
CUST-03357,2024-07-22,Organic Search,North America,6,Free
CUST-03358,2024-07-20,Content Marketing,Europe,19,Free
CUST-03359,2024-07-11,Paid Ads,North America,6,Free
CUST-03360,2024-07-02,Content Marketing,North America,4,Pro
CUST-03361,2024-07-15,Paid Ads,Europe,104,Business
CUST-03362,2024-07-27,Referral,North America,21,Business
CUST-03363,2024-07-11,Organic Search,North America,10,Pro
CUST-03364,2024-07-18,Paid Ads,Europe,5,Free
CUST-03365,2024-07-13,Paid Ads,Latin America,9,Free
CUST-03366,2024-07-14,Content Marketing,Europe,11,Pro
CUST-03367,2024-07-18,Content Marketing,Europe,11,Free
CUST-03368,2024-07-13,Organic Search,Asia Pacific,16,Free
CUST-03369,2024-07-10,Referral,Asia Pacific,23,Pro
CUST-03370,2024-07-02,Referral,Europe,10,Pro
CUST-03371,2024-07-06,Paid Ads,North America,3,Free
CUST-03372,2024-07-27,Organic Search,North America,34,Pro
CUST-03373,2024-07-25,Referral,North America,44,Pro
CUST-03374,2024-07-19,Content Marketing,Europe,6,Free
CUST-03375,2024-07-03,Paid Ads,North America,41,Pro
CUST-03376,2024-07-20,Paid Ads,North America,244,Business
CUST-03377,2024-07-22,Organic Search,Europe,48,Pro
CUST-03378,2024-07-17,Content Marketing,North America,81,Business
CUST-03379,2024-07-25,Organic Search,North America,6,Pro
CUST-03380,2024-07-24,Organic Search,North America,14,Pro
CUST-03381,2024-07-21,Organic Search,North America,119,Business
CUST-03382,2024-07-08,Content Marketing,North America,4,Free
CUST-03383,2024-07-04,Referral,North America,29,Business
CUST-03384,2024-07-05,Organic Search,North America,23,Pro
CUST-03385,2024-07-17,Organic Search,Asia Pacific,18,Free
CUST-03386,2024-07-13,Referral,North America,49,Pro
CUST-03387,2024-07-05,Paid Ads,North America,2,Pro
CUST-03388,2024-07-06,Organic Search,North America,12,Free
CUST-03389,2024-07-17,Outbound Sales,Europe,4822,Enterprise
CUST-03390,2024-07-15,Organic Search,Europe,2,Free
CUST-03391,2024-07-22,Paid Ads,North America,49,Pro
CUST-03392,2024-07-26,Organic Search,Europe,10,Free
CUST-03393,2024-07-24,Referral,Europe,28,Pro
CUST-03394,2024-07-06,Content Marketing,North America,48,Business
CUST-03395,2024-07-14,Paid Ads,Latin America,34,Pro
CUST-03396,2024-07-02,Referral,Europe,41,Pro
CUST-03397,2024-07-01,Content Marketing,North America,3,Free
CUST-03398,2024-07-05,Content Marketing,North America,48,Pro
CUST-03399,2024-07-11,Paid Ads,North America,7,Free
CUST-03400,2024-07-19,Paid Ads,North America,11,Free
CUST-03401,2024-07-06,Content Marketing,North America,19,Free
CUST-03402,2024-07-10,Organic Search,North America,13,Free
CUST-03403,2024-07-24,Organic Search,North America,2,Free
CUST-03404,2024-07-15,Organic Search,North America,12,Free
CUST-03405,2024-07-02,Content Marketing,Asia Pacific,8,Free
CUST-03406,2024-07-05,Organic Search,Latin America,27,Pro
CUST-03407,2024-07-27,Organic Search,Europe,7,Free
CUST-03408,2024-07-05,Referral,Europe,14,Pro
CUST-03409,2024-07-17,Organic Search,North America,12,Pro
CUST-03410,2024-07-07,Organic Search,Europe,1,Free
CUST-03411,2024-07-23,Paid Ads,Asia Pacific,6,Pro
CUST-03412,2024-07-19,Organic Search,Europe,198,Business
CUST-03413,2024-07-17,Outbound Sales,Asia Pacific,39,Pro
CUST-03414,2024-07-21,Organic Search,Europe,12,Free
CUST-03415,2024-07-14,Content Marketing,Asia Pacific,34,Pro
CUST-03416,2024-07-18,Paid Ads,Latin America,1,Free
CUST-03417,2024-07-18,Organic Search,Europe,26,Pro
CUST-03418,2024-07-24,Organic Search,Europe,39,Pro
CUST-03419,2024-07-05,Paid Ads,Europe,39,Pro
CUST-03420,2024-07-15,Paid Ads,Europe,27,Pro
CUST-03421,2024-07-08,Organic Search,North America,27,Pro
CUST-03422,2024-07-12,Outbound Sales,Latin America,2090,Enterprise
CUST-03423,2024-07-13,Paid Ads,Europe,12,Free
CUST-03424,2024-07-09,Content Marketing,North America,21,Pro
CUST-03425,2024-07-18,Organic Search,Europe,2,Pro
CUST-03426,2024-07-10,Organic Search,North America,14,Free
CUST-03427,2024-07-17,Paid Ads,North America,86,Business
CUST-03428,2024-07-10,Organic Search,Asia Pacific,38,Pro
CUST-03429,2024-07-05,Organic Search,Asia Pacific,6,Free
CUST-03430,2024-07-27,Organic Search,North America,14,Pro
CUST-03431,2024-07-23,Organic Search,North America,14,Pro
CUST-03432,2024-07-07,Referral,Europe,29,Pro
CUST-03433,2024-07-12,Organic Search,Europe,18,Free
CUST-03434,2024-07-18,Outbound Sales,North America,1549,Enterprise
CUST-03435,2024-07-02,Organic Search,Europe,5,Free
CUST-03436,2024-07-17,Paid Ads,North America,6,Free
CUST-03437,2024-07-04,Paid Ads,Asia Pacific,7,Free
CUST-03438,2024-07-01,Paid Ads,Europe,21,Pro
CUST-03439,2024-07-17,Content Marketing,North America,2,Free
CUST-03440,2024-07-19,Content Marketing,North America,179,Business
CUST-03441,2024-07-14,Organic Search,Europe,40,Pro
CUST-03442,2024-07-23,Paid Ads,Europe,128,Business
CUST-03443,2024-07-27,Content Marketing,Asia Pacific,5,Free
CUST-03444,2024-07-23,Organic Search,North America,18,Business
CUST-03445,2024-07-10,Paid Ads,Europe,3,Free
CUST-03446,2024-07-01,Organic Search,North America,5,Pro
CUST-03447,2024-07-12,Paid Ads,North America,19,Free
CUST-03448,2024-07-22,Paid Ads,Asia Pacific,18,Pro
CUST-03449,2024-07-14,Paid Ads,North America,7,Pro
CUST-03450,2024-07-17,Content Marketing,North America,45,Pro
CUST-03451,2024-07-21,Paid Ads,Europe,26,Pro
CUST-03452,2024-07-06,Content Marketing,Asia Pacific,19,Free
CUST-03453,2024-07-14,Referral,North America,209,Business
CUST-03454,2024-07-10,Paid Ads,North America,14,Free
CUST-03455,2024-07-25,Paid Ads,Europe,3,Free
CUST-03456,2024-07-24,Paid Ads,Europe,4,Free
CUST-03457,2024-07-13,Content Marketing,Asia Pacific,3,Free
CUST-03458,2024-07-04,Organic Search,North America,12,Free
CUST-03459,2024-07-04,Content Marketing,Asia Pacific,35,Pro
CUST-03460,2024-07-12,Paid Ads,North America,20,Pro
CUST-03461,2024-07-15,Paid Ads,Asia Pacific,18,Pro
CUST-03462,2024-07-08,Paid Ads,North America,19,Free
CUST-03463,2024-07-19,Paid Ads,North America,11,Pro
CUST-03464,2024-07-10,Referral,Europe,14,Free
CUST-03465,2024-07-27,Referral,Europe,29,Pro
CUST-03466,2024-07-05,Organic Search,Europe,45,Pro
CUST-03467,2024-07-24,Paid Ads,Asia Pacific,22,Pro
CUST-03468,2024-07-21,Paid Ads,North America,6,Free
CUST-03469,2024-07-11,Referral,North America,40,Pro
CUST-03470,2024-07-19,Paid Ads,North America,5,Pro
CUST-03471,2024-07-02,Organic Search,Europe,47,Pro
CUST-03472,2024-07-13,Referral,North America,139,Business
CUST-03473,2024-08-24,Paid Ads,Asia Pacific,19,Free
CUST-03474,2024-08-04,Referral,Asia Pacific,11,Pro
CUST-03475,2024-08-02,Organic Search,Latin America,7,Pro
CUST-03476,2024-08-15,Content Marketing,Asia Pacific,12,Free
CUST-03477,2024-08-09,Organic Search,North America,12,Free
CUST-03478,2024-08-18,Outbound Sales,Asia Pacific,739,Enterprise
CUST-03479,2024-08-12,Referral,North America,19,Pro
CUST-03480,2024-08-26,Organic Search,Asia Pacific,5,Free
CUST-03481,2024-08-01,Paid Ads,Latin America,15,Free
CUST-03482,2024-08-10,Organic Search,Asia Pacific,4,Free
CUST-03483,2024-08-22,Outbound Sales,North America,2070,Enterprise
CUST-03484,2024-08-13,Referral,North America,9,Free
CUST-03485,2024-08-18,Paid Ads,Europe,19,Pro
CUST-03486,2024-08-02,Paid Ads,North America,4,Free
CUST-03487,2024-08-09,Outbound Sales,North America,3557,Enterprise
CUST-03488,2024-08-12,Referral,Europe,6,Pro
CUST-03489,2024-08-20,Paid Ads,Europe,2,Free
CUST-03490,2024-08-01,Paid Ads,Europe,11,Free
CUST-03491,2024-08-01,Organic Search,Latin America,203,Business
CUST-03492,2024-08-23,Referral,North America,36,Pro
CUST-03493,2024-08-06,Paid Ads,Europe,10,Free
CUST-03494,2024-08-17,Content Marketing,Europe,18,Free
CUST-03495,2024-08-18,Paid Ads,Asia Pacific,18,Pro
CUST-03496,2024-08-22,Paid Ads,Asia Pacific,18,Free
CUST-03497,2024-08-11,Paid Ads,Latin America,11,Pro
CUST-03498,2024-08-05,Referral,Europe,30,Pro
CUST-03499,2024-08-13,Paid Ads,Europe,47,Pro
CUST-03500,2024-08-19,Content Marketing,Asia Pacific,4,Free
CUST-03501,2024-08-16,Organic Search,North America,21,Pro
CUST-03502,2024-08-11,Referral,North America,4,Free
CUST-03503,2024-08-17,Content Marketing,North America,20,Pro
CUST-03504,2024-08-24,Referral,Europe,25,Business
CUST-03505,2024-08-03,Paid Ads,North America,15,Free
CUST-03506,2024-08-18,Referral,Latin America,38,Pro
CUST-03507,2024-08-26,Organic Search,North America,19,Pro
CUST-03508,2024-08-27,Organic Search,North America,12,Pro
CUST-03509,2024-08-01,Content Marketing,North America,13,Free
CUST-03510,2024-08-14,Content Marketing,Asia Pacific,4,Free
CUST-03511,2024-08-17,Organic Search,North America,78,Business
CUST-03512,2024-08-15,Content Marketing,Europe,31,Pro
CUST-03513,2024-08-24,Paid Ads,Europe,38,Pro
CUST-03514,2024-08-18,Content Marketing,Europe,14,Free
CUST-03515,2024-08-27,Content Marketing,North America,15,Free
CUST-03516,2024-08-17,Content Marketing,North America,2,Free
CUST-03517,2024-08-02,Content Marketing,North America,17,Free
CUST-03518,2024-08-23,Outbound Sales,Europe,139,Business
CUST-03519,2024-08-17,Referral,Europe,7,Pro
CUST-03520,2024-08-11,Organic Search,Europe,3,Free
CUST-03521,2024-08-01,Paid Ads,North America,12,Free
CUST-03522,2024-08-24,Referral,Latin America,23,Business
CUST-03523,2024-08-16,Organic Search,Asia Pacific,12,Free
CUST-03524,2024-08-21,Content Marketing,Latin America,12,Free
CUST-03525,2024-08-04,Organic Search,Latin America,3,Free
CUST-03526,2024-08-05,Content Marketing,North America,18,Free
CUST-03527,2024-08-07,Paid Ads,Europe,114,Business
CUST-03528,2024-08-25,Content Marketing,Asia Pacific,10,Pro
CUST-03529,2024-08-18,Outbound Sales,Asia Pacific,4325,Enterprise
CUST-03530,2024-08-04,Paid Ads,Latin America,13,Free
CUST-03531,2024-08-08,Referral,Europe,16,Free
CUST-03532,2024-08-14,Organic Search,Asia Pacific,5,Pro
CUST-03533,2024-08-20,Content Marketing,Europe,38,Pro
CUST-03534,2024-08-18,Content Marketing,North America,7,Free
CUST-03535,2024-08-10,Organic Search,North America,48,Pro
CUST-03536,2024-08-12,Organic Search,Europe,13,Free
CUST-03537,2024-08-20,Paid Ads,Asia Pacific,13,Free
CUST-03538,2024-08-04,Organic Search,Europe,14,Free
CUST-03539,2024-08-04,Content Marketing,Europe,5,Free
CUST-03540,2024-08-20,Organic Search,Asia Pacific,7,Free
CUST-03541,2024-08-09,Content Marketing,Asia Pacific,198,Business
CUST-03542,2024-08-19,Outbound Sales,North America,1323,Enterprise
CUST-03543,2024-08-03,Content Marketing,North America,1,Free
CUST-03544,2024-08-17,Paid Ads,North America,49,Pro
CUST-03545,2024-08-12,Organic Search,Asia Pacific,33,Pro
CUST-03546,2024-08-16,Content Marketing,Latin America,14,Free
CUST-03547,2024-08-06,Referral,Latin America,49,Pro
CUST-03548,2024-08-04,Outbound Sales,North America,2501,Enterprise
CUST-03549,2024-08-10,Paid Ads,Europe,19,Free
CUST-03550,2024-08-24,Organic Search,Asia Pacific,8,Pro
CUST-03551,2024-08-04,Outbound Sales,Asia Pacific,41,Pro
CUST-03552,2024-08-20,Content Marketing,North America,46,Pro
CUST-03553,2024-08-04,Organic Search,Europe,3,Free
CUST-03554,2024-08-10,Referral,Europe,17,Free
CUST-03555,2024-08-17,Organic Search,Europe,12,Pro
CUST-03556,2024-08-25,Paid Ads,Asia Pacific,3,Pro
CUST-03557,2024-08-21,Paid Ads,Europe,8,Free
CUST-03558,2024-08-08,Paid Ads,North America,3,Free
CUST-03559,2024-08-18,Organic Search,North America,43,Pro
CUST-03560,2024-08-07,Organic Search,Europe,21,Pro
CUST-03561,2024-08-04,Paid Ads,Europe,25,Pro
CUST-03562,2024-08-26,Organic Search,North America,17,Free
CUST-03563,2024-08-04,Paid Ads,North America,10,Free
CUST-03564,2024-08-22,Paid Ads,North America,2,Free
CUST-03565,2024-08-02,Referral,Asia Pacific,42,Pro
CUST-03566,2024-08-19,Referral,Asia Pacific,35,Pro
CUST-03567,2024-08-14,Organic Search,North America,13,Pro
CUST-03568,2024-08-23,Organic Search,North America,20,Pro
CUST-03569,2024-08-21,Content Marketing,North America,19,Free
CUST-03570,2024-08-25,Content Marketing,Asia Pacific,13,Pro
CUST-03571,2024-08-27,Outbound Sales,Europe,1353,Enterprise
CUST-03572,2024-08-25,Outbound Sales,Europe,440,Enterprise
CUST-03573,2024-08-14,Referral,Latin America,1,Free
CUST-03574,2024-08-19,Content Marketing,Europe,42,Pro
CUST-03575,2024-08-17,Paid Ads,North America,32,Pro
CUST-03576,2024-08-27,Content Marketing,Latin America,12,Business
CUST-03577,2024-08-15,Outbound Sales,Europe,4956,Enterprise
CUST-03578,2024-08-02,Content Marketing,Europe,20,Pro
CUST-03579,2024-08-09,Paid Ads,Europe,17,Free
CUST-03580,2024-08-22,Paid Ads,North America,11,Free
CUST-03581,2024-08-26,Organic Search,Europe,158,Business
CUST-03582,2024-08-05,Paid Ads,North America,32,Pro
CUST-03583,2024-08-16,Content Marketing,North America,14,Free
CUST-03584,2024-08-17,Referral,Asia Pacific,3,Free
CUST-03585,2024-08-26,Organic Search,Latin America,12,Free
CUST-03586,2024-08-27,Referral,Asia Pacific,14,Pro
CUST-03587,2024-08-02,Paid Ads,Asia Pacific,9,Pro
CUST-03588,2024-08-02,Paid Ads,Europe,26,Pro
CUST-03589,2024-08-08,Paid Ads,North America,16,Free
CUST-03590,2024-08-22,Paid Ads,Europe,15,Free
CUST-03591,2024-08-01,Referral,Europe,37,Pro
CUST-03592,2024-08-09,Referral,North America,169,Business
CUST-03593,2024-08-27,Referral,Latin America,35,Pro
CUST-03594,2024-08-15,Paid Ads,Asia Pacific,6,Pro
CUST-03595,2024-08-08,Referral,North America,5,Pro
CUST-03596,2024-08-09,Organic Search,Latin America,151,Business
CUST-03597,2024-08-14,Paid Ads,North America,3,Free
CUST-03598,2024-08-03,Paid Ads,Europe,17,Free
CUST-03599,2024-08-21,Referral,North America,17,Free
CUST-03600,2024-08-18,Content Marketing,Europe,9,Free
CUST-03601,2024-08-20,Organic Search,North America,17,Pro
CUST-03602,2024-08-13,Content Marketing,Europe,3,Free
CUST-03603,2024-08-21,Organic Search,Latin America,155,Business
CUST-03604,2024-08-18,Paid Ads,North America,5,Pro
CUST-03605,2024-08-15,Content Marketing,North America,12,Free
CUST-03606,2024-08-24,Referral,Asia Pacific,45,Pro
CUST-03607,2024-08-24,Content Marketing,Latin America,48,Pro
CUST-03608,2024-08-15,Content Marketing,North America,14,Pro
CUST-03609,2024-08-01,Organic Search,Latin America,39,Pro
CUST-03610,2024-08-08,Outbound Sales,North America,4896,Enterprise
CUST-03611,2024-08-10,Content Marketing,North America,17,Pro
CUST-03612,2024-08-04,Paid Ads,North America,26,Pro
CUST-03613,2024-08-27,Organic Search,Europe,4,Pro
CUST-03614,2024-08-06,Organic Search,Latin America,7,Pro
CUST-03615,2024-08-20,Content Marketing,Europe,9,Pro
CUST-03616,2024-08-02,Outbound Sales,North America,4092,Enterprise
CUST-03617,2024-08-05,Content Marketing,Asia Pacific,45,Pro
CUST-03618,2024-08-16,Paid Ads,Asia Pacific,30,Pro
CUST-03619,2024-08-18,Organic Search,Asia Pacific,17,Free
CUST-03620,2024-08-20,Paid Ads,Europe,22,Pro
CUST-03621,2024-08-08,Paid Ads,Latin America,2,Free
CUST-03622,2024-08-18,Organic Search,Asia Pacific,49,Pro
CUST-03623,2024-08-12,Organic Search,North America,41,Pro
CUST-03624,2024-08-04,Organic Search,North America,4,Pro
CUST-03625,2024-08-10,Organic Search,North America,73,Business
CUST-03626,2024-08-13,Referral,Europe,7,Free
CUST-03627,2024-08-01,Paid Ads,Europe,9,Pro
CUST-03628,2024-08-23,Paid Ads,North America,18,Free
CUST-03629,2024-08-13,Paid Ads,North America,2,Free
CUST-03630,2024-08-13,Outbound Sales,Europe,86,Business
CUST-03631,2024-08-16,Referral,North America,218,Business
CUST-03632,2024-08-18,Referral,North America,43,Pro
CUST-03633,2024-08-26,Referral,Asia Pacific,146,Business
CUST-03634,2024-08-25,Referral,North America,20,Pro
CUST-03635,2024-08-21,Referral,Europe,2,Free
CUST-03636,2024-08-03,Paid Ads,Asia Pacific,25,Pro
CUST-03637,2024-08-22,Paid Ads,North America,43,Pro
CUST-03638,2024-08-23,Paid Ads,North America,33,Pro
CUST-03639,2024-08-27,Paid Ads,Europe,13,Free
CUST-03640,2024-08-01,Organic Search,Europe,6,Pro
CUST-03641,2024-08-09,Paid Ads,North America,16,Free
CUST-03642,2024-08-19,Paid Ads,Europe,13,Free
CUST-03643,2024-08-25,Paid Ads,Europe,6,Free
CUST-03644,2024-08-02,Paid Ads,Europe,14,Free
CUST-03645,2024-08-01,Organic Search,Asia Pacific,45,Pro
CUST-03646,2024-08-07,Organic Search,Asia Pacific,17,Free
CUST-03647,2024-08-05,Paid Ads,Europe,4,Pro
CUST-03648,2024-08-04,Referral,Europe,22,Pro
CUST-03649,2024-08-21,Organic Search,Europe,95,Business
CUST-03650,2024-08-21,Organic Search,North America,15,Free
CUST-03651,2024-08-21,Organic Search,North America,6,Pro
CUST-03652,2024-08-22,Paid Ads,North America,11,Free
CUST-03653,2024-08-21,Organic Search,Europe,42,Pro
CUST-03654,2024-08-23,Paid Ads,Latin America,16,Free
CUST-03655,2024-08-26,Paid Ads,Europe,9,Free
CUST-03656,2024-08-08,Content Marketing,North America,8,Pro
CUST-03657,2024-08-26,Referral,Asia Pacific,18,Pro
CUST-03658,2024-08-24,Organic Search,North America,46,Pro
CUST-03659,2024-08-11,Paid Ads,Europe,18,Free
CUST-03660,2024-08-07,Content Marketing,Europe,19,Pro
CUST-03661,2024-08-03,Organic Search,Asia Pacific,15,Free
CUST-03662,2024-08-09,Content Marketing,North America,15,Free
CUST-03663,2024-08-13,Paid Ads,Europe,9,Free
CUST-03664,2024-08-03,Organic Search,Asia Pacific,19,Free
CUST-03665,2024-08-25,Organic Search,North America,15,Pro
CUST-03666,2024-08-17,Content Marketing,Europe,17,Free
CUST-03667,2024-08-04,Outbound Sales,Asia Pacific,2639,Enterprise
CUST-03668,2024-08-24,Content Marketing,Asia Pacific,1,Free
CUST-03669,2024-08-21,Organic Search,Europe,4,Pro
CUST-03670,2024-08-23,Referral,Asia Pacific,48,Pro
CUST-03671,2024-08-14,Organic Search,Europe,16,Free
CUST-03672,2024-08-17,Paid Ads,Asia Pacific,19,Free
CUST-03673,2024-08-08,Referral,Europe,13,Free
CUST-03674,2024-08-20,Outbound Sales,Europe,89,Business
CUST-03675,2024-08-16,Paid Ads,North America,16,Free
CUST-03676,2024-08-08,Paid Ads,Latin America,10,Free
CUST-03677,2024-08-03,Organic Search,North America,11,Pro
CUST-03678,2024-08-26,Paid Ads,Asia Pacific,3,Free
CUST-03679,2024-08-02,Organic Search,North America,41,Pro
CUST-03680,2024-08-25,Content Marketing,North America,20,Pro
CUST-03681,2024-08-23,Organic Search,Asia Pacific,40,Pro
CUST-03682,2024-08-25,Referral,Europe,2,Free
CUST-03683,2024-08-24,Organic Search,Europe,13,Free
CUST-03684,2024-08-11,Paid Ads,Asia Pacific,12,Free
CUST-03685,2024-08-15,Organic Search,North America,49,Pro
CUST-03686,2024-08-12,Paid Ads,North America,9,Free
CUST-03687,2024-08-02,Paid Ads,Europe,13,Free
CUST-03688,2024-08-12,Referral,North America,19,Free
CUST-03689,2024-08-17,Content Marketing,North America,17,Free
CUST-03690,2024-08-08,Organic Search,Europe,40,Pro
CUST-03691,2024-08-17,Paid Ads,Europe,38,Pro
CUST-03692,2024-08-13,Content Marketing,North America,13,Free
CUST-03693,2024-08-09,Organic Search,Europe,4,Free
CUST-03694,2024-08-04,Content Marketing,North America,14,Free
CUST-03695,2024-08-15,Outbound Sales,North America,2677,Enterprise
CUST-03696,2024-08-26,Content Marketing,Europe,11,Free
CUST-03697,2024-08-12,Paid Ads,Europe,12,Pro
CUST-03698,2024-08-14,Referral,Latin America,33,Pro
CUST-03699,2024-08-01,Paid Ads,Asia Pacific,6,Free
CUST-03700,2024-08-03,Paid Ads,North America,7,Pro
CUST-03701,2024-08-16,Outbound Sales,Europe,300,Enterprise
CUST-03702,2024-08-13,Organic Search,Asia Pacific,29,Pro
CUST-03703,2024-08-05,Content Marketing,North America,165,Business
CUST-03704,2024-08-24,Paid Ads,North America,20,Pro
CUST-03705,2024-08-02,Organic Search,North America,17,Free
CUST-03706,2024-08-11,Referral,Asia Pacific,49,Pro
CUST-03707,2024-08-10,Content Marketing,North America,18,Free
CUST-03708,2024-08-03,Paid Ads,Europe,16,Pro
CUST-03709,2024-08-07,Content Marketing,Europe,13,Free
CUST-03710,2024-08-11,Paid Ads,Europe,7,Free
CUST-03711,2024-08-21,Content Marketing,North America,13,Free
CUST-03712,2024-08-13,Referral,Asia Pacific,13,Free
CUST-03713,2024-08-11,Content Marketing,Asia Pacific,4,Free
CUST-03714,2024-08-19,Organic Search,North America,1,Free
CUST-03715,2024-08-13,Paid Ads,Asia Pacific,11,Free
CUST-03716,2024-08-06,Content Marketing,North America,4,Free
CUST-03717,2024-08-25,Organic Search,North America,31,Pro
CUST-03718,2024-08-02,Paid Ads,Europe,17,Free
CUST-03719,2024-08-16,Content Marketing,North America,2,Pro
CUST-03720,2024-08-05,Referral,Europe,198,Business
CUST-03721,2024-08-01,Content Marketing,Europe,14,Pro
CUST-03722,2024-08-12,Referral,Asia Pacific,6,Pro
CUST-03723,2024-08-13,Content Marketing,Europe,7,Pro
CUST-03724,2024-08-10,Paid Ads,Asia Pacific,2,Free
CUST-03725,2024-08-24,Referral,North America,10,Free
CUST-03726,2024-08-04,Content Marketing,North America,8,Free
CUST-03727,2024-08-15,Referral,Latin America,7,Free
CUST-03728,2024-08-10,Organic Search,Asia Pacific,9,Pro
CUST-03729,2024-08-21,Paid Ads,Latin America,11,Pro
CUST-03730,2024-08-23,Paid Ads,Europe,41,Pro
CUST-03731,2024-08-10,Referral,Asia Pacific,17,Free
CUST-03732,2024-08-17,Paid Ads,Asia Pacific,23,Pro
CUST-03733,2024-08-26,Content Marketing,Asia Pacific,7,Free
CUST-03734,2024-08-23,Content Marketing,Asia Pacific,36,Pro
CUST-03735,2024-08-13,Organic Search,North America,44,Pro
CUST-03736,2024-08-04,Paid Ads,Asia Pacific,2,Pro
CUST-03737,2024-08-21,Paid Ads,North America,4,Free
CUST-03738,2024-08-04,Organic Search,Europe,49,Pro
CUST-03739,2024-08-10,Paid Ads,Asia Pacific,5,Free
CUST-03740,2024-08-22,Paid Ads,North America,12,Free
CUST-03741,2024-08-09,Content Marketing,North America,18,Free
CUST-03742,2024-08-12,Paid Ads,Europe,89,Business
CUST-03743,2024-08-22,Organic Search,North America,10,Free
CUST-03744,2024-08-25,Paid Ads,Europe,48,Pro
CUST-03745,2024-08-01,Content Marketing,Asia Pacific,9,Free
CUST-03746,2024-08-25,Paid Ads,Asia Pacific,2,Free
CUST-03747,2024-08-23,Organic Search,Europe,43,Pro
CUST-03748,2024-08-13,Content Marketing,North America,34,Pro
CUST-03749,2024-08-24,Organic Search,Europe,19,Pro
CUST-03750,2024-08-06,Organic Search,North America,49,Pro
CUST-03751,2024-08-24,Paid Ads,North America,37,Pro
CUST-03752,2024-08-22,Referral,North America,18,Free
CUST-03753,2024-08-03,Content Marketing,Asia Pacific,3,Free
CUST-03754,2024-08-25,Organic Search,Europe,10,Pro
CUST-03755,2024-08-18,Content Marketing,North America,5,Free
CUST-03756,2024-08-23,Referral,Asia Pacific,60,Business
CUST-03757,2024-08-24,Content Marketing,Europe,5,Pro
CUST-03758,2024-08-23,Content Marketing,Asia Pacific,19,Pro
CUST-03759,2024-08-08,Content Marketing,North America,17,Pro
CUST-03760,2024-08-05,Organic Search,Europe,203,Business
CUST-03761,2024-08-23,Organic Search,Europe,42,Pro
CUST-03762,2024-08-13,Content Marketing,North America,48,Pro
CUST-03763,2024-08-05,Paid Ads,Asia Pacific,18,Free
CUST-03764,2024-09-09,Paid Ads,Asia Pacific,4,Free
CUST-03765,2024-09-06,Referral,Europe,9,Free
CUST-03766,2024-09-14,Referral,North America,24,Pro
CUST-03767,2024-09-20,Organic Search,Asia Pacific,8,Free
CUST-03768,2024-09-22,Paid Ads,Asia Pacific,5,Free
CUST-03769,2024-09-22,Paid Ads,Latin America,36,Pro
CUST-03770,2024-09-10,Organic Search,North America,10,Free
CUST-03771,2024-09-17,Referral,Latin America,47,Pro
CUST-03772,2024-09-19,Organic Search,Latin America,3,Free
CUST-03773,2024-09-10,Content Marketing,Asia Pacific,18,Free
CUST-03774,2024-09-25,Organic Search,Europe,21,Pro
CUST-03775,2024-09-18,Referral,North America,11,Free
CUST-03776,2024-09-06,Organic Search,North America,34,Pro
CUST-03777,2024-09-10,Paid Ads,Asia Pacific,25,Pro
CUST-03778,2024-09-19,Organic Search,Europe,10,Free
CUST-03779,2024-09-02,Referral,Asia Pacific,12,Pro
CUST-03780,2024-09-24,Organic Search,North America,30,Pro
CUST-03781,2024-09-05,Content Marketing,North America,4,Free
CUST-03782,2024-09-18,Paid Ads,North America,13,Free
CUST-03783,2024-09-15,Outbound Sales,Europe,2092,Enterprise
CUST-03784,2024-09-03,Referral,Asia Pacific,22,Pro
CUST-03785,2024-09-06,Paid Ads,North America,6,Free
CUST-03786,2024-09-03,Content Marketing,North America,4,Pro
CUST-03787,2024-09-17,Organic Search,North America,6,Pro
CUST-03788,2024-09-20,Referral,Asia Pacific,19,Pro
CUST-03789,2024-09-12,Paid Ads,Asia Pacific,17,Free
CUST-03790,2024-09-20,Referral,Europe,2,Free
CUST-03791,2024-09-05,Organic Search,North America,14,Free
CUST-03792,2024-09-12,Paid Ads,Latin America,24,Pro
CUST-03793,2024-09-22,Referral,North America,237,Business
CUST-03794,2024-09-03,Paid Ads,Europe,10,Pro
CUST-03795,2024-09-17,Organic Search,North America,15,Free
CUST-03796,2024-09-05,Paid Ads,North America,176,Business
CUST-03797,2024-09-16,Content Marketing,Europe,3,Free
CUST-03798,2024-09-03,Organic Search,Asia Pacific,12,Free
CUST-03799,2024-09-04,Paid Ads,Europe,6,Pro
CUST-03800,2024-09-12,Outbound Sales,Europe,1698,Enterprise
CUST-03801,2024-09-08,Content Marketing,Europe,23,Pro
CUST-03802,2024-09-03,Organic Search,Latin America,37,Business
CUST-03803,2024-09-03,Paid Ads,Asia Pacific,25,Pro
CUST-03804,2024-09-16,Organic Search,North America,5,Pro
CUST-03805,2024-09-14,Content Marketing,North America,123,Business
CUST-03806,2024-09-22,Paid Ads,Europe,17,Free
CUST-03807,2024-09-10,Paid Ads,Europe,19,Free
CUST-03808,2024-09-19,Organic Search,Europe,40,Pro
CUST-03809,2024-09-18,Paid Ads,Europe,17,Free
CUST-03810,2024-09-24,Organic Search,Europe,31,Pro
CUST-03811,2024-09-26,Content Marketing,North America,13,Free
CUST-03812,2024-09-17,Paid Ads,Asia Pacific,1,Free
CUST-03813,2024-09-23,Paid Ads,Europe,36,Pro
CUST-03814,2024-09-10,Content Marketing,Europe,36,Pro
CUST-03815,2024-09-26,Organic Search,North America,16,Free
CUST-03816,2024-09-14,Organic Search,Asia Pacific,10,Free
CUST-03817,2024-09-02,Paid Ads,Latin America,5,Free
CUST-03818,2024-09-03,Content Marketing,Europe,47,Pro
CUST-03819,2024-09-03,Organic Search,Europe,4,Free
CUST-03820,2024-09-03,Content Marketing,Europe,29,Pro
CUST-03821,2024-09-22,Paid Ads,North America,13,Free
CUST-03822,2024-09-15,Paid Ads,North America,14,Free
CUST-03823,2024-09-01,Paid Ads,Europe,15,Free
CUST-03824,2024-09-19,Organic Search,North America,2,Free
CUST-03825,2024-09-06,Organic Search,North America,31,Pro
CUST-03826,2024-09-16,Referral,North America,30,Pro
CUST-03827,2024-09-15,Paid Ads,North America,17,Free
CUST-03828,2024-09-05,Paid Ads,Europe,11,Free
CUST-03829,2024-09-01,Content Marketing,Europe,14,Free
CUST-03830,2024-09-26,Organic Search,Asia Pacific,42,Pro
CUST-03831,2024-09-09,Paid Ads,North America,17,Free
CUST-03832,2024-09-09,Paid Ads,North America,16,Pro
CUST-03833,2024-09-15,Organic Search,North America,32,Pro
CUST-03834,2024-09-20,Outbound Sales,Europe,3836,Enterprise
CUST-03835,2024-09-15,Outbound Sales,Europe,2943,Enterprise
CUST-03836,2024-09-21,Organic Search,Asia Pacific,14,Free
CUST-03837,2024-09-07,Content Marketing,Asia Pacific,26,Business
CUST-03838,2024-09-01,Organic Search,North America,3,Free
CUST-03839,2024-09-01,Outbound Sales,North America,2164,Enterprise
CUST-03840,2024-09-14,Content Marketing,North America,39,Pro
CUST-03841,2024-09-05,Organic Search,Europe,28,Pro
CUST-03842,2024-09-24,Paid Ads,Asia Pacific,31,Pro
CUST-03843,2024-09-17,Content Marketing,North America,7,Free
CUST-03844,2024-09-19,Organic Search,Asia Pacific,17,Free
CUST-03845,2024-09-16,Paid Ads,Latin America,7,Pro
CUST-03846,2024-09-05,Referral,Europe,47,Business
CUST-03847,2024-09-27,Organic Search,Europe,29,Pro
CUST-03848,2024-09-23,Organic Search,North America,5,Free
CUST-03849,2024-09-15,Organic Search,Europe,6,Free
CUST-03850,2024-09-22,Referral,North America,12,Free
CUST-03851,2024-09-20,Paid Ads,Asia Pacific,16,Free
CUST-03852,2024-09-01,Paid Ads,North America,27,Pro
CUST-03853,2024-09-08,Organic Search,North America,30,Pro
CUST-03854,2024-09-07,Organic Search,North America,220,Business
CUST-03855,2024-09-05,Referral,North America,222,Business
CUST-03856,2024-09-24,Organic Search,Asia Pacific,14,Free
CUST-03857,2024-09-01,Referral,Latin America,28,Pro
CUST-03858,2024-09-25,Paid Ads,North America,20,Pro
CUST-03859,2024-09-23,Referral,North America,65,Business
CUST-03860,2024-09-17,Paid Ads,North America,20,Pro
CUST-03861,2024-09-01,Content Marketing,North America,67,Business
CUST-03862,2024-09-12,Organic Search,North America,168,Business
CUST-03863,2024-09-09,Content Marketing,Europe,36,Pro
CUST-03864,2024-09-14,Organic Search,Asia Pacific,1,Free
CUST-03865,2024-09-01,Organic Search,Asia Pacific,22,Pro
CUST-03866,2024-09-26,Paid Ads,Asia Pacific,18,Pro
CUST-03867,2024-09-18,Organic Search,North America,10,Free
CUST-03868,2024-09-12,Paid Ads,Latin America,15,Pro
CUST-03869,2024-09-19,Content Marketing,North America,26,Pro
CUST-03870,2024-09-10,Content Marketing,Asia Pacific,39,Pro
CUST-03871,2024-09-14,Paid Ads,North America,20,Business
CUST-03872,2024-09-21,Outbound Sales,Europe,3372,Enterprise
CUST-03873,2024-09-05,Paid Ads,North America,32,Pro
CUST-03874,2024-09-14,Organic Search,Europe,15,Pro
CUST-03875,2024-09-22,Content Marketing,North America,4,Free
CUST-03876,2024-09-13,Organic Search,Europe,32,Pro
CUST-03877,2024-09-02,Organic Search,North America,10,Free
CUST-03878,2024-09-09,Organic Search,North America,14,Pro
CUST-03879,2024-09-14,Organic Search,North America,120,Business
CUST-03880,2024-09-01,Organic Search,North America,9,Free
CUST-03881,2024-09-20,Organic Search,Europe,8,Pro
CUST-03882,2024-09-19,Paid Ads,North America,226,Business
CUST-03883,2024-09-23,Referral,Europe,6,Free
CUST-03884,2024-09-16,Content Marketing,Latin America,3,Free
CUST-03885,2024-09-16,Organic Search,North America,5,Free
CUST-03886,2024-09-14,Organic Search,North America,9,Pro
CUST-03887,2024-09-09,Paid Ads,Latin America,7,Free
CUST-03888,2024-09-20,Organic Search,Asia Pacific,3,Pro
CUST-03889,2024-09-06,Paid Ads,Latin America,8,Pro
CUST-03890,2024-09-02,Referral,Europe,25,Pro
CUST-03891,2024-09-25,Content Marketing,North America,12,Pro
CUST-03892,2024-09-12,Organic Search,Europe,14,Pro
CUST-03893,2024-09-22,Referral,Asia Pacific,205,Business
CUST-03894,2024-09-02,Referral,North America,116,Business
CUST-03895,2024-09-17,Content Marketing,Europe,1,Free
CUST-03896,2024-09-03,Organic Search,Latin America,19,Free
CUST-03897,2024-09-12,Referral,Europe,17,Pro
CUST-03898,2024-09-21,Referral,Asia Pacific,3,Free
CUST-03899,2024-09-17,Organic Search,Europe,5,Free
CUST-03900,2024-09-12,Referral,Europe,26,Pro
CUST-03901,2024-09-03,Referral,Europe,204,Business
CUST-03902,2024-09-26,Organic Search,North America,40,Pro
CUST-03903,2024-09-20,Paid Ads,North America,40,Pro
CUST-03904,2024-09-26,Paid Ads,Asia Pacific,15,Free
CUST-03905,2024-09-17,Content Marketing,Europe,39,Pro
CUST-03906,2024-09-26,Organic Search,North America,12,Free
CUST-03907,2024-09-06,Paid Ads,North America,3,Free
CUST-03908,2024-09-10,Organic Search,Latin America,174,Business
CUST-03909,2024-09-12,Referral,Asia Pacific,11,Free
CUST-03910,2024-09-21,Referral,Asia Pacific,228,Business
CUST-03911,2024-09-27,Paid Ads,Europe,8,Free
CUST-03912,2024-09-12,Paid Ads,Asia Pacific,3,Free
CUST-03913,2024-09-03,Organic Search,Europe,49,Business
CUST-03914,2024-09-11,Organic Search,North America,34,Pro
CUST-03915,2024-09-26,Referral,North America,128,Business
CUST-03916,2024-09-27,Organic Search,Europe,17,Free
CUST-03917,2024-09-27,Content Marketing,Asia Pacific,47,Pro
CUST-03918,2024-09-01,Referral,Asia Pacific,13,Pro
CUST-03919,2024-09-23,Content Marketing,North America,7,Free
CUST-03920,2024-09-26,Organic Search,Europe,25,Pro
CUST-03921,2024-09-03,Paid Ads,Latin America,17,Free
CUST-03922,2024-09-10,Organic Search,Europe,19,Free
CUST-03923,2024-09-23,Content Marketing,Asia Pacific,8,Pro
CUST-03924,2024-09-02,Referral,North America,2,Free
CUST-03925,2024-09-09,Referral,North America,31,Pro
CUST-03926,2024-09-23,Referral,Latin America,174,Business
CUST-03927,2024-09-05,Organic Search,Europe,1,Free
CUST-03928,2024-09-26,Paid Ads,Europe,17,Free
CUST-03929,2024-09-18,Content Marketing,North America,28,Pro
CUST-03930,2024-09-23,Organic Search,North America,87,Business
CUST-03931,2024-09-25,Outbound Sales,North America,962,Enterprise
CUST-03932,2024-09-03,Content Marketing,Asia Pacific,15,Free
CUST-03933,2024-09-24,Outbound Sales,Europe,1821,Enterprise
CUST-03934,2024-09-11,Content Marketing,Europe,22,Pro
CUST-03935,2024-09-14,Organic Search,Europe,11,Free
CUST-03936,2024-09-09,Paid Ads,Latin America,5,Free
CUST-03937,2024-09-16,Organic Search,Asia Pacific,4,Free
CUST-03938,2024-09-11,Referral,North America,36,Pro
CUST-03939,2024-09-19,Organic Search,North America,37,Pro
CUST-03940,2024-09-01,Content Marketing,North America,14,Free
CUST-03941,2024-09-21,Organic Search,North America,9,Free
CUST-03942,2024-09-16,Organic Search,North America,34,Pro
CUST-03943,2024-09-24,Organic Search,Europe,3,Free
CUST-03944,2024-09-08,Referral,Europe,11,Pro
CUST-03945,2024-09-16,Organic Search,Asia Pacific,7,Free
CUST-03946,2024-09-10,Organic Search,Latin America,32,Pro
CUST-03947,2024-09-07,Organic Search,Europe,41,Pro
CUST-03948,2024-09-09,Organic Search,Europe,10,Free
CUST-03949,2024-09-13,Content Marketing,Europe,45,Pro
CUST-03950,2024-09-13,Paid Ads,Europe,7,Free
CUST-03951,2024-09-27,Organic Search,North America,39,Pro
CUST-03952,2024-09-20,Organic Search,North America,5,Free
CUST-03953,2024-09-05,Organic Search,North America,17,Free
CUST-03954,2024-09-02,Paid Ads,Europe,47,Pro
CUST-03955,2024-09-27,Organic Search,North America,36,Pro
CUST-03956,2024-09-14,Organic Search,Europe,12,Free
CUST-03957,2024-09-10,Organic Search,Latin America,47,Pro
CUST-03958,2024-09-18,Organic Search,Europe,35,Pro
CUST-03959,2024-09-03,Referral,North America,46,Pro
CUST-03960,2024-09-22,Organic Search,Latin America,16,Free
CUST-03961,2024-09-20,Referral,Europe,16,Free
CUST-03962,2024-09-20,Referral,Europe,30,Pro
CUST-03963,2024-09-06,Content Marketing,Europe,13,Free
CUST-03964,2024-09-20,Organic Search,Europe,13,Free
CUST-03965,2024-09-20,Content Marketing,North America,231,Business
CUST-03966,2024-09-27,Content Marketing,Europe,170,Business
CUST-03967,2024-09-27,Outbound Sales,Asia Pacific,1377,Enterprise
CUST-03968,2024-09-25,Content Marketing,Europe,8,Pro
CUST-03969,2024-09-09,Organic Search,North America,38,Pro
CUST-03970,2024-09-07,Content Marketing,Asia Pacific,14,Free
CUST-03971,2024-09-03,Content Marketing,Europe,1,Free
CUST-03972,2024-09-06,Organic Search,Europe,192,Business
CUST-03973,2024-09-18,Organic Search,Asia Pacific,16,Free
CUST-03974,2024-09-25,Content Marketing,North America,3,Free
CUST-03975,2024-09-13,Organic Search,Europe,17,Pro
CUST-03976,2024-09-12,Content Marketing,Europe,152,Business
CUST-03977,2024-09-20,Paid Ads,Asia Pacific,118,Business
CUST-03978,2024-09-14,Referral,Europe,35,Pro
CUST-03979,2024-09-10,Organic Search,Europe,9,Free
CUST-03980,2024-09-05,Referral,Latin America,23,Pro
CUST-03981,2024-09-01,Paid Ads,North America,25,Pro
CUST-03982,2024-09-13,Content Marketing,Europe,5,Free
CUST-03983,2024-09-14,Organic Search,Europe,19,Free
CUST-03984,2024-09-03,Organic Search,North America,6,Free
CUST-03985,2024-09-19,Organic Search,North America,2,Free
CUST-03986,2024-09-21,Organic Search,Asia Pacific,16,Pro
CUST-03987,2024-09-01,Outbound Sales,North America,3494,Enterprise
CUST-03988,2024-09-07,Organic Search,North America,33,Pro
CUST-03989,2024-09-01,Organic Search,North America,227,Business
CUST-03990,2024-09-11,Content Marketing,North America,11,Business
CUST-03991,2024-09-27,Organic Search,North America,7,Free
CUST-03992,2024-09-09,Organic Search,Europe,5,Pro
CUST-03993,2024-09-07,Referral,Europe,19,Pro
CUST-03994,2024-09-24,Paid Ads,Europe,12,Free
CUST-03995,2024-09-15,Content Marketing,Asia Pacific,50,Business
CUST-03996,2024-09-01,Referral,Latin America,17,Pro
CUST-03997,2024-09-27,Organic Search,North America,2,Free
CUST-03998,2024-09-08,Paid Ads,Asia Pacific,29,Pro
CUST-03999,2024-09-06,Content Marketing,North America,212,Business
CUST-04000,2024-09-24,Paid Ads,Asia Pacific,43,Pro
CUST-04001,2024-09-13,Referral,North America,36,Pro
CUST-04002,2024-09-10,Paid Ads,Asia Pacific,16,Free
CUST-04003,2024-09-20,Paid Ads,North America,18,Free
CUST-04004,2024-09-05,Referral,North America,77,Business
CUST-04005,2024-09-10,Organic Search,Europe,96,Business
CUST-04006,2024-09-20,Paid Ads,Latin America,17,Free
CUST-04007,2024-09-06,Organic Search,North America,1,Free
CUST-04008,2024-09-07,Referral,North America,14,Free
CUST-04009,2024-09-14,Paid Ads,North America,12,Free
CUST-04010,2024-09-07,Organic Search,Asia Pacific,32,Pro
CUST-04011,2024-09-26,Organic Search,Asia Pacific,38,Pro
CUST-04012,2024-09-17,Content Marketing,North America,9,Free
CUST-04013,2024-09-02,Organic Search,North America,10,Free
CUST-04014,2024-09-07,Organic Search,Asia Pacific,27,Pro
CUST-04015,2024-09-03,Organic Search,Asia Pacific,196,Business
CUST-04016,2024-09-25,Paid Ads,North America,5,Free
CUST-04017,2024-09-19,Organic Search,Europe,8,Pro
CUST-04018,2024-09-25,Content Marketing,Latin America,11,Free
CUST-04019,2024-09-02,Referral,Europe,43,Pro
CUST-04020,2024-09-17,Organic Search,North America,10,Free
CUST-04021,2024-09-05,Paid Ads,Latin America,23,Pro
CUST-04022,2024-09-27,Organic Search,North America,19,Free
CUST-04023,2024-09-16,Organic Search,Europe,37,Pro
CUST-04024,2024-09-06,Paid Ads,North America,48,Pro
CUST-04025,2024-09-16,Organic Search,North America,11,Free
CUST-04026,2024-09-16,Content Marketing,Asia Pacific,14,Free
CUST-04027,2024-09-09,Paid Ads,Latin America,8,Free
CUST-04028,2024-09-20,Organic Search,North America,35,Pro
CUST-04029,2024-09-01,Outbound Sales,North America,2406,Enterprise
CUST-04030,2024-09-18,Paid Ads,Europe,40,Pro
CUST-04031,2024-09-16,Organic Search,Europe,11,Free
CUST-04032,2024-09-14,Paid Ads,Europe,13,Free
CUST-04033,2024-09-12,Outbound Sales,Europe,4414,Enterprise
CUST-04034,2024-09-07,Paid Ads,Asia Pacific,134,Business
CUST-04035,2024-09-24,Paid Ads,North America,49,Pro
CUST-04036,2024-09-27,Paid Ads,Europe,3,Free
CUST-04037,2024-09-14,Organic Search,Asia Pacific,9,Free
CUST-04038,2024-09-15,Organic Search,Latin America,2,Free
CUST-04039,2024-09-01,Paid Ads,Asia Pacific,7,Pro
CUST-04040,2024-09-15,Content Marketing,North America,8,Free
CUST-04041,2024-09-22,Referral,North America,1,Free
CUST-04042,2024-09-13,Organic Search,Europe,14,Free
CUST-04043,2024-09-04,Paid Ads,North America,11,Free
CUST-04044,2024-09-23,Organic Search,North America,26,Pro
CUST-04045,2024-09-24,Organic Search,North America,33,Pro
CUST-04046,2024-09-26,Referral,North America,146,Business
CUST-04047,2024-09-05,Organic Search,Europe,18,Free
CUST-04048,2024-09-27,Content Marketing,Asia Pacific,32,Pro
CUST-04049,2024-09-18,Paid Ads,North America,117,Business
CUST-04050,2024-09-05,Referral,North America,4,Free
CUST-04051,2024-09-02,Content Marketing,Europe,42,Business
CUST-04052,2024-09-09,Referral,Asia Pacific,98,Business
CUST-04053,2024-09-19,Content Marketing,Asia Pacific,14,Free
CUST-04054,2024-09-02,Content Marketing,Europe,7,Free
CUST-04055,2024-09-08,Paid Ads,North America,14,Free
CUST-04056,2024-09-12,Organic Search,Europe,11,Free
CUST-04057,2024-09-26,Organic Search,North America,16,Free
CUST-04058,2024-09-06,Content Marketing,North America,14,Free
CUST-04059,2024-09-12,Organic Search,Europe,5,Pro
CUST-04060,2024-09-15,Content Marketing,Asia Pacific,9,Pro
CUST-04061,2024-09-26,Organic Search,Latin America,12,Pro
CUST-04062,2024-09-25,Referral,Asia Pacific,30,Pro
CUST-04063,2024-09-27,Organic Search,North America,128,Business
CUST-04064,2024-09-12,Outbound Sales,Europe,494,Enterprise
CUST-04065,2024-09-18,Organic Search,Asia Pacific,5,Free
CUST-04066,2024-09-04,Paid Ads,Europe,4,Free
CUST-04067,2024-09-18,Content Marketing,Europe,9,Free
CUST-04068,2024-09-07,Organic Search,North America,2,Free
CUST-04069,2024-09-22,Organic Search,Latin America,38,Pro
CUST-04070,2024-09-04,Content Marketing,North America,43,Pro
CUST-04071,2024-09-03,Content Marketing,Europe,18,Pro
CUST-04072,2024-09-09,Organic Search,Europe,8,Pro
CUST-04073,2024-09-02,Paid Ads,Europe,8,Free
CUST-04074,2024-09-27,Organic Search,Asia Pacific,12,Free
CUST-04075,2024-09-14,Organic Search,North America,18,Free
CUST-04076,2024-09-20,Paid Ads,Asia Pacific,13,Free
CUST-04077,2024-09-10,Organic Search,Asia Pacific,5,Free
CUST-04078,2024-09-06,Paid Ads,Latin America,11,Free
CUST-04079,2024-09-13,Organic Search,Asia Pacific,6,Free
CUST-04080,2024-09-12,Content Marketing,North America,19,Free
CUST-04081,2024-09-08,Paid Ads,North America,1,Free
CUST-04082,2024-09-25,Organic Search,Europe,16,Free
CUST-04083,2024-09-23,Content Marketing,Europe,8,Pro
CUST-04084,2024-09-02,Content Marketing,North America,7,Free
CUST-04085,2024-09-09,Organic Search,Latin America,5,Free
CUST-04086,2024-09-13,Outbound Sales,North America,655,Enterprise
CUST-04087,2024-09-11,Organic Search,North America,12,Free
CUST-04088,2024-09-23,Organic Search,Europe,47,Pro
CUST-04089,2024-09-27,Paid Ads,Europe,45,Pro
CUST-04090,2024-09-12,Organic Search,North America,6,Free
CUST-04091,2024-09-16,Referral,Europe,17,Pro
CUST-04092,2024-09-23,Paid Ads,North America,46,Pro
CUST-04093,2024-09-09,Content Marketing,Europe,4,Pro
CUST-04094,2024-09-21,Organic Search,North America,11,Free
CUST-04095,2024-09-21,Organic Search,North America,7,Pro
CUST-04096,2024-09-15,Paid Ads,Latin America,25,Pro
CUST-04097,2024-09-19,Organic Search,Europe,17,Pro
CUST-04098,2024-09-27,Content Marketing,North America,8,Free
CUST-04099,2024-09-13,Referral,Europe,33,Pro
CUST-04100,2024-09-09,Content Marketing,North America,40,Pro
CUST-04101,2024-09-01,Referral,North America,2,Free
CUST-04102,2024-09-23,Organic Search,North America,22,Pro
CUST-04103,2024-09-20,Organic Search,North America,44,Business
CUST-04104,2024-10-02,Content Marketing,Europe,150,Business
CUST-04105,2024-10-26,Paid Ads,North America,30,Pro
CUST-04106,2024-10-16,Paid Ads,Asia Pacific,4,Pro
CUST-04107,2024-10-24,Organic Search,Europe,16,Business
CUST-04108,2024-10-18,Content Marketing,Asia Pacific,10,Free
CUST-04109,2024-10-19,Organic Search,Latin America,18,Free
CUST-04110,2024-10-15,Content Marketing,North America,91,Business
CUST-04111,2024-10-21,Organic Search,North America,9,Pro
CUST-04112,2024-10-19,Referral,North America,16,Pro
CUST-04113,2024-10-24,Paid Ads,Asia Pacific,12,Free
CUST-04114,2024-10-11,Organic Search,Europe,8,Pro
CUST-04115,2024-10-09,Organic Search,Asia Pacific,9,Free
CUST-04116,2024-10-18,Organic Search,North America,9,Free
CUST-04117,2024-10-07,Referral,North America,170,Business
CUST-04118,2024-10-11,Referral,North America,8,Free
CUST-04119,2024-10-02,Organic Search,Europe,10,Pro
CUST-04120,2024-10-11,Paid Ads,Asia Pacific,40,Pro
CUST-04121,2024-10-01,Organic Search,Asia Pacific,10,Free
CUST-04122,2024-10-24,Referral,Asia Pacific,163,Business
CUST-04123,2024-10-24,Content Marketing,North America,5,Free
CUST-04124,2024-10-16,Content Marketing,North America,5,Free
CUST-04125,2024-10-26,Content Marketing,Europe,13,Free
CUST-04126,2024-10-26,Organic Search,Europe,22,Pro
CUST-04127,2024-10-19,Organic Search,North America,46,Pro
CUST-04128,2024-10-17,Content Marketing,North America,1,Free
CUST-04129,2024-10-17,Organic Search,North America,15,Free
CUST-04130,2024-10-08,Organic Search,Europe,17,Free
CUST-04131,2024-10-03,Organic Search,Asia Pacific,49,Pro
CUST-04132,2024-10-09,Referral,North America,46,Pro
CUST-04133,2024-10-03,Referral,North America,28,Pro
CUST-04134,2024-10-27,Outbound Sales,Asia Pacific,3740,Enterprise
CUST-04135,2024-10-04,Paid Ads,Europe,8,Pro
CUST-04136,2024-10-24,Organic Search,Europe,11,Free
CUST-04137,2024-10-12,Paid Ads,North America,5,Free
CUST-04138,2024-10-20,Content Marketing,Europe,33,Pro
CUST-04139,2024-10-12,Organic Search,North America,24,Pro
CUST-04140,2024-10-12,Content Marketing,Asia Pacific,46,Pro
CUST-04141,2024-10-01,Paid Ads,North America,11,Free
CUST-04142,2024-10-19,Content Marketing,North America,11,Free
CUST-04143,2024-10-20,Content Marketing,Asia Pacific,27,Pro
CUST-04144,2024-10-08,Paid Ads,Latin America,178,Business
CUST-04145,2024-10-25,Referral,North America,15,Free
CUST-04146,2024-10-15,Paid Ads,North America,3,Free
CUST-04147,2024-10-22,Content Marketing,Europe,45,Pro
CUST-04148,2024-10-03,Content Marketing,Asia Pacific,32,Pro
CUST-04149,2024-10-07,Paid Ads,Europe,27,Pro
CUST-04150,2024-10-23,Organic Search,Latin America,123,Business
CUST-04151,2024-10-07,Outbound Sales,North America,394,Enterprise
CUST-04152,2024-10-23,Content Marketing,Asia Pacific,8,Free
CUST-04153,2024-10-18,Paid Ads,Asia Pacific,110,Business
CUST-04154,2024-10-13,Outbound Sales,North America,183,Business
CUST-04155,2024-10-25,Paid Ads,North America,24,Pro
CUST-04156,2024-10-24,Paid Ads,North America,23,Pro
CUST-04157,2024-10-11,Paid Ads,Asia Pacific,19,Pro
CUST-04158,2024-10-15,Organic Search,North America,4,Free
CUST-04159,2024-10-25,Paid Ads,Latin America,15,Pro
CUST-04160,2024-10-05,Referral,Latin America,13,Free
CUST-04161,2024-10-25,Organic Search,Asia Pacific,2,Free
CUST-04162,2024-10-06,Organic Search,Asia Pacific,64,Business
CUST-04163,2024-10-16,Referral,North America,9,Free
CUST-04164,2024-10-13,Content Marketing,North America,19,Free
CUST-04165,2024-10-12,Outbound Sales,Asia Pacific,2005,Enterprise
CUST-04166,2024-10-19,Organic Search,Europe,1,Free
CUST-04167,2024-10-26,Content Marketing,North America,4,Free
CUST-04168,2024-10-16,Organic Search,North America,25,Pro
CUST-04169,2024-10-06,Organic Search,North America,10,Pro
CUST-04170,2024-10-06,Referral,Europe,98,Business
CUST-04171,2024-10-18,Paid Ads,Europe,3,Pro
CUST-04172,2024-10-05,Content Marketing,North America,17,Free
CUST-04173,2024-10-23,Organic Search,Europe,26,Business
CUST-04174,2024-10-14,Organic Search,Asia Pacific,18,Free
CUST-04175,2024-10-17,Paid Ads,North America,16,Pro
CUST-04176,2024-10-22,Organic Search,North America,8,Free
CUST-04177,2024-10-25,Organic Search,North America,1,Free
CUST-04178,2024-10-23,Organic Search,Europe,10,Free
CUST-04179,2024-10-16,Organic Search,North America,46,Pro
CUST-04180,2024-10-21,Referral,North America,23,Pro
CUST-04181,2024-10-04,Organic Search,North America,172,Business
CUST-04182,2024-10-22,Paid Ads,Europe,49,Pro
CUST-04183,2024-10-19,Paid Ads,North America,5,Free
CUST-04184,2024-10-24,Paid Ads,North America,222,Business
CUST-04185,2024-10-14,Paid Ads,North America,2,Free
CUST-04186,2024-10-08,Referral,Europe,3,Free
CUST-04187,2024-10-23,Content Marketing,North America,11,Free
CUST-04188,2024-10-13,Organic Search,North America,179,Business
CUST-04189,2024-10-22,Content Marketing,North America,27,Business
CUST-04190,2024-10-08,Organic Search,Asia Pacific,23,Pro
CUST-04191,2024-10-01,Paid Ads,North America,13,Free
CUST-04192,2024-10-07,Paid Ads,Latin America,15,Free
CUST-04193,2024-10-12,Organic Search,North America,10,Free
CUST-04194,2024-10-22,Organic Search,North America,47,Pro
CUST-04195,2024-10-22,Organic Search,North America,2,Pro
CUST-04196,2024-10-26,Organic Search,Europe,13,Free
CUST-04197,2024-10-14,Paid Ads,North America,46,Pro
CUST-04198,2024-10-19,Organic Search,Europe,11,Free
CUST-04199,2024-10-20,Content Marketing,Asia Pacific,3,Free
CUST-04200,2024-10-21,Content Marketing,Asia Pacific,3,Free
CUST-04201,2024-10-24,Organic Search,Europe,10,Free
CUST-04202,2024-10-18,Organic Search,North America,67,Business
CUST-04203,2024-10-02,Paid Ads,Latin America,48,Pro
CUST-04204,2024-10-01,Content Marketing,Asia Pacific,29,Pro
CUST-04205,2024-10-15,Paid Ads,Europe,18,Free
CUST-04206,2024-10-22,Organic Search,North America,27,Pro
CUST-04207,2024-10-12,Outbound Sales,Asia Pacific,3002,Enterprise
CUST-04208,2024-10-22,Paid Ads,Latin America,12,Free
CUST-04209,2024-10-16,Paid Ads,North America,5,Free
CUST-04210,2024-10-26,Content Marketing,North America,49,Business
CUST-04211,2024-10-11,Content Marketing,Europe,10,Free
CUST-04212,2024-10-05,Paid Ads,Latin America,4,Free
CUST-04213,2024-10-08,Organic Search,North America,211,Business
CUST-04214,2024-10-06,Paid Ads,Europe,5,Pro
CUST-04215,2024-10-24,Organic Search,North America,44,Pro
CUST-04216,2024-10-02,Paid Ads,Europe,3,Free
CUST-04217,2024-10-23,Organic Search,Latin America,8,Pro
CUST-04218,2024-10-04,Referral,North America,36,Pro
CUST-04219,2024-10-17,Referral,North America,153,Business
CUST-04220,2024-10-14,Outbound Sales,Latin America,217,Enterprise
CUST-04221,2024-10-27,Content Marketing,Asia Pacific,23,Pro
CUST-04222,2024-10-18,Organic Search,Asia Pacific,2,Pro
CUST-04223,2024-10-20,Organic Search,North America,15,Free
CUST-04224,2024-10-07,Paid Ads,North America,38,Pro
CUST-04225,2024-10-19,Organic Search,North America,28,Pro
CUST-04226,2024-10-07,Organic Search,North America,12,Pro
CUST-04227,2024-10-17,Referral,North America,27,Pro
CUST-04228,2024-10-01,Paid Ads,Asia Pacific,46,Pro
CUST-04229,2024-10-23,Organic Search,North America,4,Pro
CUST-04230,2024-10-15,Paid Ads,Europe,4,Free
CUST-04231,2024-10-03,Outbound Sales,Latin America,2382,Enterprise
CUST-04232,2024-10-14,Referral,Europe,4,Free
CUST-04233,2024-10-05,Organic Search,North America,12,Free
CUST-04234,2024-10-07,Paid Ads,Europe,26,Pro
CUST-04235,2024-10-24,Content Marketing,Asia Pacific,1,Free
CUST-04236,2024-10-05,Organic Search,Europe,11,Free
CUST-04237,2024-10-25,Referral,Asia Pacific,5,Free
CUST-04238,2024-10-20,Referral,Asia Pacific,16,Free
CUST-04239,2024-10-14,Referral,Asia Pacific,28,Pro
CUST-04240,2024-10-14,Organic Search,North America,108,Business
CUST-04241,2024-10-03,Content Marketing,Asia Pacific,19,Free
CUST-04242,2024-10-09,Organic Search,Asia Pacific,7,Free
CUST-04243,2024-10-20,Organic Search,North America,2,Free
CUST-04244,2024-10-15,Organic Search,North America,1,Free
CUST-04245,2024-10-06,Paid Ads,Asia Pacific,20,Pro
CUST-04246,2024-10-21,Organic Search,Asia Pacific,33,Pro
CUST-04247,2024-10-20,Content Marketing,North America,35,Pro
CUST-04248,2024-10-01,Content Marketing,North America,5,Pro
CUST-04249,2024-10-04,Organic Search,Europe,9,Free
CUST-04250,2024-10-09,Content Marketing,Asia Pacific,38,Pro
CUST-04251,2024-10-10,Outbound Sales,North America,54,Business
CUST-04252,2024-10-24,Organic Search,Europe,10,Pro
CUST-04253,2024-10-19,Referral,North America,57,Business
CUST-04254,2024-10-09,Outbound Sales,Europe,2501,Enterprise
CUST-04255,2024-10-17,Content Marketing,Europe,12,Free
CUST-04256,2024-10-16,Paid Ads,North America,4,Free
CUST-04257,2024-10-01,Content Marketing,Europe,7,Pro
CUST-04258,2024-10-21,Referral,Asia Pacific,7,Free
CUST-04259,2024-10-12,Organic Search,Europe,10,Free
CUST-04260,2024-10-17,Organic Search,North America,24,Pro
CUST-04261,2024-10-10,Paid Ads,North America,47,Pro
CUST-04262,2024-10-26,Paid Ads,North America,8,Free
CUST-04263,2024-10-25,Organic Search,North America,13,Business
CUST-04264,2024-10-19,Organic Search,Europe,13,Free
CUST-04265,2024-10-17,Content Marketing,Europe,19,Free
CUST-04266,2024-10-06,Referral,Latin America,2,Free
CUST-04267,2024-10-12,Organic Search,Latin America,1,Free
CUST-04268,2024-10-01,Organic Search,North America,15,Free
CUST-04269,2024-10-15,Organic Search,North America,1,Free
CUST-04270,2024-10-25,Organic Search,Asia Pacific,43,Pro
CUST-04271,2024-10-24,Referral,Latin America,23,Pro
CUST-04272,2024-10-06,Organic Search,Europe,202,Business
CUST-04273,2024-10-14,Outbound Sales,Asia Pacific,10,Business
CUST-04274,2024-10-06,Organic Search,Asia Pacific,7,Pro
CUST-04275,2024-10-01,Organic Search,Latin America,19,Free
CUST-04276,2024-10-03,Content Marketing,Latin America,36,Pro
CUST-04277,2024-10-23,Paid Ads,Europe,4,Free
CUST-04278,2024-10-04,Paid Ads,North America,6,Free
CUST-04279,2024-10-06,Organic Search,North America,11,Free
CUST-04280,2024-10-23,Referral,North America,88,Business
CUST-04281,2024-10-17,Paid Ads,Europe,24,Pro
CUST-04282,2024-10-11,Content Marketing,Europe,5,Free
CUST-04283,2024-10-01,Referral,Europe,2,Free
CUST-04284,2024-10-13,Content Marketing,Europe,10,Free
CUST-04285,2024-10-08,Referral,North America,10,Free
CUST-04286,2024-10-04,Content Marketing,Europe,12,Pro
CUST-04287,2024-10-16,Referral,Latin America,45,Pro
CUST-04288,2024-10-24,Paid Ads,Europe,18,Free
CUST-04289,2024-10-06,Referral,North America,106,Business
CUST-04290,2024-10-02,Referral,Asia Pacific,3,Free
CUST-04291,2024-10-17,Organic Search,North America,232,Business
CUST-04292,2024-10-12,Referral,Europe,5,Free
CUST-04293,2024-10-12,Organic Search,Europe,39,Pro
CUST-04294,2024-10-22,Paid Ads,Latin America,7,Pro
CUST-04295,2024-10-25,Organic Search,Europe,48,Pro
CUST-04296,2024-10-22,Organic Search,Latin America,17,Pro
CUST-04297,2024-10-21,Organic Search,North America,3,Free
CUST-04298,2024-10-27,Organic Search,Europe,37,Pro
CUST-04299,2024-10-16,Organic Search,North America,32,Pro
CUST-04300,2024-10-25,Organic Search,Europe,11,Free
CUST-04301,2024-10-22,Paid Ads,Asia Pacific,17,Free
CUST-04302,2024-10-21,Paid Ads,Asia Pacific,7,Free
CUST-04303,2024-10-08,Outbound Sales,North America,346,Enterprise
CUST-04304,2024-10-09,Content Marketing,North America,30,Pro
CUST-04305,2024-10-20,Organic Search,Asia Pacific,242,Business
CUST-04306,2024-10-07,Paid Ads,North America,158,Business
CUST-04307,2024-10-04,Paid Ads,Europe,4,Pro
CUST-04308,2024-10-15,Paid Ads,North America,37,Pro
CUST-04309,2024-10-09,Paid Ads,Europe,47,Pro
CUST-04310,2024-10-26,Referral,Asia Pacific,2,Free
CUST-04311,2024-10-16,Referral,North America,18,Pro
CUST-04312,2024-10-05,Paid Ads,North America,14,Free
CUST-04313,2024-10-08,Referral,North America,19,Free
CUST-04314,2024-10-12,Organic Search,Europe,18,Pro
CUST-04315,2024-10-02,Content Marketing,Asia Pacific,19,Free
CUST-04316,2024-10-19,Outbound Sales,Europe,4418,Enterprise
CUST-04317,2024-10-10,Organic Search,North America,18,Pro
CUST-04318,2024-10-10,Content Marketing,Europe,6,Free
CUST-04319,2024-10-26,Content Marketing,North America,15,Free
CUST-04320,2024-10-25,Paid Ads,North America,7,Free
CUST-04321,2024-10-18,Organic Search,Europe,45,Pro
CUST-04322,2024-10-07,Content Marketing,Asia Pacific,7,Free
CUST-04323,2024-10-17,Paid Ads,North America,201,Business
CUST-04324,2024-10-10,Organic Search,North America,30,Pro
CUST-04325,2024-10-26,Referral,North America,48,Pro
CUST-04326,2024-10-17,Paid Ads,Europe,12,Free
CUST-04327,2024-10-21,Organic Search,Europe,40,Pro
CUST-04328,2024-10-17,Outbound Sales,Europe,2742,Enterprise
CUST-04329,2024-10-05,Organic Search,North America,16,Free
CUST-04330,2024-10-01,Paid Ads,Latin America,16,Pro
CUST-04331,2024-10-16,Referral,North America,45,Pro
CUST-04332,2024-10-20,Organic Search,Asia Pacific,48,Pro
CUST-04333,2024-10-14,Referral,North America,23,Pro
CUST-04334,2024-10-22,Referral,Latin America,6,Free
CUST-04335,2024-10-13,Paid Ads,North America,16,Free
CUST-04336,2024-10-16,Paid Ads,North America,230,Business
CUST-04337,2024-10-18,Outbound Sales,Europe,1437,Enterprise
CUST-04338,2024-10-03,Content Marketing,Asia Pacific,14,Free
CUST-04339,2024-10-16,Organic Search,North America,22,Pro
CUST-04340,2024-10-08,Paid Ads,Europe,14,Free
CUST-04341,2024-10-11,Paid Ads,North America,16,Pro
CUST-04342,2024-10-14,Content Marketing,Europe,17,Pro
CUST-04343,2024-10-24,Content Marketing,Europe,35,Pro
CUST-04344,2024-10-24,Paid Ads,Latin America,16,Free
CUST-04345,2024-10-19,Content Marketing,North America,14,Free
CUST-04346,2024-10-07,Paid Ads,North America,28,Pro
CUST-04347,2024-10-20,Organic Search,Asia Pacific,6,Free
CUST-04348,2024-10-21,Paid Ads,Europe,2,Free
CUST-04349,2024-10-09,Paid Ads,North America,41,Pro
CUST-04350,2024-10-04,Referral,Europe,11,Pro
CUST-04351,2024-10-15,Paid Ads,Asia Pacific,11,Free
CUST-04352,2024-10-04,Content Marketing,North America,9,Free
CUST-04353,2024-10-04,Outbound Sales,North America,2466,Enterprise
CUST-04354,2024-10-24,Organic Search,Asia Pacific,7,Free
CUST-04355,2024-10-03,Paid Ads,Europe,14,Free
CUST-04356,2024-10-17,Referral,Asia Pacific,137,Business
CUST-04357,2024-10-07,Organic Search,North America,39,Pro
CUST-04358,2024-10-19,Content Marketing,North America,19,Free
CUST-04359,2024-10-16,Paid Ads,North America,10,Free
CUST-04360,2024-10-15,Organic Search,Europe,2,Pro
CUST-04361,2024-10-17,Content Marketing,North America,22,Pro
CUST-04362,2024-10-27,Paid Ads,North America,1,Free
CUST-04363,2024-10-05,Organic Search,North America,9,Free
CUST-04364,2024-10-02,Organic Search,Asia Pacific,209,Business
CUST-04365,2024-10-20,Content Marketing,North America,29,Pro
CUST-04366,2024-10-16,Content Marketing,North America,12,Free
CUST-04367,2024-10-02,Paid Ads,North America,43,Pro
CUST-04368,2024-10-13,Organic Search,North America,174,Business
CUST-04369,2024-10-05,Organic Search,North America,17,Pro
CUST-04370,2024-10-14,Referral,North America,10,Free
CUST-04371,2024-10-19,Paid Ads,North America,8,Pro
CUST-04372,2024-10-15,Paid Ads,North America,1,Free
CUST-04373,2024-10-10,Organic Search,Europe,6,Free
CUST-04374,2024-10-07,Paid Ads,Asia Pacific,28,Pro
CUST-04375,2024-10-02,Referral,North America,44,Business
CUST-04376,2024-10-19,Paid Ads,Asia Pacific,12,Free
CUST-04377,2024-10-12,Organic Search,Europe,163,Business
CUST-04378,2024-10-22,Paid Ads,Latin America,13,Pro
CUST-04379,2024-10-05,Paid Ads,Asia Pacific,27,Pro
CUST-04380,2024-10-18,Paid Ads,Latin America,10,Pro
CUST-04381,2024-10-26,Organic Search,North America,7,Free
CUST-04382,2024-10-26,Organic Search,Asia Pacific,15,Pro
CUST-04383,2024-10-05,Paid Ads,Asia Pacific,14,Free
CUST-04384,2024-10-09,Organic Search,Europe,18,Free
CUST-04385,2024-10-02,Referral,Asia Pacific,4,Pro
CUST-04386,2024-10-23,Paid Ads,North America,15,Pro
CUST-04387,2024-10-16,Organic Search,Asia Pacific,16,Free
CUST-04388,2024-10-02,Referral,North America,12,Pro
CUST-04389,2024-10-04,Paid Ads,North America,12,Free
CUST-04390,2024-10-07,Organic Search,North America,39,Pro
CUST-04391,2024-10-14,Content Marketing,Europe,5,Free
CUST-04392,2024-10-14,Paid Ads,Europe,22,Pro
CUST-04393,2024-10-20,Content Marketing,North America,16,Free
CUST-04394,2024-10-16,Organic Search,Asia Pacific,4,Free
CUST-04395,2024-10-26,Content Marketing,Europe,10,Pro
CUST-04396,2024-10-25,Content Marketing,Europe,4,Free
CUST-04397,2024-10-08,Organic Search,Europe,24,Pro
CUST-04398,2024-10-08,Paid Ads,Asia Pacific,14,Free
CUST-04399,2024-10-27,Referral,North America,3,Free
CUST-04400,2024-10-25,Paid Ads,Europe,30,Pro
CUST-04401,2024-10-20,Paid Ads,Asia Pacific,16,Free
CUST-04402,2024-10-27,Content Marketing,Asia Pacific,17,Free
CUST-04403,2024-10-23,Referral,North America,2,Free
CUST-04404,2024-10-07,Outbound Sales,Europe,864,Enterprise
CUST-04405,2024-10-26,Content Marketing,Asia Pacific,11,Pro
CUST-04406,2024-10-14,Content Marketing,Latin America,16,Free
CUST-04407,2024-10-14,Referral,Europe,41,Pro
CUST-04408,2024-10-10,Referral,North America,48,Pro
CUST-04409,2024-10-19,Content Marketing,North America,47,Pro
CUST-04410,2024-10-19,Paid Ads,North America,11,Free
CUST-04411,2024-10-27,Organic Search,Latin America,12,Free
CUST-04412,2024-10-03,Paid Ads,North America,8,Free
CUST-04413,2024-10-26,Organic Search,North America,18,Pro
CUST-04414,2024-10-19,Content Marketing,North America,145,Business
CUST-04415,2024-10-05,Referral,Europe,16,Pro
CUST-04416,2024-10-24,Paid Ads,North America,28,Pro
CUST-04417,2024-10-25,Organic Search,Europe,26,Pro
CUST-04418,2024-10-11,Paid Ads,Europe,17,Pro
CUST-04419,2024-10-26,Paid Ads,North America,9,Free
CUST-04420,2024-10-22,Referral,North America,7,Free
CUST-04421,2024-10-07,Paid Ads,Asia Pacific,19,Free
CUST-04422,2024-10-14,Paid Ads,Europe,1,Free
CUST-04423,2024-10-04,Organic Search,Europe,150,Business
CUST-04424,2024-10-16,Paid Ads,North America,13,Free
CUST-04425,2024-10-25,Paid Ads,Europe,17,Free
CUST-04426,2024-10-07,Content Marketing,Europe,16,Free
CUST-04427,2024-10-16,Content Marketing,North America,13,Pro
CUST-04428,2024-10-09,Referral,North America,24,Pro
CUST-04429,2024-10-08,Organic Search,Asia Pacific,16,Free
CUST-04430,2024-10-06,Organic Search,Europe,177,Business
CUST-04431,2024-10-23,Content Marketing,North America,10,Free
CUST-04432,2024-10-02,Outbound Sales,Asia Pacific,113,Business
CUST-04433,2024-10-19,Organic Search,North America,16,Free
CUST-04434,2024-10-10,Referral,Latin America,14,Pro
CUST-04435,2024-10-16,Paid Ads,Asia Pacific,7,Free
CUST-04436,2024-10-20,Organic Search,Europe,28,Pro
CUST-04437,2024-10-05,Outbound Sales,Latin America,36,Business
CUST-04438,2024-10-22,Content Marketing,North America,35,Pro
CUST-04439,2024-10-13,Outbound Sales,Asia Pacific,3060,Enterprise
CUST-04440,2024-10-16,Organic Search,Asia Pacific,19,Free
CUST-04441,2024-10-13,Paid Ads,North America,44,Pro
CUST-04442,2024-10-06,Content Marketing,Europe,17,Free
CUST-04443,2024-10-15,Referral,Asia Pacific,8,Pro
CUST-04444,2024-10-12,Paid Ads,North America,6,Pro
CUST-04445,2024-10-19,Paid Ads,North America,12,Free
CUST-04446,2024-10-04,Organic Search,Europe,17,Free
CUST-04447,2024-10-01,Paid Ads,Asia Pacific,29,Pro
CUST-04448,2024-10-20,Content Marketing,Europe,11,Free
CUST-04449,2024-10-22,Organic Search,North America,10,Free
CUST-04450,2024-10-10,Organic Search,Asia Pacific,35,Pro
CUST-04451,2024-10-03,Paid Ads,North America,25,Pro
CUST-04452,2024-10-18,Paid Ads,Europe,1,Free
CUST-04453,2024-10-21,Paid Ads,North America,14,Free
CUST-04454,2024-10-18,Organic Search,Asia Pacific,5,Free
CUST-04455,2024-10-24,Referral,Europe,5,Free
CUST-04456,2024-10-15,Organic Search,North America,4,Pro
CUST-04457,2024-10-08,Referral,Europe,161,Business
CUST-04458,2024-10-21,Paid Ads,Europe,10,Free
CUST-04459,2024-10-10,Paid Ads,Asia Pacific,33,Pro
CUST-04460,2024-10-03,Paid Ads,North America,33,Pro
CUST-04461,2024-10-05,Referral,Latin America,10,Free
CUST-04462,2024-10-09,Paid Ads,Europe,11,Free
CUST-04463,2024-10-11,Paid Ads,North America,13,Free
CUST-04464,2024-10-19,Paid Ads,Asia Pacific,11,Free
CUST-04465,2024-10-04,Paid Ads,North America,36,Pro
CUST-04466,2024-10-06,Paid Ads,Latin America,3,Free
CUST-04467,2024-10-26,Paid Ads,Latin America,19,Free
CUST-04468,2024-10-12,Paid Ads,Asia Pacific,4,Free
CUST-04469,2024-10-27,Organic Search,Europe,20,Pro
CUST-04470,2024-10-01,Referral,Asia Pacific,16,Free
CUST-04471,2024-10-21,Organic Search,Europe,20,Pro
CUST-04472,2024-11-04,Referral,Asia Pacific,13,Free
CUST-04473,2024-11-21,Referral,Europe,7,Free
CUST-04474,2024-11-08,Organic Search,Europe,12,Pro
CUST-04475,2024-11-08,Outbound Sales,North America,4867,Enterprise
CUST-04476,2024-11-06,Paid Ads,Europe,3,Free
CUST-04477,2024-11-01,Paid Ads,Europe,9,Free
CUST-04478,2024-11-01,Paid Ads,North America,219,Business
CUST-04479,2024-11-23,Paid Ads,Europe,18,Pro
CUST-04480,2024-11-18,Paid Ads,North America,11,Free
CUST-04481,2024-11-08,Paid Ads,Europe,12,Free
CUST-04482,2024-11-22,Organic Search,North America,19,Free
CUST-04483,2024-11-08,Content Marketing,Latin America,9,Free
CUST-04484,2024-11-19,Content Marketing,North America,3,Free
CUST-04485,2024-11-10,Paid Ads,Europe,4,Pro
CUST-04486,2024-11-17,Outbound Sales,North America,3435,Enterprise
CUST-04487,2024-11-18,Paid Ads,North America,40,Pro
CUST-04488,2024-11-09,Paid Ads,North America,9,Pro
CUST-04489,2024-11-16,Content Marketing,Asia Pacific,4,Free
CUST-04490,2024-11-01,Referral,North America,21,Pro
CUST-04491,2024-11-04,Referral,North America,16,Free
CUST-04492,2024-11-17,Paid Ads,Europe,8,Free
CUST-04493,2024-11-04,Paid Ads,Europe,10,Free
CUST-04494,2024-11-15,Organic Search,Latin America,8,Free
CUST-04495,2024-11-19,Outbound Sales,North America,9,Pro
CUST-04496,2024-11-12,Organic Search,Latin America,13,Free
CUST-04497,2024-11-19,Paid Ads,Europe,10,Free
CUST-04498,2024-11-25,Organic Search,Latin America,24,Pro
CUST-04499,2024-11-09,Referral,North America,5,Free
CUST-04500,2024-11-08,Paid Ads,Europe,26,Pro
CUST-04501,2024-11-22,Referral,North America,133,Business
CUST-04502,2024-11-07,Paid Ads,North America,21,Pro
CUST-04503,2024-11-10,Organic Search,Asia Pacific,15,Free
CUST-04504,2024-11-13,Organic Search,Europe,46,Pro
CUST-04505,2024-11-21,Organic Search,Europe,218,Business
CUST-04506,2024-11-02,Referral,North America,47,Pro
CUST-04507,2024-11-11,Content Marketing,Asia Pacific,19,Free
CUST-04508,2024-11-17,Paid Ads,North America,6,Free
CUST-04509,2024-11-27,Paid Ads,Europe,31,Pro
CUST-04510,2024-11-14,Organic Search,North America,4,Free
CUST-04511,2024-11-22,Content Marketing,Europe,7,Free
CUST-04512,2024-11-01,Outbound Sales,Asia Pacific,76,Business
CUST-04513,2024-11-19,Referral,North America,6,Pro
CUST-04514,2024-11-26,Organic Search,Latin America,12,Free
CUST-04515,2024-11-18,Paid Ads,Europe,17,Free
CUST-04516,2024-11-16,Outbound Sales,Europe,2877,Enterprise
CUST-04517,2024-11-06,Organic Search,Europe,15,Pro
CUST-04518,2024-11-05,Referral,North America,173,Business
CUST-04519,2024-11-03,Content Marketing,North America,247,Business
CUST-04520,2024-11-02,Content Marketing,Asia Pacific,3,Pro
CUST-04521,2024-11-12,Paid Ads,North America,8,Free
CUST-04522,2024-11-26,Paid Ads,North America,10,Free
CUST-04523,2024-11-25,Content Marketing,Asia Pacific,41,Pro
CUST-04524,2024-11-09,Paid Ads,Asia Pacific,25,Pro
CUST-04525,2024-11-08,Content Marketing,Europe,5,Pro
CUST-04526,2024-11-13,Paid Ads,North America,2,Free
CUST-04527,2024-11-08,Referral,Europe,42,Pro
CUST-04528,2024-11-12,Content Marketing,Asia Pacific,10,Free
CUST-04529,2024-11-23,Paid Ads,Asia Pacific,6,Free
CUST-04530,2024-11-07,Organic Search,Europe,22,Pro
CUST-04531,2024-11-20,Organic Search,Europe,182,Business
CUST-04532,2024-11-10,Content Marketing,Europe,6,Free
CUST-04533,2024-11-22,Referral,Europe,49,Pro
CUST-04534,2024-11-06,Organic Search,Asia Pacific,13,Free
CUST-04535,2024-11-08,Content Marketing,North America,40,Pro
CUST-04536,2024-11-25,Content Marketing,North America,6,Pro
CUST-04537,2024-11-03,Content Marketing,Europe,1,Free
CUST-04538,2024-11-15,Paid Ads,Asia Pacific,14,Pro
CUST-04539,2024-11-20,Outbound Sales,Asia Pacific,3577,Enterprise
CUST-04540,2024-11-18,Content Marketing,Europe,1,Free
CUST-04541,2024-11-11,Organic Search,North America,38,Pro
CUST-04542,2024-11-14,Outbound Sales,Europe,2550,Enterprise
CUST-04543,2024-11-11,Paid Ads,North America,147,Business
CUST-04544,2024-11-27,Content Marketing,Europe,3,Pro
CUST-04545,2024-11-11,Referral,North America,35,Pro
CUST-04546,2024-11-04,Referral,Latin America,14,Free
CUST-04547,2024-11-04,Organic Search,North America,17,Pro
CUST-04548,2024-11-01,Organic Search,Europe,6,Free
CUST-04549,2024-11-03,Organic Search,Asia Pacific,49,Business
CUST-04550,2024-11-02,Referral,North America,190,Business
CUST-04551,2024-11-18,Content Marketing,Asia Pacific,14,Free
CUST-04552,2024-11-20,Organic Search,Europe,5,Free
CUST-04553,2024-11-23,Organic Search,Europe,4,Pro
CUST-04554,2024-11-22,Referral,North America,40,Pro
CUST-04555,2024-11-19,Organic Search,Europe,3,Free
CUST-04556,2024-11-19,Organic Search,North America,16,Free
CUST-04557,2024-11-17,Organic Search,Asia Pacific,30,Pro
CUST-04558,2024-11-21,Referral,North America,6,Free
CUST-04559,2024-11-09,Paid Ads,Asia Pacific,18,Free
CUST-04560,2024-11-17,Content Marketing,Europe,16,Free
CUST-04561,2024-11-22,Organic Search,North America,17,Pro
CUST-04562,2024-11-17,Organic Search,Asia Pacific,16,Pro
CUST-04563,2024-11-16,Content Marketing,Europe,1,Free
CUST-04564,2024-11-03,Outbound Sales,Europe,4748,Enterprise
CUST-04565,2024-11-07,Paid Ads,North America,13,Pro
CUST-04566,2024-11-27,Content Marketing,North America,49,Pro
CUST-04567,2024-11-02,Referral,North America,9,Pro
CUST-04568,2024-11-01,Content Marketing,North America,3,Free
CUST-04569,2024-11-12,Paid Ads,North America,18,Free
CUST-04570,2024-11-02,Organic Search,North America,5,Free
CUST-04571,2024-11-04,Organic Search,North America,15,Free
CUST-04572,2024-11-08,Referral,Latin America,24,Pro
CUST-04573,2024-11-14,Content Marketing,Europe,6,Free
CUST-04574,2024-11-20,Paid Ads,Asia Pacific,11,Free
CUST-04575,2024-11-16,Organic Search,Latin America,217,Business
CUST-04576,2024-11-24,Organic Search,North America,36,Pro
CUST-04577,2024-11-01,Paid Ads,North America,18,Pro
CUST-04578,2024-11-22,Content Marketing,Europe,15,Pro
CUST-04579,2024-11-01,Paid Ads,Asia Pacific,5,Free
CUST-04580,2024-11-09,Referral,North America,7,Pro
CUST-04581,2024-11-05,Paid Ads,North America,6,Free
CUST-04582,2024-11-20,Content Marketing,North America,22,Pro
CUST-04583,2024-11-24,Content Marketing,North America,7,Pro
CUST-04584,2024-11-22,Organic Search,Asia Pacific,25,Pro
CUST-04585,2024-11-05,Referral,Latin America,19,Pro
CUST-04586,2024-11-08,Content Marketing,Europe,14,Free
CUST-04587,2024-11-10,Content Marketing,North America,11,Pro
CUST-04588,2024-11-06,Paid Ads,North America,3,Pro
CUST-04589,2024-11-23,Organic Search,Asia Pacific,17,Pro
CUST-04590,2024-11-17,Paid Ads,Asia Pacific,12,Free
CUST-04591,2024-11-10,Referral,North America,54,Business
CUST-04592,2024-11-03,Organic Search,Europe,36,Pro
CUST-04593,2024-11-10,Outbound Sales,Europe,3817,Enterprise
CUST-04594,2024-11-24,Organic Search,North America,42,Pro
CUST-04595,2024-11-26,Content Marketing,Europe,44,Pro
CUST-04596,2024-11-18,Paid Ads,North America,42,Pro
CUST-04597,2024-11-17,Organic Search,North America,29,Business
CUST-04598,2024-11-18,Paid Ads,Asia Pacific,17,Free
CUST-04599,2024-11-01,Referral,Europe,246,Business
CUST-04600,2024-11-07,Content Marketing,Asia Pacific,34,Pro
CUST-04601,2024-11-14,Paid Ads,Europe,19,Free
CUST-04602,2024-11-09,Organic Search,North America,13,Free
CUST-04603,2024-11-14,Content Marketing,Europe,26,Pro
CUST-04604,2024-11-19,Paid Ads,North America,13,Pro
CUST-04605,2024-11-16,Organic Search,North America,7,Free
CUST-04606,2024-11-08,Content Marketing,Latin America,23,Pro
CUST-04607,2024-11-15,Organic Search,Europe,3,Free
CUST-04608,2024-11-22,Organic Search,Asia Pacific,14,Free
CUST-04609,2024-11-02,Paid Ads,Europe,3,Free
CUST-04610,2024-11-25,Referral,Europe,21,Pro
CUST-04611,2024-11-05,Paid Ads,North America,4,Free
CUST-04612,2024-11-22,Content Marketing,Latin America,7,Free
CUST-04613,2024-11-03,Organic Search,Asia Pacific,15,Pro
CUST-04614,2024-11-07,Outbound Sales,Europe,4968,Enterprise
CUST-04615,2024-11-25,Organic Search,Europe,4,Pro
CUST-04616,2024-11-25,Organic Search,Asia Pacific,17,Free
CUST-04617,2024-11-06,Organic Search,North America,115,Business
CUST-04618,2024-11-02,Organic Search,North America,20,Pro
CUST-04619,2024-11-13,Paid Ads,North America,39,Pro
CUST-04620,2024-11-25,Content Marketing,Europe,116,Business
CUST-04621,2024-11-03,Content Marketing,North America,6,Free
CUST-04622,2024-11-23,Referral,North America,9,Pro
CUST-04623,2024-11-03,Organic Search,North America,231,Business
CUST-04624,2024-11-09,Content Marketing,Europe,21,Pro
CUST-04625,2024-11-15,Paid Ads,North America,3,Free
CUST-04626,2024-11-09,Referral,Asia Pacific,1,Free
CUST-04627,2024-11-06,Referral,Europe,21,Pro
CUST-04628,2024-11-24,Organic Search,Europe,2,Pro
CUST-04629,2024-11-07,Paid Ads,Europe,5,Free
CUST-04630,2024-11-12,Content Marketing,Europe,12,Pro
CUST-04631,2024-11-01,Organic Search,North America,6,Free
CUST-04632,2024-11-26,Referral,Europe,32,Pro
CUST-04633,2024-11-09,Outbound Sales,North America,212,Business
CUST-04634,2024-11-01,Paid Ads,Europe,12,Free
CUST-04635,2024-11-14,Paid Ads,Asia Pacific,27,Business
CUST-04636,2024-11-27,Paid Ads,Europe,16,Pro
CUST-04637,2024-11-05,Content Marketing,Latin America,17,Free
CUST-04638,2024-11-11,Paid Ads,Latin America,19,Free
CUST-04639,2024-11-05,Paid Ads,North America,5,Free
CUST-04640,2024-11-15,Organic Search,Europe,1,Free
CUST-04641,2024-11-23,Outbound Sales,North America,3912,Enterprise
CUST-04642,2024-11-21,Content Marketing,Asia Pacific,35,Pro
CUST-04643,2024-11-16,Paid Ads,North America,33,Pro
CUST-04644,2024-11-03,Outbound Sales,Europe,990,Enterprise
CUST-04645,2024-11-08,Referral,Asia Pacific,6,Pro
CUST-04646,2024-11-15,Outbound Sales,Asia Pacific,586,Enterprise
CUST-04647,2024-11-16,Organic Search,Europe,16,Free
CUST-04648,2024-11-12,Organic Search,Europe,19,Free
CUST-04649,2024-11-22,Content Marketing,Asia Pacific,29,Pro
CUST-04650,2024-11-20,Paid Ads,North America,12,Free
CUST-04651,2024-11-02,Paid Ads,Europe,7,Free
CUST-04652,2024-11-12,Referral,Europe,45,Pro
CUST-04653,2024-11-09,Referral,North America,5,Pro
CUST-04654,2024-11-25,Paid Ads,Asia Pacific,1,Free
CUST-04655,2024-11-08,Paid Ads,North America,39,Business
CUST-04656,2024-11-19,Paid Ads,Europe,10,Free
CUST-04657,2024-11-16,Organic Search,Europe,32,Pro
CUST-04658,2024-11-22,Organic Search,North America,136,Business
CUST-04659,2024-11-26,Paid Ads,North America,13,Pro
CUST-04660,2024-11-04,Content Marketing,Asia Pacific,12,Pro
CUST-04661,2024-11-03,Paid Ads,Europe,1,Free
CUST-04662,2024-11-01,Paid Ads,North America,8,Free
CUST-04663,2024-11-03,Referral,Europe,14,Pro
CUST-04664,2024-11-02,Organic Search,North America,12,Pro
CUST-04665,2024-11-10,Paid Ads,Europe,2,Free
CUST-04666,2024-11-16,Organic Search,North America,45,Pro
CUST-04667,2024-11-16,Referral,Europe,26,Pro
CUST-04668,2024-11-22,Organic Search,Europe,9,Free
CUST-04669,2024-11-22,Paid Ads,Europe,7,Free
CUST-04670,2024-11-12,Paid Ads,Asia Pacific,8,Free
CUST-04671,2024-11-27,Content Marketing,Asia Pacific,44,Pro
CUST-04672,2024-11-07,Referral,Europe,37,Pro
CUST-04673,2024-11-11,Content Marketing,Asia Pacific,1,Free
CUST-04674,2024-11-06,Referral,North America,211,Business
CUST-04675,2024-11-03,Paid Ads,Europe,2,Free
CUST-04676,2024-11-22,Organic Search,Latin America,1,Free
CUST-04677,2024-11-10,Organic Search,North America,12,Pro
CUST-04678,2024-11-12,Organic Search,North America,48,Pro
CUST-04679,2024-11-25,Organic Search,North America,114,Business
CUST-04680,2024-11-06,Paid Ads,North America,7,Free
CUST-04681,2024-11-21,Referral,Europe,69,Business
CUST-04682,2024-11-16,Referral,Asia Pacific,5,Pro
CUST-04683,2024-11-21,Organic Search,Asia Pacific,3,Pro
CUST-04684,2024-11-24,Paid Ads,North America,19,Pro
CUST-04685,2024-11-11,Organic Search,Latin America,6,Free
CUST-04686,2024-11-16,Paid Ads,North America,8,Free
CUST-04687,2024-11-19,Paid Ads,Asia Pacific,19,Free
CUST-04688,2024-11-22,Organic Search,Europe,8,Free
CUST-04689,2024-11-25,Organic Search,North America,19,Pro
CUST-04690,2024-11-22,Outbound Sales,Europe,5,Pro
CUST-04691,2024-11-19,Paid Ads,North America,11,Free
CUST-04692,2024-11-05,Paid Ads,North America,1,Free
CUST-04693,2024-11-14,Organic Search,North America,29,Pro
CUST-04694,2024-11-15,Organic Search,Asia Pacific,204,Business
CUST-04695,2024-11-13,Paid Ads,North America,17,Free
CUST-04696,2024-11-03,Outbound Sales,North America,62,Business
CUST-04697,2024-11-05,Organic Search,North America,35,Pro
CUST-04698,2024-11-20,Organic Search,North America,9,Pro
CUST-04699,2024-11-01,Outbound Sales,Europe,2356,Enterprise
CUST-04700,2024-11-13,Paid Ads,Asia Pacific,19,Free
CUST-04701,2024-11-14,Organic Search,North America,17,Free
CUST-04702,2024-11-15,Referral,Europe,9,Free
CUST-04703,2024-11-12,Paid Ads,Asia Pacific,48,Pro
CUST-04704,2024-11-13,Outbound Sales,Europe,3563,Enterprise
CUST-04705,2024-11-01,Organic Search,Europe,2,Pro
CUST-04706,2024-11-08,Content Marketing,Latin America,213,Business
CUST-04707,2024-11-25,Organic Search,Asia Pacific,27,Pro
CUST-04708,2024-11-19,Content Marketing,North America,39,Pro
CUST-04709,2024-11-16,Content Marketing,Europe,10,Free
CUST-04710,2024-11-14,Content Marketing,North America,38,Pro
CUST-04711,2024-11-05,Content Marketing,North America,2,Pro
CUST-04712,2024-11-13,Referral,Asia Pacific,5,Free
CUST-04713,2024-11-23,Organic Search,Europe,26,Pro
CUST-04714,2024-11-06,Organic Search,North America,42,Pro
CUST-04715,2024-11-18,Paid Ads,Asia Pacific,8,Free
CUST-04716,2024-11-23,Paid Ads,Europe,18,Pro
CUST-04717,2024-11-07,Organic Search,Europe,158,Business
CUST-04718,2024-11-21,Referral,Europe,7,Free
CUST-04719,2024-11-20,Referral,North America,28,Pro
CUST-04720,2024-11-23,Outbound Sales,North America,1341,Enterprise
CUST-04721,2024-11-09,Paid Ads,North America,12,Pro
CUST-04722,2024-11-05,Content Marketing,Europe,38,Pro
CUST-04723,2024-11-01,Referral,Europe,25,Pro
CUST-04724,2024-11-09,Outbound Sales,Europe,634,Enterprise
CUST-04725,2024-11-13,Content Marketing,North America,9,Free
CUST-04726,2024-11-27,Organic Search,Europe,45,Pro
CUST-04727,2024-11-15,Organic Search,Europe,5,Free
CUST-04728,2024-11-14,Outbound Sales,Asia Pacific,4334,Enterprise
CUST-04729,2024-11-26,Referral,Latin America,4,Pro
CUST-04730,2024-11-01,Content Marketing,North America,82,Business
CUST-04731,2024-11-02,Content Marketing,Asia Pacific,16,Free
CUST-04732,2024-11-06,Referral,Europe,23,Pro
CUST-04733,2024-11-23,Referral,North America,2,Pro
CUST-04734,2024-11-15,Content Marketing,Europe,10,Free
CUST-04735,2024-11-23,Content Marketing,Europe,19,Free
CUST-04736,2024-11-20,Paid Ads,North America,10,Free
CUST-04737,2024-11-13,Organic Search,Europe,11,Free
CUST-04738,2024-11-08,Organic Search,North America,39,Pro
CUST-04739,2024-11-17,Paid Ads,North America,10,Free
CUST-04740,2024-11-04,Content Marketing,North America,34,Pro
CUST-04741,2024-11-23,Content Marketing,Europe,22,Pro
CUST-04742,2024-11-10,Paid Ads,North America,1,Free
CUST-04743,2024-11-03,Organic Search,Europe,25,Pro
CUST-04744,2024-11-09,Paid Ads,Europe,19,Free
CUST-04745,2024-11-09,Content Marketing,North America,42,Pro
CUST-04746,2024-11-01,Referral,Latin America,8,Free
CUST-04747,2024-11-04,Organic Search,Asia Pacific,7,Free
CUST-04748,2024-11-19,Paid Ads,North America,12,Free
CUST-04749,2024-11-21,Paid Ads,Asia Pacific,16,Free
CUST-04750,2024-11-22,Paid Ads,North America,14,Free
CUST-04751,2024-11-02,Content Marketing,Asia Pacific,32,Pro
CUST-04752,2024-11-26,Content Marketing,Europe,26,Pro
CUST-04753,2024-11-19,Organic Search,Asia Pacific,19,Free
CUST-04754,2024-11-24,Organic Search,Europe,30,Pro
CUST-04755,2024-11-10,Paid Ads,North America,15,Free
CUST-04756,2024-11-18,Organic Search,North America,36,Pro
CUST-04757,2024-11-19,Paid Ads,Asia Pacific,200,Business
CUST-04758,2024-11-14,Organic Search,North America,8,Pro
CUST-04759,2024-11-08,Organic Search,Asia Pacific,45,Pro
CUST-04760,2024-11-14,Content Marketing,Europe,14,Free
CUST-04761,2024-11-23,Organic Search,Europe,10,Pro
CUST-04762,2024-11-20,Content Marketing,Asia Pacific,12,Pro
CUST-04763,2024-11-25,Organic Search,North America,18,Free
CUST-04764,2024-11-04,Organic Search,Europe,18,Free
CUST-04765,2024-11-17,Organic Search,North America,33,Pro
CUST-04766,2024-11-14,Organic Search,North America,20,Pro
CUST-04767,2024-11-27,Paid Ads,Europe,19,Pro
CUST-04768,2024-11-16,Content Marketing,Europe,30,Pro
CUST-04769,2024-11-11,Content Marketing,Europe,218,Business
CUST-04770,2024-11-13,Organic Search,Latin America,12,Pro
CUST-04771,2024-11-21,Organic Search,Europe,4,Free
CUST-04772,2024-11-15,Organic Search,Asia Pacific,3,Free
CUST-04773,2024-11-11,Referral,Europe,38,Pro
CUST-04774,2024-11-23,Organic Search,North America,17,Pro
CUST-04775,2024-11-21,Organic Search,Latin America,14,Free
CUST-04776,2024-11-14,Content Marketing,Latin America,7,Free
CUST-04777,2024-11-25,Content Marketing,Asia Pacific,20,Pro
CUST-04778,2024-11-09,Referral,Latin America,16,Pro
CUST-04779,2024-11-10,Organic Search,North America,18,Free
CUST-04780,2024-11-16,Paid Ads,North America,25,Pro
CUST-04781,2024-11-21,Organic Search,North America,12,Free
CUST-04782,2024-11-21,Referral,Europe,1,Free
CUST-04783,2024-11-26,Content Marketing,Asia Pacific,48,Pro
CUST-04784,2024-11-07,Organic Search,Europe,11,Free
CUST-04785,2024-11-20,Content Marketing,Europe,18,Free
CUST-04786,2024-11-21,Paid Ads,Europe,30,Pro
CUST-04787,2024-11-01,Content Marketing,North America,29,Pro
CUST-04788,2024-11-03,Organic Search,Europe,2,Pro
CUST-04789,2024-11-16,Paid Ads,North America,3,Free
CUST-04790,2024-11-01,Organic Search,North America,17,Free
CUST-04791,2024-11-26,Referral,Europe,33,Pro
CUST-04792,2024-11-16,Organic Search,Europe,17,Free
CUST-04793,2024-11-03,Organic Search,North America,14,Pro
CUST-04794,2024-11-12,Content Marketing,Latin America,216,Business
CUST-04795,2024-11-02,Referral,North America,23,Pro
CUST-04796,2024-11-07,Referral,Asia Pacific,15,Free
CUST-04797,2024-11-01,Referral,North America,16,Free
CUST-04798,2024-11-16,Referral,Europe,8,Pro
CUST-04799,2024-11-21,Referral,Europe,47,Pro
CUST-04800,2024-11-24,Paid Ads,North America,15,Free
CUST-04801,2024-11-08,Organic Search,Europe,41,Pro
CUST-04802,2024-11-24,Paid Ads,North America,16,Free
CUST-04803,2024-11-05,Organic Search,North America,26,Pro
CUST-04804,2024-11-15,Paid Ads,North America,3,Free
CUST-04805,2024-11-20,Paid Ads,Asia Pacific,10,Free
CUST-04806,2024-11-25,Organic Search,Asia Pacific,225,Business
CUST-04807,2024-11-06,Content Marketing,North America,47,Business
CUST-04808,2024-11-19,Referral,Europe,7,Free
CUST-04809,2024-11-22,Paid Ads,Asia Pacific,3,Free
CUST-04810,2024-11-05,Content Marketing,Europe,19,Pro
CUST-04811,2024-11-17,Organic Search,North America,37,Pro
CUST-04812,2024-11-12,Organic Search,North America,15,Free
CUST-04813,2024-11-27,Organic Search,North America,11,Pro
CUST-04814,2024-11-01,Paid Ads,Asia Pacific,3,Free
CUST-04815,2024-11-20,Organic Search,Latin America,2,Free
CUST-04816,2024-11-12,Content Marketing,Asia Pacific,17,Pro
CUST-04817,2024-11-22,Organic Search,North America,21,Pro
CUST-04818,2024-11-20,Paid Ads,Asia Pacific,29,Pro
CUST-04819,2024-11-11,Paid Ads,Europe,12,Pro
CUST-04820,2024-11-12,Organic Search,Europe,15,Pro
CUST-04821,2024-11-22,Referral,North America,26,Pro
CUST-04822,2024-11-02,Referral,North America,168,Business
CUST-04823,2024-11-27,Referral,North America,14,Pro
CUST-04824,2024-11-02,Paid Ads,North America,13,Free
CUST-04825,2024-11-23,Paid Ads,Europe,34,Pro
CUST-04826,2024-11-07,Paid Ads,Europe,195,Business
CUST-04827,2024-11-07,Referral,Asia Pacific,3,Free
CUST-04828,2024-11-17,Paid Ads,Asia Pacific,41,Pro
CUST-04829,2024-11-21,Paid Ads,Latin America,23,Pro
CUST-04830,2024-11-14,Organic Search,Europe,38,Pro
CUST-04831,2024-11-18,Referral,Latin America,31,Pro
CUST-04832,2024-11-24,Organic Search,North America,47,Pro
CUST-04833,2024-11-02,Outbound Sales,Asia Pacific,1003,Enterprise
CUST-04834,2024-11-13,Organic Search,Europe,34,Pro
CUST-04835,2024-11-09,Paid Ads,North America,6,Free
CUST-04836,2024-11-13,Organic Search,Europe,4,Free
CUST-04837,2024-11-12,Organic Search,Europe,11,Free
CUST-04838,2024-11-12,Organic Search,Asia Pacific,6,Free
CUST-04839,2024-11-21,Referral,Latin America,14,Pro
CUST-04840,2024-11-23,Organic Search,Europe,13,Pro
CUST-04841,2024-11-17,Organic Search,North America,3,Pro
CUST-04842,2024-11-04,Organic Search,Asia Pacific,18,Pro
CUST-04843,2024-11-07,Organic Search,Europe,8,Free
CUST-04844,2024-11-09,Content Marketing,Europe,47,Pro
CUST-04845,2024-11-24,Paid Ads,Asia Pacific,7,Free
CUST-04846,2024-11-26,Content Marketing,Asia Pacific,28,Pro
CUST-04847,2024-11-22,Paid Ads,North America,17,Free
CUST-04848,2024-11-27,Paid Ads,North America,34,Pro
CUST-04849,2024-11-16,Content Marketing,Asia Pacific,11,Free
CUST-04850,2024-11-21,Organic Search,Asia Pacific,7,Free
CUST-04851,2024-11-06,Content Marketing,Europe,9,Pro
CUST-04852,2024-11-05,Paid Ads,North America,18,Free
CUST-04853,2024-11-04,Paid Ads,Europe,10,Free
CUST-04854,2024-11-07,Content Marketing,North America,5,Pro
CUST-04855,2024-11-22,Organic Search,Latin America,37,Business
CUST-04856,2024-11-05,Outbound Sales,Asia Pacific,211,Business
CUST-04857,2024-11-11,Content Marketing,Asia Pacific,22,Pro
CUST-04858,2024-11-09,Organic Search,Europe,29,Business
CUST-04859,2024-11-13,Paid Ads,Asia Pacific,2,Free
CUST-04860,2024-11-27,Content Marketing,North America,14,Free
CUST-04861,2024-12-20,Outbound Sales,North America,4927,Enterprise
CUST-04862,2024-12-12,Referral,Asia Pacific,19,Free
CUST-04863,2024-12-07,Organic Search,North America,14,Pro
CUST-04864,2024-12-21,Paid Ads,Europe,28,Pro
CUST-04865,2024-12-24,Content Marketing,Europe,3,Pro
CUST-04866,2024-12-11,Paid Ads,Asia Pacific,9,Free
CUST-04867,2024-12-01,Organic Search,Asia Pacific,5,Free
CUST-04868,2024-12-14,Organic Search,North America,12,Free
CUST-04869,2024-12-05,Content Marketing,North America,24,Pro
CUST-04870,2024-12-03,Referral,North America,22,Pro
CUST-04871,2024-12-19,Paid Ads,Asia Pacific,9,Free
CUST-04872,2024-12-03,Organic Search,North America,8,Free
CUST-04873,2024-12-25,Paid Ads,North America,16,Free
CUST-04874,2024-12-04,Content Marketing,Europe,5,Pro
CUST-04875,2024-12-03,Organic Search,Latin America,49,Pro
CUST-04876,2024-12-19,Outbound Sales,North America,1098,Enterprise
CUST-04877,2024-12-07,Content Marketing,Europe,19,Free
CUST-04878,2024-12-17,Organic Search,Europe,13,Pro
CUST-04879,2024-12-19,Content Marketing,North America,45,Pro
CUST-04880,2024-12-04,Referral,Europe,12,Free
CUST-04881,2024-12-27,Referral,North America,35,Pro
CUST-04882,2024-12-19,Organic Search,North America,6,Pro
CUST-04883,2024-12-11,Content Marketing,North America,3,Free
CUST-04884,2024-12-25,Paid Ads,Latin America,7,Pro
CUST-04885,2024-12-23,Content Marketing,North America,9,Free
CUST-04886,2024-12-27,Organic Search,Europe,3,Free
CUST-04887,2024-12-24,Organic Search,North America,15,Free
CUST-04888,2024-12-18,Outbound Sales,Latin America,4998,Enterprise
CUST-04889,2024-12-21,Paid Ads,Asia Pacific,9,Free
CUST-04890,2024-12-14,Organic Search,Europe,102,Business
CUST-04891,2024-12-27,Content Marketing,North America,15,Free
CUST-04892,2024-12-26,Organic Search,Europe,42,Business
CUST-04893,2024-12-18,Content Marketing,Asia Pacific,5,Free
CUST-04894,2024-12-18,Content Marketing,Europe,32,Pro
CUST-04895,2024-12-23,Organic Search,North America,26,Pro
CUST-04896,2024-12-20,Paid Ads,North America,12,Free
CUST-04897,2024-12-08,Outbound Sales,Asia Pacific,4551,Enterprise
CUST-04898,2024-12-24,Content Marketing,Europe,13,Free
CUST-04899,2024-12-14,Paid Ads,Asia Pacific,203,Business
CUST-04900,2024-12-25,Referral,North America,39,Business
CUST-04901,2024-12-16,Paid Ads,North America,21,Pro
CUST-04902,2024-12-03,Organic Search,North America,2,Pro
CUST-04903,2024-12-18,Referral,Latin America,16,Pro
CUST-04904,2024-12-04,Organic Search,Europe,15,Free
CUST-04905,2024-12-14,Organic Search,North America,4,Free
CUST-04906,2024-12-09,Paid Ads,North America,17,Free
CUST-04907,2024-12-04,Content Marketing,North America,10,Pro
CUST-04908,2024-12-23,Organic Search,Asia Pacific,48,Pro
CUST-04909,2024-12-23,Organic Search,Europe,22,Pro
CUST-04910,2024-12-02,Organic Search,Europe,31,Pro
CUST-04911,2024-12-11,Organic Search,North America,6,Free
CUST-04912,2024-12-15,Outbound Sales,North America,3869,Enterprise
CUST-04913,2024-12-06,Paid Ads,Europe,245,Business
CUST-04914,2024-12-02,Organic Search,North America,48,Business
CUST-04915,2024-12-23,Outbound Sales,North America,1753,Enterprise
CUST-04916,2024-12-01,Organic Search,Asia Pacific,2,Free
CUST-04917,2024-12-26,Paid Ads,North America,46,Pro
CUST-04918,2024-12-23,Content Marketing,Asia Pacific,16,Free
CUST-04919,2024-12-17,Content Marketing,North America,12,Pro
CUST-04920,2024-12-18,Organic Search,Europe,47,Pro
CUST-04921,2024-12-15,Referral,Latin America,69,Business
CUST-04922,2024-12-20,Referral,North America,8,Free
CUST-04923,2024-12-03,Referral,Europe,113,Business
CUST-04924,2024-12-27,Organic Search,North America,8,Free
CUST-04925,2024-12-10,Content Marketing,North America,26,Pro
CUST-04926,2024-12-19,Paid Ads,Europe,11,Free
CUST-04927,2024-12-25,Referral,North America,11,Free
CUST-04928,2024-12-14,Content Marketing,Europe,7,Pro
CUST-04929,2024-12-26,Content Marketing,Asia Pacific,34,Business
CUST-04930,2024-12-01,Content Marketing,North America,2,Free
CUST-04931,2024-12-05,Organic Search,Europe,3,Pro
CUST-04932,2024-12-07,Organic Search,Latin America,227,Business
CUST-04933,2024-12-01,Paid Ads,Europe,23,Pro
CUST-04934,2024-12-25,Organic Search,North America,7,Pro
CUST-04935,2024-12-21,Referral,Asia Pacific,63,Business
CUST-04936,2024-12-20,Referral,North America,4,Free
CUST-04937,2024-12-10,Paid Ads,Europe,1,Free
CUST-04938,2024-12-19,Organic Search,Europe,13,Free
CUST-04939,2024-12-12,Content Marketing,Europe,37,Pro
CUST-04940,2024-12-16,Paid Ads,Europe,24,Pro
CUST-04941,2024-12-02,Paid Ads,Europe,9,Free
CUST-04942,2024-12-24,Paid Ads,North America,29,Pro
CUST-04943,2024-12-23,Organic Search,Europe,41,Pro
CUST-04944,2024-12-21,Referral,North America,45,Pro
CUST-04945,2024-12-07,Organic Search,North America,16,Business
CUST-04946,2024-12-18,Paid Ads,North America,25,Pro
CUST-04947,2024-12-02,Organic Search,Asia Pacific,11,Pro
CUST-04948,2024-12-10,Organic Search,Asia Pacific,14,Free
CUST-04949,2024-12-07,Organic Search,North America,2,Pro
CUST-04950,2024-12-20,Organic Search,North America,14,Pro
CUST-04951,2024-12-24,Content Marketing,Asia Pacific,19,Pro
CUST-04952,2024-12-24,Content Marketing,North America,6,Free
CUST-04953,2024-12-05,Organic Search,North America,3,Free
CUST-04954,2024-12-05,Organic Search,North America,43,Pro
CUST-04955,2024-12-08,Content Marketing,Asia Pacific,22,Pro
CUST-04956,2024-12-11,Organic Search,Europe,17,Pro
CUST-04957,2024-12-09,Paid Ads,North America,4,Free
CUST-04958,2024-12-26,Organic Search,North America,31,Pro
CUST-04959,2024-12-17,Paid Ads,North America,16,Free
CUST-04960,2024-12-04,Outbound Sales,North America,3674,Enterprise
CUST-04961,2024-12-18,Organic Search,North America,44,Pro
CUST-04962,2024-12-23,Outbound Sales,North America,1559,Enterprise
CUST-04963,2024-12-27,Content Marketing,Asia Pacific,11,Free
CUST-04964,2024-12-23,Outbound Sales,Latin America,2701,Enterprise
CUST-04965,2024-12-01,Referral,North America,17,Free
CUST-04966,2024-12-13,Content Marketing,Europe,9,Free
CUST-04967,2024-12-02,Paid Ads,Europe,18,Pro
CUST-04968,2024-12-10,Content Marketing,Latin America,15,Free
CUST-04969,2024-12-27,Organic Search,North America,19,Free
CUST-04970,2024-12-02,Referral,Europe,13,Free
CUST-04971,2024-12-18,Referral,Europe,17,Free
CUST-04972,2024-12-27,Organic Search,North America,7,Pro
CUST-04973,2024-12-05,Organic Search,Latin America,49,Pro
CUST-04974,2024-12-21,Organic Search,North America,5,Free
CUST-04975,2024-12-01,Paid Ads,Europe,2,Pro
CUST-04976,2024-12-23,Organic Search,North America,4,Free
CUST-04977,2024-12-10,Organic Search,North America,1,Free
CUST-04978,2024-12-09,Organic Search,Latin America,6,Free
CUST-04979,2024-12-16,Paid Ads,Europe,3,Pro
CUST-04980,2024-12-19,Organic Search,Europe,32,Pro
CUST-04981,2024-12-10,Organic Search,Asia Pacific,18,Free
CUST-04982,2024-12-19,Organic Search,North America,6,Free
CUST-04983,2024-12-02,Paid Ads,North America,9,Free
CUST-04984,2024-12-24,Organic Search,North America,19,Free
CUST-04985,2024-12-19,Outbound Sales,Latin America,1262,Enterprise
CUST-04986,2024-12-07,Organic Search,Latin America,4,Pro
CUST-04987,2024-12-03,Organic Search,North America,28,Pro
CUST-04988,2024-12-23,Paid Ads,Europe,12,Free
CUST-04989,2024-12-07,Content Marketing,Asia Pacific,1,Free
CUST-04990,2024-12-16,Paid Ads,North America,16,Free
CUST-04991,2024-12-01,Organic Search,North America,28,Pro
CUST-04992,2024-12-02,Paid Ads,Asia Pacific,49,Pro
CUST-04993,2024-12-13,Paid Ads,Europe,39,Pro
CUST-04994,2024-12-13,Paid Ads,Latin America,4,Free
CUST-04995,2024-12-23,Outbound Sales,Asia Pacific,3534,Enterprise
CUST-04996,2024-12-04,Outbound Sales,Asia Pacific,3958,Enterprise
CUST-04997,2024-12-24,Paid Ads,North America,21,Pro
CUST-04998,2024-12-12,Organic Search,North America,1,Free
CUST-04999,2024-12-21,Paid Ads,Europe,18,Pro
CUST-05000,2024-12-16,Outbound Sales,North America,30,Pro
CUST-05001,2024-12-26,Content Marketing,Europe,17,Free
CUST-05002,2024-12-15,Organic Search,North America,37,Pro
CUST-05003,2024-12-22,Organic Search,Europe,171,Business
CUST-05004,2024-12-04,Organic Search,Asia Pacific,7,Free
CUST-05005,2024-12-25,Content Marketing,Asia Pacific,40,Pro
CUST-05006,2024-12-03,Paid Ads,Asia Pacific,18,Free
CUST-05007,2024-12-14,Organic Search,Europe,4,Pro
CUST-05008,2024-12-18,Organic Search,Europe,14,Free
CUST-05009,2024-12-20,Organic Search,Europe,12,Pro
CUST-05010,2024-12-15,Content Marketing,North America,7,Free
CUST-05011,2024-12-04,Paid Ads,North America,10,Pro
CUST-05012,2024-12-17,Organic Search,Asia Pacific,150,Business
CUST-05013,2024-12-16,Referral,Latin America,10,Pro
CUST-05014,2024-12-25,Referral,Europe,19,Free
CUST-05015,2024-12-25,Referral,North America,34,Pro
CUST-05016,2024-12-27,Content Marketing,North America,41,Pro
CUST-05017,2024-12-26,Organic Search,Asia Pacific,33,Pro
CUST-05018,2024-12-11,Organic Search,Asia Pacific,15,Free
CUST-05019,2024-12-23,Organic Search,Asia Pacific,34,Pro
CUST-05020,2024-12-09,Referral,Asia Pacific,9,Pro
CUST-05021,2024-12-23,Content Marketing,North America,14,Free
CUST-05022,2024-12-07,Organic Search,Europe,12,Pro
CUST-05023,2024-12-27,Content Marketing,Europe,19,Pro
CUST-05024,2024-12-22,Referral,Europe,206,Business
CUST-05025,2024-12-18,Outbound Sales,North America,202,Business
CUST-05026,2024-12-06,Paid Ads,North America,6,Pro
CUST-05027,2024-12-12,Organic Search,North America,31,Pro
CUST-05028,2024-12-09,Referral,Latin America,8,Pro
CUST-05029,2024-12-04,Content Marketing,North America,8,Free
CUST-05030,2024-12-06,Referral,Europe,23,Pro
CUST-05031,2024-12-04,Content Marketing,Asia Pacific,49,Business
CUST-05032,2024-12-19,Paid Ads,Asia Pacific,18,Free
CUST-05033,2024-12-21,Referral,North America,102,Business
CUST-05034,2024-12-21,Organic Search,North America,9,Free
CUST-05035,2024-12-06,Paid Ads,North America,14,Pro
CUST-05036,2024-12-09,Organic Search,North America,11,Pro
CUST-05037,2024-12-23,Organic Search,North America,3,Free
CUST-05038,2024-12-19,Organic Search,Europe,14,Free
CUST-05039,2024-12-10,Referral,Europe,13,Free
CUST-05040,2024-12-22,Content Marketing,Asia Pacific,48,Pro
CUST-05041,2024-12-18,Organic Search,Asia Pacific,6,Free
CUST-05042,2024-12-02,Paid Ads,North America,14,Free
CUST-05043,2024-12-26,Organic Search,North America,17,Free
CUST-05044,2024-12-26,Paid Ads,North America,93,Business
CUST-05045,2024-12-26,Organic Search,Europe,46,Pro
CUST-05046,2024-12-06,Paid Ads,Europe,6,Pro
CUST-05047,2024-12-06,Content Marketing,Asia Pacific,12,Free
CUST-05048,2024-12-13,Paid Ads,North America,13,Free
CUST-05049,2024-12-12,Referral,Latin America,41,Pro
CUST-05050,2024-12-15,Referral,Europe,18,Business
CUST-05051,2024-12-24,Organic Search,North America,12,Free
CUST-05052,2024-12-25,Paid Ads,Europe,46,Pro
CUST-05053,2024-12-17,Organic Search,North America,27,Pro
CUST-05054,2024-12-03,Paid Ads,Asia Pacific,45,Pro
CUST-05055,2024-12-07,Content Marketing,North America,6,Free
CUST-05056,2024-12-14,Paid Ads,Europe,18,Free
CUST-05057,2024-12-02,Paid Ads,Europe,15,Free
CUST-05058,2024-12-25,Organic Search,Asia Pacific,17,Free
CUST-05059,2024-12-25,Organic Search,Asia Pacific,12,Free
CUST-05060,2024-12-07,Content Marketing,Latin America,13,Pro
CUST-05061,2024-12-14,Organic Search,Asia Pacific,17,Free
CUST-05062,2024-12-02,Referral,North America,4,Pro
CUST-05063,2024-12-27,Organic Search,North America,11,Free
CUST-05064,2024-12-01,Organic Search,Asia Pacific,18,Free
CUST-05065,2024-12-05,Organic Search,Asia Pacific,18,Free
CUST-05066,2024-12-04,Content Marketing,Asia Pacific,7,Free
CUST-05067,2024-12-11,Organic Search,Latin America,5,Free
CUST-05068,2024-12-06,Referral,North America,9,Pro
CUST-05069,2024-12-08,Organic Search,Europe,45,Pro
CUST-05070,2024-12-15,Paid Ads,Asia Pacific,6,Pro
CUST-05071,2024-12-20,Paid Ads,Europe,11,Free
CUST-05072,2024-12-14,Referral,Asia Pacific,8,Free
CUST-05073,2024-12-01,Organic Search,Latin America,180,Business
CUST-05074,2024-12-15,Organic Search,Europe,11,Free
CUST-05075,2024-12-17,Content Marketing,North America,29,Pro
CUST-05076,2024-12-01,Paid Ads,Latin America,34,Pro
CUST-05077,2024-12-15,Organic Search,North America,27,Business
CUST-05078,2024-12-01,Paid Ads,Europe,9,Free
CUST-05079,2024-12-25,Organic Search,North America,1,Free
CUST-05080,2024-12-19,Paid Ads,Europe,47,Pro
CUST-05081,2024-12-03,Paid Ads,North America,5,Free
CUST-05082,2024-12-07,Organic Search,Latin America,28,Pro
CUST-05083,2024-12-25,Paid Ads,Asia Pacific,4,Pro
CUST-05084,2024-12-17,Referral,Latin America,11,Free
CUST-05085,2024-12-07,Content Marketing,Asia Pacific,27,Pro
CUST-05086,2024-12-22,Referral,Europe,231,Business
CUST-05087,2024-12-01,Paid Ads,Europe,26,Pro
CUST-05088,2024-12-17,Content Marketing,Asia Pacific,12,Free
CUST-05089,2024-12-14,Organic Search,North America,6,Pro
CUST-05090,2024-12-11,Referral,Asia Pacific,29,Business
CUST-05091,2024-12-22,Organic Search,Asia Pacific,12,Free
CUST-05092,2024-12-06,Organic Search,Europe,15,Free
CUST-05093,2024-12-06,Referral,North America,7,Pro
CUST-05094,2024-12-22,Organic Search,North America,14,Pro
CUST-05095,2024-12-10,Referral,North America,34,Pro
CUST-05096,2024-12-25,Referral,Europe,17,Free
CUST-05097,2024-12-24,Organic Search,Asia Pacific,29,Pro
CUST-05098,2024-12-20,Paid Ads,Europe,27,Pro
CUST-05099,2024-12-20,Paid Ads,North America,14,Free
CUST-05100,2024-12-26,Referral,North America,46,Pro
CUST-05101,2024-12-27,Content Marketing,Asia Pacific,1,Free
CUST-05102,2024-12-23,Organic Search,Asia Pacific,17,Free
CUST-05103,2024-12-18,Content Marketing,Latin America,2,Pro
CUST-05104,2024-12-12,Paid Ads,Europe,16,Free
CUST-05105,2024-12-11,Organic Search,North America,17,Free
CUST-05106,2024-12-27,Paid Ads,Latin America,31,Pro
CUST-05107,2024-12-16,Organic Search,Europe,18,Free
CUST-05108,2024-12-10,Organic Search,Europe,8,Free
CUST-05109,2024-12-23,Organic Search,North America,42,Business
CUST-05110,2024-12-06,Content Marketing,Asia Pacific,37,Pro
CUST-05111,2024-12-03,Content Marketing,Latin America,2,Free
CUST-05112,2024-12-21,Outbound Sales,Latin America,149,Business
CUST-05113,2024-12-14,Organic Search,North America,9,Pro
CUST-05114,2024-12-06,Paid Ads,North America,27,Pro
CUST-05115,2024-12-08,Content Marketing,Europe,17,Free
CUST-05116,2024-12-05,Organic Search,North America,11,Pro
CUST-05117,2024-12-19,Paid Ads,Latin America,191,Business
CUST-05118,2024-12-13,Organic Search,North America,150,Business
CUST-05119,2024-12-22,Paid Ads,Europe,18,Free
CUST-05120,2024-12-11,Referral,North America,131,Business
CUST-05121,2024-12-08,Organic Search,Europe,72,Business
CUST-05122,2024-12-13,Organic Search,North America,14,Free
CUST-05123,2024-12-13,Referral,Europe,34,Pro
CUST-05124,2024-12-02,Paid Ads,North America,8,Free
CUST-05125,2024-12-22,Organic Search,Asia Pacific,14,Free
CUST-05126,2024-12-17,Organic Search,Europe,9,Free
CUST-05127,2024-12-27,Outbound Sales,Europe,2600,Enterprise
CUST-05128,2024-12-14,Referral,Europe,16,Free
CUST-05129,2024-12-18,Paid Ads,North America,23,Pro
CUST-05130,2024-12-18,Referral,Asia Pacific,13,Free
CUST-05131,2024-12-23,Outbound Sales,Latin America,1181,Enterprise
CUST-05132,2024-12-23,Organic Search,Latin America,27,Pro
CUST-05133,2024-12-16,Organic Search,Europe,4,Free
CUST-05134,2024-12-14,Paid Ads,Latin America,13,Pro
CUST-05135,2024-12-22,Content Marketing,Europe,15,Free
CUST-05136,2024-12-09,Organic Search,North America,16,Free
CUST-05137,2024-12-11,Organic Search,North America,38,Pro
CUST-05138,2024-12-04,Organic Search,Europe,2,Free
CUST-05139,2024-12-05,Referral,Europe,18,Free
CUST-05140,2024-12-02,Referral,Europe,19,Free
CUST-05141,2024-12-10,Paid Ads,Europe,7,Free
CUST-05142,2024-12-12,Organic Search,Latin America,39,Pro
