event_id,customer_id,event_date,event_type,plan_before,plan_after,mrr_before,mrr_after
EVT-000017,CUST-00009,2023-01-01,signup,,Pro,0,15
EVT-000047,CUST-00026,2023-01-01,signup,,Free,0,0
EVT-000090,CUST-00049,2023-01-01,signup,,Pro,0,15
EVT-000030,CUST-00017,2023-01-03,signup,,Free,0,0
EVT-000082,CUST-00045,2023-01-04,signup,,Business,0,49
EVT-000098,CUST-00053,2023-01-04,signup,,Pro,0,15
EVT-000020,CUST-00011,2023-01-05,signup,,Free,0,0
EVT-000034,CUST-00019,2023-01-05,signup,,Pro,0,15
EVT-000071,CUST-00039,2023-01-05,signup,,Free,0,0
EVT-000084,CUST-00046,2023-01-05,signup,,Pro,0,15
EVT-000032,CUST-00018,2023-01-06,signup,,Business,0,49
EVT-000086,CUST-00047,2023-01-06,signup,,Pro,0,15
EVT-000063,CUST-00035,2023-01-07,signup,,Free,0,0
EVT-000011,CUST-00006,2023-01-08,signup,,Free,0,0
EVT-000028,CUST-00015,2023-01-08,signup,,Business,0,49
EVT-000060,CUST-00033,2023-01-08,signup,,Free,0,0
EVT-000080,CUST-00044,2023-01-08,signup,,Free,0,0
EVT-000042,CUST-00023,2023-01-09,signup,,Free,0,0
EVT-000067,CUST-00037,2023-01-09,signup,,Pro,0,15
EVT-000077,CUST-00042,2023-01-09,signup,,Business,0,49
EVT-000023,CUST-00013,2023-01-10,signup,,Free,0,0
EVT-000015,CUST-00008,2023-01-11,signup,,Pro,0,15
EVT-000021,CUST-00012,2023-01-11,signup,,Pro,0,15
EVT-000066,CUST-00036,2023-01-11,signup,,Free,0,0
EVT-000079,CUST-00043,2023-01-11,signup,,Pro,0,15
EVT-000100,CUST-00054,2023-01-11,signup,,Free,0,0
EVT-000008,CUST-00004,2023-01-12,signup,,Free,0,0
EVT-000041,CUST-00022,2023-01-12,signup,,Enterprise,0,199
EVT-000018,CUST-00010,2023-01-13,signup,,Free,0,0
EVT-000053,CUST-00029,2023-01-13,signup,,Business,0,49
EVT-000051,CUST-00028,2023-01-14,signup,,Free,0,0
EVT-000069,CUST-00038,2023-01-14,signup,,Business,0,49
EVT-000054,CUST-00030,2023-01-15,signup,,Free,0,0
EVT-000057,CUST-00032,2023-01-15,signup,,Pro,0,15
EVT-000006,CUST-00003,2023-01-16,signup,,Pro,0,15
EVT-000013,CUST-00007,2023-01-16,signup,,Free,0,0
EVT-000039,CUST-00021,2023-01-16,signup,,Free,0,0
EVT-000044,CUST-00024,2023-01-16,signup,,Free,0,0
EVT-000046,CUST-00025,2023-01-16,signup,,Free,0,0
EVT-000102,CUST-00055,2023-01-18,signup,,Free,0,0
EVT-000106,CUST-00057,2023-01-18,signup,,Free,0,0
EVT-000001,CUST-00001,2023-01-19,signup,,Free,0,0
EVT-000093,CUST-00050,2023-01-19,signup,,Free,0,0
EVT-000095,CUST-00051,2023-01-19,signup,,Free,0,0
EVT-000029,CUST-00016,2023-01-20,signup,,Business,0,49
EVT-000037,CUST-00020,2023-01-20,signup,,Business,0,49
EVT-000004,CUST-00002,2023-01-21,signup,,Free,0,0
EVT-000062,CUST-00034,2023-01-21,signup,,Pro,0,15
EVT-000049,CUST-00027,2023-01-22,signup,,Business,0,49
EVT-000097,CUST-00052,2023-01-22,signup,,Pro,0,15
EVT-000056,CUST-00031,2023-01-23,signup,,Enterprise,0,199
EVT-000010,CUST-00005,2023-01-24,signup,,Enterprise,0,199
EVT-000075,CUST-00041,2023-01-25,signup,,Pro,0,15
EVT-000104,CUST-00056,2023-01-25,signup,,Business,0,49
EVT-000025,CUST-00014,2023-01-26,signup,,Free,0,0
EVT-000073,CUST-00040,2023-01-27,signup,,Free,0,0
EVT-000088,CUST-00048,2023-01-27,signup,,Pro,0,15
EVT-000074,CUST-00040,2023-02-01,cancel,Free,Cancelled,0,0
EVT-000107,CUST-00057,2023-02-01,cancel,Free,Cancelled,0,0
EVT-000162,CUST-00084,2023-02-01,signup,,Pro,0,15
EVT-000182,CUST-00093,2023-02-01,signup,,Business,0,49
EVT-000227,CUST-00114,2023-02-01,signup,,Pro,0,15
EVT-000061,CUST-00033,2023-02-02,cancel,Free,Cancelled,0,0
EVT-000201,CUST-00102,2023-02-02,signup,,Business,0,49
EVT-000083,CUST-00045,2023-02-03,cancel,Business,Cancelled,49,0
EVT-000128,CUST-00069,2023-02-03,signup,,Free,0,0
EVT-000168,CUST-00087,2023-02-03,signup,,Pro,0,15
EVT-000175,CUST-00090,2023-02-03,signup,,Pro,0,15
EVT-000205,CUST-00104,2023-02-03,signup,,Pro,0,15
EVT-000270,CUST-00135,2023-02-03,signup,,Pro,0,15
EVT-000117,CUST-00064,2023-02-04,signup,,Pro,0,15
EVT-000121,CUST-00066,2023-02-04,signup,,Free,0,0
EVT-000136,CUST-00073,2023-02-04,signup,,Pro,0,15
EVT-000158,CUST-00082,2023-02-04,signup,,Pro,0,15
EVT-000160,CUST-00083,2023-02-04,signup,,Business,0,49
EVT-000193,CUST-00098,2023-02-04,signup,,Free,0,0
EVT-000218,CUST-00110,2023-02-04,signup,,Free,0,0
EVT-000268,CUST-00134,2023-02-04,signup,,Pro,0,15
EVT-000263,CUST-00132,2023-02-05,signup,,Pro,0,15
EVT-000116,CUST-00063,2023-02-06,signup,,Free,0,0
EVT-000180,CUST-00092,2023-02-06,signup,,Free,0,0
EVT-000225,CUST-00113,2023-02-06,signup,,Free,0,0
EVT-000261,CUST-00131,2023-02-06,signup,,Pro,0,15
EVT-000177,CUST-00091,2023-02-07,signup,,Pro,0,15
EVT-000228,CUST-00115,2023-02-07,signup,,Free,0,0
EVT-000163,CUST-00085,2023-02-08,signup,,Pro,0,15
EVT-000170,CUST-00088,2023-02-08,signup,,Business,0,49
EVT-000276,CUST-00138,2023-02-08,signup,,Free,0,0
EVT-000112,CUST-00060,2023-02-09,signup,,Enterprise,0,199
EVT-000146,CUST-00077,2023-02-09,signup,,Free,0,0
EVT-000165,CUST-00086,2023-02-09,signup,,Pro,0,15
EVT-000212,CUST-00107,2023-02-09,signup,,Free,0,0
EVT-000220,CUST-00111,2023-02-09,signup,,Free,0,0
EVT-000232,CUST-00117,2023-02-09,signup,,Pro,0,15
EVT-000258,CUST-00129,2023-02-09,signup,,Business,0,49
EVT-000247,CUST-00124,2023-02-10,signup,,Business,0,49
EVT-000108,CUST-00058,2023-02-11,signup,,Free,0,0
EVT-000259,CUST-00130,2023-02-11,signup,,Pro,0,15
EVT-000234,CUST-00118,2023-02-12,signup,,Pro,0,15
EVT-000094,CUST-00050,2023-02-13,cancel,Free,Cancelled,0,0
EVT-000207,CUST-00105,2023-02-13,signup,,Free,0,0
EVT-000272,CUST-00136,2023-02-13,signup,,Pro,0,15
EVT-000134,CUST-00072,2023-02-14,signup,,Pro,0,15
EVT-000216,CUST-00109,2023-02-14,signup,,Business,0,49
EVT-000237,CUST-00119,2023-02-14,signup,,Pro,0,15
EVT-000243,CUST-00122,2023-02-14,signup,,Free,0,0
EVT-000278,CUST-00139,2023-02-14,signup,,Free,0,0
EVT-000132,CUST-00071,2023-02-15,signup,,Pro,0,15
EVT-000130,CUST-00070,2023-02-16,signup,,Pro,0,15
EVT-000209,CUST-00106,2023-02-16,signup,,Pro,0,15
EVT-000265,CUST-00133,2023-02-16,signup,,Pro,0,15
EVT-000050,CUST-00027,2023-02-17,cancel,Business,Cancelled,49,0
EVT-000123,CUST-00067,2023-02-17,signup,,Business,0,49
EVT-000184,CUST-00094,2023-02-17,signup,,Free,0,0
EVT-000254,CUST-00127,2023-02-17,signup,,Pro,0,15
EVT-000113,CUST-00061,2023-02-18,signup,,Free,0,0
EVT-000115,CUST-00062,2023-02-18,signup,,Pro,0,15
EVT-000138,CUST-00074,2023-02-18,signup,,Free,0,0
EVT-000195,CUST-00099,2023-02-18,signup,,Pro,0,15
EVT-000214,CUST-00108,2023-02-18,signup,,Pro,0,15
EVT-000222,CUST-00112,2023-02-18,signup,,Free,0,0
EVT-000143,CUST-00075,2023-02-19,signup,,Free,0,0
EVT-000230,CUST-00116,2023-02-19,signup,,Pro,0,15
EVT-000282,CUST-00141,2023-02-19,signup,,Pro,0,15
EVT-000119,CUST-00065,2023-02-20,signup,,Pro,0,15
EVT-000151,CUST-00079,2023-02-20,signup,,Free,0,0
EVT-000198,CUST-00100,2023-02-20,signup,,Pro,0,15
EVT-000199,CUST-00101,2023-02-20,signup,,Free,0,0
EVT-000145,CUST-00076,2023-02-21,signup,,Free,0,0
EVT-000248,CUST-00125,2023-02-21,signup,,Free,0,0
EVT-000072,CUST-00039,2023-02-22,cancel,Free,Cancelled,0,0
EVT-000089,CUST-00048,2023-02-22,upgrade,Pro,Business,15,49
EVT-000153,CUST-00080,2023-02-22,signup,,Pro,0,15
EVT-000241,CUST-00121,2023-02-22,signup,,Pro,0,15
EVT-000186,CUST-00095,2023-02-23,signup,,Pro,0,15
EVT-000190,CUST-00097,2023-02-23,signup,,Pro,0,15
EVT-000244,CUST-00123,2023-02-23,signup,,Free,0,0
EVT-000280,CUST-00140,2023-02-23,signup,,Free,0,0
EVT-000203,CUST-00103,2023-02-24,signup,,Pro,0,15
EVT-000250,CUST-00126,2023-02-24,signup,,Free,0,0
EVT-000239,CUST-00120,2023-02-25,signup,,Pro,0,15
EVT-000274,CUST-00137,2023-02-25,signup,,Free,0,0
EVT-000110,CUST-00059,2023-02-26,signup,,Pro,0,15
EVT-000126,CUST-00068,2023-02-26,signup,,Pro,0,15
EVT-000148,CUST-00078,2023-02-26,signup,,Free,0,0
EVT-000188,CUST-00096,2023-02-26,signup,,Free,0,0
EVT-000256,CUST-00128,2023-02-26,signup,,Free,0,0
EVT-000156,CUST-00081,2023-02-27,signup,,Pro,0,15
EVT-000174,CUST-00089,2023-02-27,signup,,Pro,0,15
EVT-000103,CUST-00055,2023-03-01,cancel,Free,Cancelled,0,0
EVT-000291,CUST-00145,2023-03-01,signup,,Free,0,0
EVT-000366,CUST-00183,2023-03-01,signup,,Free,0,0
EVT-000375,CUST-00188,2023-03-01,signup,,Enterprise,0,199
EVT-000411,CUST-00208,2023-03-01,signup,,Free,0,0
EVT-000319,CUST-00160,2023-03-02,signup,,Free,0,0
EVT-000381,CUST-00191,2023-03-02,signup,,Pro,0,15
EVT-000444,CUST-00223,2023-03-02,signup,,Business,0,49
EVT-000048,CUST-00026,2023-03-03,cancel,Free,Cancelled,0,0
EVT-000316,CUST-00159,2023-03-03,signup,,Free,0,0
EVT-000364,CUST-00182,2023-03-03,signup,,Free,0,0
EVT-000396,CUST-00199,2023-03-03,signup,,Enterprise,0,199
EVT-000410,CUST-00207,2023-03-03,signup,,Pro,0,15
EVT-000439,CUST-00220,2023-03-03,signup,,Pro,0,15
EVT-000345,CUST-00172,2023-03-04,signup,,Free,0,0
EVT-000373,CUST-00186,2023-03-04,signup,,Pro,0,15
EVT-000376,CUST-00189,2023-03-04,signup,,Business,0,49
EVT-000458,CUST-00230,2023-03-04,signup,,Free,0,0
EVT-000135,CUST-00072,2023-03-05,cancel,Pro,Cancelled,15,0
EVT-000311,CUST-00156,2023-03-05,signup,,Pro,0,15
EVT-000399,CUST-00201,2023-03-05,signup,,Free,0,0
EVT-000478,CUST-00240,2023-03-05,signup,,Pro,0,15
EVT-000111,CUST-00059,2023-03-06,cancel,Pro,Cancelled,15,0
EVT-000129,CUST-00069,2023-03-06,cancel,Free,Cancelled,0,0
EVT-000325,CUST-00163,2023-03-06,signup,,Free,0,0
EVT-000347,CUST-00173,2023-03-06,signup,,Enterprise,0,199
EVT-000362,CUST-00181,2023-03-06,signup,,Pro,0,15
EVT-000429,CUST-00217,2023-03-06,signup,,Free,0,0
EVT-000484,CUST-00244,2023-03-06,signup,,Free,0,0
EVT-000302,CUST-00151,2023-03-07,signup,,Pro,0,15
EVT-000387,CUST-00194,2023-03-07,signup,,Free,0,0
EVT-000426,CUST-00215,2023-03-07,signup,,Pro,0,15
EVT-000450,CUST-00226,2023-03-07,signup,,Pro,0,15
EVT-000467,CUST-00235,2023-03-07,signup,,Pro,0,15
EVT-000479,CUST-00241,2023-03-07,signup,,Pro,0,15
EVT-000014,CUST-00007,2023-03-08,cancel,Free,Cancelled,0,0
EVT-000152,CUST-00079,2023-03-08,cancel,Free,Cancelled,0,0
EVT-000433,CUST-00218,2023-03-08,signup,,Pro,0,15
EVT-000460,CUST-00231,2023-03-08,signup,,Pro,0,15
EVT-000321,CUST-00161,2023-03-09,signup,,Pro,0,15
EVT-000335,CUST-00168,2023-03-09,signup,,Pro,0,15
EVT-000360,CUST-00180,2023-03-09,signup,,Free,0,0
EVT-000415,CUST-00210,2023-03-09,signup,,Pro,0,15
EVT-000229,CUST-00115,2023-03-10,cancel,Free,Cancelled,0,0
EVT-000233,CUST-00117,2023-03-10,cancel,Pro,Cancelled,15,0
EVT-000289,CUST-00144,2023-03-10,signup,,Free,0,0
EVT-000293,CUST-00146,2023-03-10,signup,,Free,0,0
EVT-000464,CUST-00234,2023-03-10,signup,,Pro,0,15
EVT-000012,CUST-00006,2023-03-11,cancel,Free,Cancelled,0,0
EVT-000323,CUST-00162,2023-03-11,signup,,Free,0,0
EVT-000389,CUST-00195,2023-03-11,signup,,Pro,0,15
EVT-000421,CUST-00213,2023-03-11,signup,,Free,0,0
EVT-000454,CUST-00228,2023-03-11,signup,,Pro,0,15
EVT-000213,CUST-00107,2023-03-12,cancel,Free,Cancelled,0,0
EVT-000314,CUST-00158,2023-03-12,signup,,Business,0,49
EVT-000327,CUST-00164,2023-03-12,signup,,Free,0,0
EVT-000393,CUST-00197,2023-03-12,signup,,Enterprise,0,199
EVT-000417,CUST-00211,2023-03-12,signup,,Pro,0,15
EVT-000461,CUST-00232,2023-03-12,signup,,Pro,0,15
EVT-000472,CUST-00238,2023-03-12,signup,,Pro,0,15
EVT-000308,CUST-00154,2023-03-13,signup,,Pro,0,15
EVT-000419,CUST-00212,2023-03-13,signup,,Pro,0,15
EVT-000482,CUST-00243,2023-03-13,signup,,Free,0,0
EVT-000331,CUST-00166,2023-03-14,signup,,Free,0,0
EVT-000374,CUST-00187,2023-03-14,signup,,Enterprise,0,199
EVT-000405,CUST-00204,2023-03-14,signup,,Pro,0,15
EVT-000470,CUST-00237,2023-03-14,signup,,Pro,0,15
EVT-000378,CUST-00190,2023-03-15,signup,,Business,0,49
EVT-000446,CUST-00224,2023-03-15,signup,,Free,0,0
EVT-000300,CUST-00150,2023-03-16,signup,,Free,0,0
EVT-000351,CUST-00175,2023-03-16,signup,,Free,0,0
EVT-000391,CUST-00196,2023-03-16,signup,,Pro,0,15
EVT-000452,CUST-00227,2023-03-16,signup,,Free,0,0
EVT-000348,CUST-00174,2023-03-17,signup,,Free,0,0
EVT-000385,CUST-00193,2023-03-17,signup,,Pro,0,15
EVT-000448,CUST-00225,2023-03-17,signup,,Free,0,0
EVT-000313,CUST-00157,2023-03-18,signup,,Pro,0,15
EVT-000383,CUST-00192,2023-03-18,signup,,Pro,0,15
EVT-000157,CUST-00081,2023-03-19,cancel,Pro,Cancelled,15,0
EVT-000284,CUST-00142,2023-03-19,signup,,Pro,0,15
EVT-000338,CUST-00169,2023-03-19,signup,,Free,0,0
EVT-000397,CUST-00200,2023-03-19,signup,,Pro,0,15
EVT-000424,CUST-00214,2023-03-19,signup,,Free,0,0
EVT-000343,CUST-00171,2023-03-20,signup,,Free,0,0
EVT-000369,CUST-00184,2023-03-20,signup,,Free,0,0
EVT-000403,CUST-00203,2023-03-20,signup,,Free,0,0
EVT-000413,CUST-00209,2023-03-20,signup,,Business,0,49
EVT-000462,CUST-00233,2023-03-20,signup,,Free,0,0
EVT-000204,CUST-00103,2023-03-21,cancel,Pro,Cancelled,15,0
EVT-000257,CUST-00128,2023-03-21,cancel,Free,Cancelled,0,0
EVT-000295,CUST-00147,2023-03-21,signup,,Free,0,0
EVT-000355,CUST-00177,2023-03-21,signup,,Pro,0,15
EVT-000440,CUST-00221,2023-03-21,signup,,Free,0,0
EVT-000455,CUST-00229,2023-03-21,signup,,Free,0,0
EVT-000486,CUST-00245,2023-03-21,signup,,Business,0,49
EVT-000068,CUST-00037,2023-03-22,cancel,Pro,Cancelled,15,0
EVT-000208,CUST-00105,2023-03-22,cancel,Free,Cancelled,0,0
EVT-000306,CUST-00153,2023-03-22,signup,,Free,0,0
EVT-000310,CUST-00155,2023-03-22,signup,,Business,0,49
EVT-000333,CUST-00167,2023-03-22,signup,,Free,0,0
EVT-000394,CUST-00198,2023-03-22,signup,,Free,0,0
EVT-000407,CUST-00205,2023-03-22,signup,,Pro,0,15
EVT-000235,CUST-00118,2023-03-23,upgrade,Pro,Business,15,49
EVT-000304,CUST-00152,2023-03-24,signup,,Free,0,0
EVT-000329,CUST-00165,2023-03-24,signup,,Free,0,0
EVT-000353,CUST-00176,2023-03-24,signup,,Business,0,49
EVT-000427,CUST-00216,2023-03-24,signup,,Free,0,0
EVT-000468,CUST-00236,2023-03-24,signup,,Free,0,0
EVT-000052,CUST-00028,2023-03-25,cancel,Free,Cancelled,0,0
EVT-000287,CUST-00143,2023-03-25,signup,,Pro,0,15
EVT-000297,CUST-00148,2023-03-25,signup,,Pro,0,15
EVT-000298,CUST-00149,2023-03-25,signup,,Free,0,0
EVT-000357,CUST-00178,2023-03-25,signup,,Business,0,49
EVT-000371,CUST-00185,2023-03-25,signup,,Pro,0,15
EVT-000401,CUST-00202,2023-03-25,signup,,Free,0,0
EVT-000409,CUST-00206,2023-03-25,signup,,Pro,0,15
EVT-000481,CUST-00242,2023-03-25,signup,,Pro,0,15
EVT-000022,CUST-00012,2023-03-26,cancel,Pro,Cancelled,15,0
EVT-000076,CUST-00041,2023-03-26,cancel,Pro,Cancelled,15,0
EVT-000269,CUST-00134,2023-03-26,cancel,Pro,Cancelled,15,0
EVT-000341,CUST-00170,2023-03-26,signup,,Free,0,0
EVT-000435,CUST-00219,2023-03-26,signup,,Free,0,0
EVT-000476,CUST-00239,2023-03-26,signup,,Free,0,0
EVT-000251,CUST-00126,2023-03-27,upgrade,Free,Pro,0,15
EVT-000359,CUST-00179,2023-03-27,signup,,Enterprise,0,199
EVT-000442,CUST-00222,2023-03-27,signup,,Pro,0,15
EVT-000496,CUST-00250,2023-04-01,signup,,Pro,0,15
EVT-000530,CUST-00269,2023-04-01,signup,,Free,0,0
EVT-000532,CUST-00270,2023-04-01,signup,,Pro,0,15
EVT-000567,CUST-00290,2023-04-01,signup,,Pro,0,15
EVT-000626,CUST-00321,2023-04-01,signup,,Business,0,49
EVT-000633,CUST-00324,2023-04-01,signup,,Pro,0,15
EVT-000655,CUST-00335,2023-04-01,signup,,Free,0,0
EVT-000189,CUST-00096,2023-04-02,cancel,Free,Cancelled,0,0
EVT-000312,CUST-00156,2023-04-02,cancel,Pro,Cancelled,15,0
EVT-000505,CUST-00255,2023-04-02,signup,,Business,0,49
EVT-000558,CUST-00285,2023-04-02,signup,,Pro,0,15
EVT-000573,CUST-00293,2023-04-02,signup,,Pro,0,15
EVT-000676,CUST-00345,2023-04-02,signup,,Business,0,49
EVT-000537,CUST-00273,2023-04-03,signup,,Free,0,0
EVT-000578,CUST-00295,2023-04-03,signup,,Pro,0,15
EVT-000588,CUST-00300,2023-04-03,signup,,Pro,0,15
EVT-000603,CUST-00309,2023-04-03,signup,,Free,0,0
EVT-000645,CUST-00330,2023-04-03,signup,,Pro,0,15
EVT-000666,CUST-00340,2023-04-03,signup,,Free,0,0
EVT-000124,CUST-00067,2023-04-04,downgrade,Business,Pro,49,15
EVT-000436,CUST-00219,2023-04-04,upgrade,Free,Pro,0,15
EVT-000500,CUST-00252,2023-04-04,signup,,Free,0,0
EVT-000509,CUST-00257,2023-04-04,signup,,Pro,0,15
EVT-000544,CUST-00277,2023-04-04,signup,,Free,0,0
EVT-000601,CUST-00308,2023-04-04,signup,,Free,0,0
EVT-000651,CUST-00333,2023-04-04,signup,,Free,0,0
EVT-000664,CUST-00339,2023-04-04,signup,,Free,0,0
EVT-000002,CUST-00001,2023-04-05,upgrade,Free,Pro,0,15
EVT-000477,CUST-00239,2023-04-05,cancel,Free,Cancelled,0,0
EVT-000533,CUST-00271,2023-04-05,signup,,Pro,0,15
EVT-000546,CUST-00278,2023-04-05,signup,,Free,0,0
EVT-000580,CUST-00296,2023-04-05,signup,,Free,0,0
EVT-000144,CUST-00075,2023-04-06,cancel,Free,Cancelled,0,0
EVT-000296,CUST-00147,2023-04-06,cancel,Free,Cancelled,0,0
EVT-000502,CUST-00253,2023-04-06,signup,,Pro,0,15
EVT-000542,CUST-00276,2023-04-06,signup,,Free,0,0
EVT-000553,CUST-00282,2023-04-06,signup,,Pro,0,15
EVT-000575,CUST-00294,2023-04-06,signup,,Free,0,0
EVT-000586,CUST-00299,2023-04-06,signup,,Free,0,0
EVT-000483,CUST-00243,2023-04-07,cancel,Free,Cancelled,0,0
EVT-000539,CUST-00274,2023-04-07,signup,,Free,0,0
EVT-000200,CUST-00101,2023-04-08,cancel,Free,Cancelled,0,0
EVT-000412,CUST-00208,2023-04-08,cancel,Free,Cancelled,0,0
EVT-000422,CUST-00213,2023-04-08,upgrade,Free,Pro,0,15
EVT-000507,CUST-00256,2023-04-08,signup,,Free,0,0
EVT-000560,CUST-00286,2023-04-08,signup,,Pro,0,15
EVT-000563,CUST-00288,2023-04-08,signup,,Pro,0,15
EVT-000638,CUST-00326,2023-04-08,signup,,Free,0,0
EVT-000653,CUST-00334,2023-04-08,signup,,Pro,0,15
EVT-000344,CUST-00171,2023-04-09,cancel,Free,Cancelled,0,0
EVT-000522,CUST-00265,2023-04-09,signup,,Pro,0,15
EVT-000582,CUST-00297,2023-04-09,signup,,Free,0,0
EVT-000595,CUST-00304,2023-04-09,signup,,Free,0,0
EVT-000196,CUST-00099,2023-04-10,upgrade,Pro,Business,15,49
EVT-000283,CUST-00141,2023-04-10,cancel,Pro,Cancelled,15,0
EVT-000346,CUST-00172,2023-04-10,cancel,Free,Cancelled,0,0
EVT-000583,CUST-00298,2023-04-10,signup,,Free,0,0
EVT-000605,CUST-00310,2023-04-10,signup,,Pro,0,15
EVT-000185,CUST-00094,2023-04-11,cancel,Free,Cancelled,0,0
EVT-000600,CUST-00307,2023-04-11,signup,,Pro,0,15
EVT-000609,CUST-00312,2023-04-11,signup,,Business,0,49
EVT-000615,CUST-00315,2023-04-11,signup,,Free,0,0
EVT-000624,CUST-00320,2023-04-11,signup,,Free,0,0
EVT-000660,CUST-00337,2023-04-11,signup,,Free,0,0
EVT-000299,CUST-00149,2023-04-12,cancel,Free,Cancelled,0,0
EVT-000511,CUST-00258,2023-04-12,signup,,Business,0,49
EVT-000650,CUST-00332,2023-04-12,signup,,Business,0,49
EVT-000672,CUST-00343,2023-04-12,signup,,Pro,0,15
EVT-000064,CUST-00035,2023-04-13,upgrade,Free,Pro,0,15
EVT-000294,CUST-00146,2023-04-13,cancel,Free,Cancelled,0,0
EVT-000443,CUST-00222,2023-04-13,cancel,Pro,Cancelled,15,0
EVT-000459,CUST-00230,2023-04-13,cancel,Free,Cancelled,0,0
EVT-000488,CUST-00246,2023-04-13,signup,,Pro,0,15
EVT-000517,CUST-00262,2023-04-13,signup,,Business,0,49
EVT-000549,CUST-00280,2023-04-13,signup,,Free,0,0
EVT-000571,CUST-00292,2023-04-13,signup,,Free,0,0
EVT-000662,CUST-00338,2023-04-13,signup,,Pro,0,15
EVT-000242,CUST-00121,2023-04-14,cancel,Pro,Cancelled,15,0
EVT-000354,CUST-00176,2023-04-14,cancel,Business,Cancelled,49,0
EVT-000523,CUST-00266,2023-04-14,signup,,Pro,0,15
EVT-000597,CUST-00306,2023-04-14,signup,,Free,0,0
EVT-000640,CUST-00327,2023-04-14,signup,,Business,0,49
EVT-000404,CUST-00203,2023-04-15,cancel,Free,Cancelled,0,0
EVT-000527,CUST-00268,2023-04-15,signup,,Free,0,0
EVT-000613,CUST-00314,2023-04-15,signup,,Pro,0,15
EVT-000674,CUST-00344,2023-04-15,signup,,Free,0,0
EVT-000147,CUST-00077,2023-04-16,cancel,Free,Cancelled,0,0
EVT-000178,CUST-00091,2023-04-16,upgrade,Pro,Business,15,49
EVT-000223,CUST-00112,2023-04-16,upgrade,Free,Pro,0,15
EVT-000492,CUST-00248,2023-04-16,signup,,Free,0,0
EVT-000565,CUST-00289,2023-04-16,signup,,Free,0,0
EVT-000612,CUST-00313,2023-04-16,signup,,Free,0,0
EVT-000620,CUST-00317,2023-04-16,signup,,Pro,0,15
EVT-000628,CUST-00322,2023-04-16,signup,,Pro,0,15
EVT-000648,CUST-00331,2023-04-16,signup,,Pro,0,15
EVT-000026,CUST-00014,2023-04-17,upgrade,Free,Pro,0,15
EVT-000390,CUST-00195,2023-04-17,cancel,Pro,Cancelled,15,0
EVT-000465,CUST-00234,2023-04-17,upgrade,Pro,Business,15,49
EVT-000503,CUST-00254,2023-04-17,signup,,Free,0,0
EVT-000590,CUST-00301,2023-04-17,signup,,Free,0,0
EVT-000643,CUST-00329,2023-04-17,signup,,Business,0,49
EVT-000137,CUST-00073,2023-04-18,cancel,Pro,Cancelled,15,0
EVT-000490,CUST-00247,2023-04-18,signup,,Free,0,0
EVT-000569,CUST-00291,2023-04-18,signup,,Free,0,0
EVT-000607,CUST-00311,2023-04-18,signup,,Free,0,0
EVT-000670,CUST-00342,2023-04-18,signup,,Business,0,49
EVT-000131,CUST-00070,2023-04-19,cancel,Pro,Cancelled,15,0
EVT-000512,CUST-00259,2023-04-19,signup,,Pro,0,15
EVT-000518,CUST-00263,2023-04-19,signup,,Free,0,0
EVT-000623,CUST-00319,2023-04-19,signup,,Business,0,49
EVT-000658,CUST-00336,2023-04-19,signup,,Pro,0,15
EVT-000516,CUST-00261,2023-04-20,signup,,Pro,0,15
EVT-000555,CUST-00283,2023-04-20,signup,,Pro,0,15
EVT-000618,CUST-00316,2023-04-20,signup,,Free,0,0
EVT-000541,CUST-00275,2023-04-21,signup,,Enterprise,0,199
EVT-000592,CUST-00302,2023-04-21,signup,,Free,0,0
EVT-000596,CUST-00305,2023-04-22,signup,,Business,0,49
EVT-000668,CUST-00341,2023-04-22,signup,,Business,0,49
EVT-000279,CUST-00139,2023-04-23,cancel,Free,Cancelled,0,0
EVT-000352,CUST-00175,2023-04-23,cancel,Free,Cancelled,0,0
EVT-000485,CUST-00244,2023-04-23,cancel,Free,Cancelled,0,0
EVT-000494,CUST-00249,2023-04-23,signup,,Free,0,0
EVT-000498,CUST-00251,2023-04-23,signup,,Free,0,0
EVT-000520,CUST-00264,2023-04-23,signup,,Free,0,0
EVT-000535,CUST-00272,2023-04-23,signup,,Free,0,0
EVT-000557,CUST-00284,2023-04-23,signup,,Enterprise,0,199
EVT-000561,CUST-00287,2023-04-23,signup,,Free,0,0
EVT-000621,CUST-00318,2023-04-23,signup,,Pro,0,15
EVT-000678,CUST-00347,2023-04-23,signup,,Free,0,0
EVT-000149,CUST-00078,2023-04-24,upgrade,Free,Pro,0,15
EVT-000441,CUST-00221,2023-04-24,upgrade,Free,Pro,0,15
EVT-000525,CUST-00267,2023-04-24,signup,,Pro,0,15
EVT-000631,CUST-00323,2023-04-24,signup,,Free,0,0
EVT-000635,CUST-00325,2023-04-24,signup,,Pro,0,15
EVT-000677,CUST-00346,2023-04-25,signup,,Enterprise,0,199
EVT-000451,CUST-00226,2023-04-26,cancel,Pro,Cancelled,15,0
EVT-000408,CUST-00205,2023-04-27,cancel,Pro,Cancelled,15,0
EVT-000447,CUST-00224,2023-04-27,cancel,Free,Cancelled,0,0
EVT-000515,CUST-00260,2023-04-27,signup,,Enterprise,0,199
EVT-000548,CUST-00279,2023-04-27,signup,,Pro,0,15
EVT-000551,CUST-00281,2023-04-27,signup,,Free,0,0
EVT-000594,CUST-00303,2023-04-27,signup,,Business,0,49
EVT-000641,CUST-00328,2023-04-27,signup,,Free,0,0
EVT-000169,CUST-00087,2023-05-01,cancel,Pro,Cancelled,15,0
EVT-000706,CUST-00360,2023-05-01,signup,,Enterprise,0,199
EVT-000802,CUST-00411,2023-05-01,signup,,Pro,0,15
EVT-000884,CUST-00451,2023-05-01,signup,,Pro,0,15
EVT-000682,CUST-00349,2023-05-02,signup,,Pro,0,15
EVT-000722,CUST-00368,2023-05-02,signup,,Free,0,0
EVT-000836,CUST-00426,2023-05-02,signup,,Free,0,0
EVT-000876,CUST-00446,2023-05-02,signup,,Pro,0,15
EVT-000473,CUST-00238,2023-05-03,upgrade,Pro,Business,15,49
EVT-000552,CUST-00281,2023-05-03,cancel,Free,Cancelled,0,0
EVT-000851,CUST-00434,2023-05-03,signup,,Pro,0,15
EVT-000221,CUST-00111,2023-05-04,cancel,Free,Cancelled,0,0
EVT-000680,CUST-00348,2023-05-04,signup,,Free,0,0
EVT-000783,CUST-00399,2023-05-04,signup,,Pro,0,15
EVT-000832,CUST-00423,2023-05-04,signup,,Free,0,0
EVT-000838,CUST-00427,2023-05-04,signup,,Business,0,49
EVT-000058,CUST-00032,2023-05-05,downgrade,Pro,Free,15,0
EVT-000326,CUST-00163,2023-05-05,cancel,Free,Cancelled,0,0
EVT-000688,CUST-00352,2023-05-05,signup,,Free,0,0
EVT-000726,CUST-00370,2023-05-05,signup,,Pro,0,15
EVT-000767,CUST-00391,2023-05-05,signup,,Free,0,0
EVT-000846,CUST-00431,2023-05-05,signup,,Enterprise,0,199
EVT-000847,CUST-00432,2023-05-05,signup,,Pro,0,15
EVT-000923,CUST-00472,2023-05-05,signup,,Free,0,0
EVT-000043,CUST-00023,2023-05-06,cancel,Free,Cancelled,0,0
EVT-000738,CUST-00376,2023-05-06,signup,,Free,0,0
EVT-000745,CUST-00380,2023-05-06,signup,,Pro,0,15
EVT-000769,CUST-00392,2023-05-06,signup,,Pro,0,15
EVT-000791,CUST-00403,2023-05-06,signup,,Pro,0,15
EVT-000834,CUST-00425,2023-05-06,signup,,Free,0,0
EVT-000853,CUST-00435,2023-05-06,signup,,Pro,0,15
EVT-000881,CUST-00449,2023-05-06,signup,,Pro,0,15
EVT-000900,CUST-00460,2023-05-06,signup,,Business,0,49
EVT-000932,CUST-00476,2023-05-06,signup,,Pro,0,15
EVT-000691,CUST-00353,2023-05-07,signup,,Free,0,0
EVT-000822,CUST-00418,2023-05-07,signup,,Pro,0,15
EVT-000865,CUST-00441,2023-05-07,signup,,Free,0,0
EVT-000868,CUST-00442,2023-05-07,signup,,Free,0,0
EVT-000895,CUST-00457,2023-05-07,signup,,Free,0,0
EVT-000938,CUST-00479,2023-05-07,signup,,Pro,0,15
EVT-000303,CUST-00151,2023-05-08,cancel,Pro,Cancelled,15,0
EVT-000425,CUST-00214,2023-05-08,cancel,Free,Cancelled,0,0
EVT-000463,CUST-00233,2023-05-08,cancel,Free,Cancelled,0,0
EVT-000646,CUST-00330,2023-05-08,upgrade,Pro,Business,15,49
EVT-000693,CUST-00354,2023-05-08,signup,,Pro,0,15
EVT-000762,CUST-00388,2023-05-08,signup,,Pro,0,15
EVT-000856,CUST-00436,2023-05-08,signup,,Pro,0,15
EVT-000905,CUST-00463,2023-05-08,signup,,Business,0,49
EVT-000919,CUST-00470,2023-05-08,signup,,Free,0,0
EVT-000696,CUST-00355,2023-05-09,signup,,Free,0,0
EVT-000719,CUST-00367,2023-05-09,signup,,Free,0,0
EVT-000799,CUST-00409,2023-05-09,signup,,Business,0,49
EVT-000849,CUST-00433,2023-05-09,signup,,Free,0,0
EVT-000888,CUST-00453,2023-05-09,signup,,Free,0,0
EVT-000901,CUST-00461,2023-05-09,signup,,Free,0,0
EVT-000910,CUST-00466,2023-05-09,signup,,Pro,0,15
EVT-000918,CUST-00469,2023-05-09,signup,,Pro,0,15
EVT-000937,CUST-00478,2023-05-09,signup,,Business,0,49
EVT-000009,CUST-00004,2023-05-10,cancel,Free,Cancelled,0,0
EVT-000171,CUST-00088,2023-05-10,downgrade,Business,Pro,49,15
EVT-000794,CUST-00405,2023-05-10,signup,,Pro,0,15
EVT-000806,CUST-00413,2023-05-10,signup,,Free,0,0
EVT-000708,CUST-00361,2023-05-11,signup,,Pro,0,15
EVT-000716,CUST-00365,2023-05-11,signup,,Enterprise,0,199
EVT-000744,CUST-00379,2023-05-11,signup,,Pro,0,15
EVT-000751,CUST-00383,2023-05-11,signup,,Business,0,49
EVT-000797,CUST-00408,2023-05-11,signup,,Free,0,0
EVT-000808,CUST-00414,2023-05-11,signup,,Pro,0,15
EVT-000091,CUST-00049,2023-05-12,downgrade,Pro,Free,15,0
EVT-000616,CUST-00315,2023-05-12,upgrade,Free,Pro,0,15
EVT-000735,CUST-00374,2023-05-12,signup,,Free,0,0
EVT-000882,CUST-00450,2023-05-12,signup,,Free,0,0
EVT-000908,CUST-00465,2023-05-12,signup,,Pro,0,15
EVT-000925,CUST-00473,2023-05-12,signup,,Pro,0,15
EVT-000748,CUST-00381,2023-05-13,signup,,Free,0,0
EVT-000755,CUST-00385,2023-05-13,signup,,Pro,0,15
EVT-000757,CUST-00386,2023-05-13,signup,,Free,0,0
EVT-000844,CUST-00430,2023-05-13,signup,,Free,0,0
EVT-000864,CUST-00440,2023-05-13,signup,,Enterprise,0,199
EVT-000785,CUST-00400,2023-05-14,signup,,Free,0,0
EVT-000892,CUST-00455,2023-05-14,signup,,Enterprise,0,199
EVT-000133,CUST-00071,2023-05-15,cancel,Pro,Cancelled,15,0
EVT-000519,CUST-00263,2023-05-15,cancel,Free,Cancelled,0,0
EVT-000584,CUST-00298,2023-05-15,upgrade,Free,Pro,0,15
EVT-000742,CUST-00378,2023-05-15,signup,,Free,0,0
EVT-000819,CUST-00417,2023-05-15,signup,,Pro,0,15
EVT-000827,CUST-00420,2023-05-15,signup,,Pro,0,15
EVT-000858,CUST-00437,2023-05-15,signup,,Pro,0,15
EVT-000874,CUST-00445,2023-05-15,signup,,Business,0,49
EVT-000024,CUST-00013,2023-05-16,cancel,Free,Cancelled,0,0
EVT-000804,CUST-00412,2023-05-16,signup,,Free,0,0
EVT-000906,CUST-00464,2023-05-16,signup,,Free,0,0
EVT-000922,CUST-00471,2023-05-16,signup,,Business,0,49
EVT-000703,CUST-00358,2023-05-17,signup,,Pro,0,15
EVT-000800,CUST-00410,2023-05-17,signup,,Pro,0,15
EVT-000860,CUST-00438,2023-05-17,signup,,Pro,0,15
EVT-000872,CUST-00444,2023-05-17,signup,,Pro,0,15
EVT-000934,CUST-00477,2023-05-17,signup,,Pro,0,15
EVT-000288,CUST-00143,2023-05-18,cancel,Pro,Cancelled,15,0
EVT-000540,CUST-00274,2023-05-18,cancel,Free,Cancelled,0,0
EVT-000627,CUST-00321,2023-05-18,cancel,Business,Cancelled,49,0
EVT-000701,CUST-00357,2023-05-18,signup,,Business,0,49
EVT-000829,CUST-00421,2023-05-18,signup,,Pro,0,15
EVT-000842,CUST-00429,2023-05-18,signup,,Pro,0,15
EVT-000898,CUST-00459,2023-05-18,signup,,Business,0,49
EVT-000941,CUST-00481,2023-05-18,signup,,Free,0,0
EVT-000750,CUST-00382,2023-05-19,signup,,Pro,0,15
EVT-000861,CUST-00439,2023-05-19,signup,,Free,0,0
EVT-000101,CUST-00054,2023-05-20,cancel,Free,Cancelled,0,0
EVT-000753,CUST-00384,2023-05-20,signup,,Business,0,49
EVT-000790,CUST-00402,2023-05-20,signup,,Business,0,49
EVT-000793,CUST-00404,2023-05-20,signup,,Pro,0,15
EVT-000824,CUST-00419,2023-05-20,signup,,Free,0,0
EVT-000939,CUST-00480,2023-05-20,signup,,Free,0,0
EVT-000684,CUST-00350,2023-05-21,signup,,Free,0,0
EVT-000699,CUST-00356,2023-05-21,signup,,Enterprise,0,199
EVT-000737,CUST-00375,2023-05-21,signup,,Free,0,0
EVT-000774,CUST-00395,2023-05-21,signup,,Free,0,0
EVT-000812,CUST-00415,2023-05-21,signup,,Pro,0,15
EVT-000816,CUST-00416,2023-05-21,signup,,Free,0,0
EVT-000840,CUST-00428,2023-05-21,signup,,Pro,0,15
EVT-000870,CUST-00443,2023-05-21,signup,,Pro,0,15
EVT-000890,CUST-00454,2023-05-21,signup,,Pro,0,15
EVT-000915,CUST-00468,2023-05-21,signup,,Free,0,0
EVT-000705,CUST-00359,2023-05-22,signup,,Pro,0,15
EVT-000712,CUST-00363,2023-05-22,signup,,Free,0,0
EVT-000732,CUST-00372,2023-05-22,signup,,Free,0,0
EVT-000788,CUST-00401,2023-05-22,signup,,Pro,0,15
EVT-000830,CUST-00422,2023-05-22,signup,,Free,0,0
EVT-000944,CUST-00482,2023-05-22,signup,,Pro,0,15
EVT-000215,CUST-00108,2023-05-23,cancel,Pro,Cancelled,15,0
EVT-000686,CUST-00351,2023-05-23,signup,,Pro,0,15
EVT-000710,CUST-00362,2023-05-23,signup,,Pro,0,15
EVT-000724,CUST-00369,2023-05-23,signup,,Business,0,49
EVT-000765,CUST-00390,2023-05-23,signup,,Free,0,0
EVT-000771,CUST-00393,2023-05-23,signup,,Enterprise,0,199
EVT-000781,CUST-00398,2023-05-23,signup,,Pro,0,15
EVT-000913,CUST-00467,2023-05-23,signup,,Free,0,0
EVT-000320,CUST-00160,2023-05-24,cancel,Free,Cancelled,0,0
EVT-000714,CUST-00364,2023-05-24,signup,,Pro,0,15
EVT-000772,CUST-00394,2023-05-24,signup,,Free,0,0
EVT-000779,CUST-00397,2023-05-24,signup,,Pro,0,15
EVT-000796,CUST-00407,2023-05-24,signup,,Free,0,0
EVT-000729,CUST-00371,2023-05-25,signup,,Pro,0,15
EVT-000760,CUST-00387,2023-05-25,signup,,Free,0,0
EVT-000833,CUST-00424,2023-05-25,signup,,Business,0,49
EVT-000877,CUST-00447,2023-05-25,signup,,Pro,0,15
EVT-000928,CUST-00474,2023-05-25,signup,,Free,0,0
EVT-000929,CUST-00475,2023-05-25,signup,,Free,0,0
EVT-000309,CUST-00154,2023-05-26,cancel,Pro,Cancelled,15,0
EVT-000356,CUST-00177,2023-05-26,cancel,Pro,Cancelled,15,0
EVT-000717,CUST-00366,2023-05-26,signup,,Free,0,0
EVT-000764,CUST-00389,2023-05-26,signup,,Enterprise,0,199
EVT-000777,CUST-00396,2023-05-26,signup,,Free,0,0
EVT-000879,CUST-00448,2023-05-26,signup,,Free,0,0
EVT-000886,CUST-00452,2023-05-26,signup,,Pro,0,15
EVT-000734,CUST-00373,2023-05-27,signup,,Enterprise,0,199
EVT-000740,CUST-00377,2023-05-27,signup,,Free,0,0
EVT-000795,CUST-00406,2023-05-27,signup,,Pro,0,15
EVT-000893,CUST-00456,2023-05-27,signup,,Pro,0,15
EVT-000896,CUST-00458,2023-05-27,signup,,Free,0,0
EVT-000903,CUST-00462,2023-05-27,signup,,Free,0,0
EVT-000217,CUST-00109,2023-06-01,upgrade,Business,Enterprise,49,199
EVT-000649,CUST-00331,2023-06-01,cancel,Pro,Cancelled,15,0
EVT-000968,CUST-00494,2023-06-01,signup,,Free,0,0
EVT-000989,CUST-00504,2023-06-01,signup,,Free,0,0
EVT-001079,CUST-00553,2023-06-01,signup,,Pro,0,15
EVT-001114,CUST-00570,2023-06-01,signup,,Pro,0,15
EVT-001232,CUST-00633,2023-06-01,signup,,Pro,0,15
EVT-000741,CUST-00377,2023-06-02,cancel,Free,Cancelled,0,0
EVT-001016,CUST-00518,2023-06-02,signup,,Pro,0,15
EVT-001018,CUST-00519,2023-06-02,signup,,Enterprise,0,199
EVT-001046,CUST-00534,2023-06-02,signup,,Pro,0,15
EVT-001077,CUST-00552,2023-06-02,signup,,Free,0,0
EVT-001123,CUST-00574,2023-06-02,signup,,Free,0,0
EVT-001158,CUST-00593,2023-06-02,signup,,Free,0,0
EVT-001191,CUST-00612,2023-06-02,signup,,Free,0,0
EVT-001211,CUST-00622,2023-06-02,signup,,Pro,0,15
EVT-000305,CUST-00152,2023-06-03,cancel,Free,Cancelled,0,0
EVT-000324,CUST-00162,2023-06-03,cancel,Free,Cancelled,0,0
EVT-000504,CUST-00254,2023-06-03,cancel,Free,Cancelled,0,0
EVT-000559,CUST-00285,2023-06-03,cancel,Pro,Cancelled,15,0
EVT-000639,CUST-00326,2023-06-03,cancel,Free,Cancelled,0,0
EVT-000780,CUST-00397,2023-06-03,cancel,Pro,Cancelled,15,0
EVT-000966,CUST-00493,2023-06-03,signup,,Free,0,0
EVT-001041,CUST-00531,2023-06-03,signup,,Free,0,0
EVT-001157,CUST-00592,2023-06-03,signup,,Enterprise,0,199
EVT-001180,CUST-00606,2023-06-03,signup,,Pro,0,15
EVT-000386,CUST-00193,2023-06-04,cancel,Pro,Cancelled,15,0
EVT-000894,CUST-00456,2023-06-04,upgrade,Pro,Business,15,49
EVT-000907,CUST-00464,2023-06-04,cancel,Free,Cancelled,0,0
EVT-001014,CUST-00517,2023-06-04,signup,,Free,0,0
EVT-001058,CUST-00542,2023-06-04,signup,,Free,0,0
EVT-000277,CUST-00138,2023-06-05,cancel,Free,Cancelled,0,0
EVT-000593,CUST-00302,2023-06-05,cancel,Free,Cancelled,0,0
EVT-000960,CUST-00490,2023-06-05,signup,,Business,0,49
EVT-000961,CUST-00491,2023-06-05,signup,,Pro,0,15
EVT-001025,CUST-00523,2023-06-05,signup,,Pro,0,15
EVT-001090,CUST-00558,2023-06-05,signup,,Free,0,0
EVT-001092,CUST-00559,2023-06-05,signup,,Free,0,0
EVT-001109,CUST-00567,2023-06-05,signup,,Pro,0,15
EVT-001137,CUST-00581,2023-06-05,signup,,Pro,0,15
EVT-001222,CUST-00627,2023-06-05,signup,,Pro,0,15
EVT-000339,CUST-00169,2023-06-06,upgrade,Free,Pro,0,15
EVT-000974,CUST-00497,2023-06-06,signup,,Free,0,0
EVT-001034,CUST-00528,2023-06-06,signup,,Free,0,0
EVT-001067,CUST-00546,2023-06-06,signup,,Free,0,0
EVT-001146,CUST-00586,2023-06-06,signup,,Business,0,49
EVT-001160,CUST-00594,2023-06-06,signup,,Pro,0,15
EVT-001172,CUST-00601,2023-06-06,signup,,Business,0,49
EVT-001007,CUST-00513,2023-06-07,signup,,Free,0,0
EVT-001117,CUST-00571,2023-06-07,signup,,Free,0,0
EVT-001131,CUST-00578,2023-06-07,signup,,Free,0,0
EVT-001195,CUST-00614,2023-06-07,signup,,Pro,0,15
EVT-001216,CUST-00625,2023-06-07,signup,,Free,0,0
EVT-001220,CUST-00626,2023-06-07,signup,,Pro,0,15
EVT-000993,CUST-00506,2023-06-08,signup,,Pro,0,15
EVT-001075,CUST-00550,2023-06-08,signup,,Enterprise,0,199
EVT-001111,CUST-00568,2023-06-08,signup,,Free,0,0
EVT-000176,CUST-00090,2023-06-09,downgrade,Pro,Free,15,0
EVT-000285,CUST-00142,2023-06-09,upgrade,Pro,Business,15,49
EVT-000501,CUST-00252,2023-06-09,cancel,Free,Cancelled,0,0
EVT-000589,CUST-00300,2023-06-09,cancel,Pro,Cancelled,15,0
EVT-000972,CUST-00496,2023-06-09,signup,,Free,0,0
EVT-000979,CUST-00499,2023-06-09,signup,,Pro,0,15
EVT-001167,CUST-00598,2023-06-09,signup,,Enterprise,0,199
EVT-000161,CUST-00083,2023-06-10,cancel,Business,Cancelled,49,0
EVT-000317,CUST-00159,2023-06-10,upgrade,Free,Pro,0,15
EVT-001033,CUST-00527,2023-06-10,signup,,Business,0,49
EVT-001044,CUST-00533,2023-06-10,signup,,Free,0,0
EVT-001106,CUST-00566,2023-06-10,signup,,Pro,0,15
EVT-001187,CUST-00610,2023-06-10,signup,,Pro,0,15
EVT-000970,CUST-00495,2023-06-11,signup,,Free,0,0
EVT-001048,CUST-00535,2023-06-11,signup,,Pro,0,15
EVT-001095,CUST-00561,2023-06-11,signup,,Free,0,0
EVT-001101,CUST-00564,2023-06-11,signup,,Pro,0,15
EVT-001193,CUST-00613,2023-06-11,signup,,Free,0,0
EVT-000996,CUST-00508,2023-06-12,signup,,Free,0,0
EVT-001053,CUST-00540,2023-06-12,signup,,Pro,0,15
EVT-001069,CUST-00547,2023-06-12,signup,,Pro,0,15
EVT-001084,CUST-00555,2023-06-12,signup,,Pro,0,15
EVT-001086,CUST-00556,2023-06-12,signup,,Free,0,0
EVT-001103,CUST-00565,2023-06-12,signup,,Pro,0,15
EVT-001127,CUST-00576,2023-06-12,signup,,Pro,0,15
EVT-001155,CUST-00591,2023-06-12,signup,,Pro,0,15
EVT-001215,CUST-00624,2023-06-12,signup,,Enterprise,0,199
EVT-000743,CUST-00378,2023-06-13,cancel,Free,Cancelled,0,0
EVT-000994,CUST-00507,2023-06-13,signup,,Free,0,0
EVT-001027,CUST-00524,2023-06-13,signup,,Free,0,0
EVT-001055,CUST-00541,2023-06-13,signup,,Pro,0,15
EVT-001129,CUST-00577,2023-06-13,signup,,Free,0,0
EVT-000675,CUST-00344,2023-06-14,cancel,Free,Cancelled,0,0
EVT-000694,CUST-00354,2023-06-14,upgrade,Pro,Business,15,49
EVT-000952,CUST-00486,2023-06-14,signup,,Free,0,0
EVT-001000,CUST-00510,2023-06-14,signup,,Free,0,0
EVT-001003,CUST-00511,2023-06-14,signup,,Free,0,0
EVT-001207,CUST-00620,2023-06-14,signup,,Free,0,0
EVT-000081,CUST-00044,2023-06-15,upgrade,Free,Pro,0,15
EVT-000837,CUST-00426,2023-06-15,cancel,Free,Cancelled,0,0
EVT-001010,CUST-00515,2023-06-15,signup,,Pro,0,15
EVT-001050,CUST-00537,2023-06-15,signup,,Free,0,0
EVT-001205,CUST-00619,2023-06-15,signup,,Pro,0,15
EVT-001213,CUST-00623,2023-06-15,signup,,Pro,0,15
EVT-000625,CUST-00320,2023-06-16,cancel,Free,Cancelled,0,0
EVT-001005,CUST-00512,2023-06-16,signup,,Free,0,0
EVT-001011,CUST-00516,2023-06-16,signup,,Free,0,0
EVT-001023,CUST-00522,2023-06-16,signup,,Free,0,0
EVT-001051,CUST-00538,2023-06-16,signup,,Pro,0,15
EVT-001099,CUST-00563,2023-06-16,signup,,Free,0,0
EVT-001151,CUST-00589,2023-06-16,signup,,Pro,0,15
EVT-001168,CUST-00599,2023-06-16,signup,,Pro,0,15
EVT-001174,CUST-00602,2023-06-16,signup,,Pro,0,15
EVT-001176,CUST-00603,2023-06-16,signup,,Free,0,0
EVT-001184,CUST-00608,2023-06-16,signup,,Pro,0,15
EVT-001230,CUST-00632,2023-06-16,signup,,Free,0,0
EVT-000172,CUST-00088,2023-06-17,upgrade,Pro,Business,15,49
EVT-000746,CUST-00380,2023-06-17,downgrade,Pro,Free,15,0
EVT-000991,CUST-00505,2023-06-17,signup,,Pro,0,15
EVT-001049,CUST-00536,2023-06-17,signup,,Business,0,49
EVT-001064,CUST-00544,2023-06-17,signup,,Pro,0,15
EVT-001076,CUST-00551,2023-06-17,signup,,Business,0,49
EVT-001144,CUST-00585,2023-06-17,signup,,Free,0,0
EVT-001148,CUST-00587,2023-06-17,signup,,Free,0,0
EVT-001179,CUST-00605,2023-06-17,signup,,Pro,0,15
EVT-001224,CUST-00628,2023-06-17,signup,,Pro,0,15
EVT-000428,CUST-00216,2023-06-18,cancel,Free,Cancelled,0,0
EVT-001019,CUST-00520,2023-06-18,signup,,Pro,0,15
EVT-001039,CUST-00530,2023-06-18,signup,,Free,0,0
EVT-001125,CUST-00575,2023-06-18,signup,,Free,0,0
EVT-001227,CUST-00630,2023-06-18,signup,,Business,0,49
EVT-000019,CUST-00010,2023-06-19,cancel,Free,Cancelled,0,0
EVT-000336,CUST-00168,2023-06-19,downgrade,Pro,Free,15,0
EVT-000430,CUST-00217,2023-06-19,upgrade,Free,Pro,0,15
EVT-000547,CUST-00278,2023-06-19,upgrade,Free,Pro,0,15
EVT-000652,CUST-00333,2023-06-19,cancel,Free,Cancelled,0,0
EVT-001135,CUST-00580,2023-06-19,signup,,Pro,0,15
EVT-001164,CUST-00596,2023-06-19,signup,,Pro,0,15
EVT-001228,CUST-00631,2023-06-19,signup,,Pro,0,15
EVT-000059,CUST-00032,2023-06-20,cancel,Free,Cancelled,0,0
EVT-000521,CUST-00264,2023-06-20,cancel,Free,Cancelled,0,0
EVT-000946,CUST-00483,2023-06-20,signup,,Free,0,0
EVT-000958,CUST-00489,2023-06-20,signup,,Pro,0,15
EVT-001036,CUST-00529,2023-06-20,signup,,Pro,0,15
EVT-001061,CUST-00543,2023-06-20,signup,,Pro,0,15
EVT-001071,CUST-00548,2023-06-20,signup,,Free,0,0
EVT-001178,CUST-00604,2023-06-20,signup,,Enterprise,0,199
EVT-001189,CUST-00611,2023-06-20,signup,,Free,0,0
EVT-000954,CUST-00487,2023-06-21,signup,,Free,0,0
EVT-000984,CUST-00501,2023-06-21,signup,,Enterprise,0,199
EVT-000987,CUST-00503,2023-06-21,signup,,Business,0,49
EVT-001081,CUST-00554,2023-06-21,signup,,Pro,0,15
EVT-001139,CUST-00582,2023-06-21,signup,,Free,0,0
EVT-001141,CUST-00583,2023-06-21,signup,,Business,0,49
EVT-001143,CUST-00584,2023-06-21,signup,,Free,0,0
EVT-001170,CUST-00600,2023-06-21,signup,,Pro,0,15
EVT-000700,CUST-00356,2023-06-22,cancel,Enterprise,Cancelled,199,0
EVT-000782,CUST-00398,2023-06-22,cancel,Pro,Cancelled,15,0
EVT-001119,CUST-00572,2023-06-22,signup,,Free,0,0
EVT-001199,CUST-00616,2023-06-22,signup,,Free,0,0
EVT-000400,CUST-00201,2023-06-23,cancel,Free,Cancelled,0,0
EVT-000528,CUST-00268,2023-06-23,upgrade,Free,Pro,0,15
EVT-000981,CUST-00500,2023-06-23,signup,,Pro,0,15
EVT-001165,CUST-00597,2023-06-23,signup,,Pro,0,15
EVT-001186,CUST-00609,2023-06-23,signup,,Free,0,0
EVT-001197,CUST-00615,2023-06-23,signup,,Business,0,49
EVT-000033,CUST-00018,2023-06-24,cancel,Business,Cancelled,49,0
EVT-000466,CUST-00234,2023-06-24,cancel,Business,Cancelled,49,0
EVT-000725,CUST-00369,2023-06-24,cancel,Business,Cancelled,49,0
EVT-000948,CUST-00484,2023-06-24,signup,,Free,0,0
EVT-001043,CUST-00532,2023-06-24,signup,,Pro,0,15
EVT-001066,CUST-00545,2023-06-24,signup,,Pro,0,15
EVT-001073,CUST-00549,2023-06-24,signup,,Free,0,0
EVT-001113,CUST-00569,2023-06-24,signup,,Pro,0,15
EVT-001133,CUST-00579,2023-06-24,signup,,Free,0,0
EVT-001182,CUST-00607,2023-06-24,signup,,Free,0,0
EVT-000629,CUST-00322,2023-06-25,downgrade,Pro,Free,15,0
EVT-000809,CUST-00414,2023-06-25,downgrade,Pro,Free,15,0
EVT-000817,CUST-00416,2023-06-25,upgrade,Free,Pro,0,15
EVT-000950,CUST-00485,2023-06-25,signup,,Pro,0,15
EVT-000998,CUST-00509,2023-06-25,signup,,Pro,0,15
EVT-001021,CUST-00521,2023-06-25,signup,,Free,0,0
EVT-001029,CUST-00525,2023-06-25,signup,,Pro,0,15
EVT-001052,CUST-00539,2023-06-25,signup,,Business,0,49
EVT-001094,CUST-00560,2023-06-25,signup,,Pro,0,15
EVT-001150,CUST-00588,2023-06-25,signup,,Pro,0,15
EVT-001162,CUST-00595,2023-06-25,signup,,Pro,0,15
EVT-001203,CUST-00618,2023-06-25,signup,,Free,0,0
EVT-001226,CUST-00629,2023-06-25,signup,,Business,0,49
EVT-000598,CUST-00306,2023-06-26,upgrade,Free,Pro,0,15
EVT-000663,CUST-00338,2023-06-26,cancel,Pro,Cancelled,15,0
EVT-000711,CUST-00362,2023-06-26,upgrade,Pro,Business,15,49
EVT-000713,CUST-00363,2023-06-26,cancel,Free,Cancelled,0,0
EVT-000803,CUST-00411,2023-06-26,upgrade,Pro,Business,15,49
EVT-000956,CUST-00488,2023-06-26,signup,,Free,0,0
EVT-000963,CUST-00492,2023-06-26,signup,,Pro,0,15
EVT-000977,CUST-00498,2023-06-26,signup,,Enterprise,0,199
EVT-000985,CUST-00502,2023-06-26,signup,,Pro,0,15
EVT-001031,CUST-00526,2023-06-26,signup,,Free,0,0
EVT-001153,CUST-00590,2023-06-26,signup,,Free,0,0
EVT-001201,CUST-00617,2023-06-26,signup,,Free,0,0
EVT-001209,CUST-00621,2023-06-26,signup,,Free,0,0
EVT-000798,CUST-00408,2023-06-27,cancel,Free,Cancelled,0,0
EVT-000841,CUST-00428,2023-06-27,cancel,Pro,Cancelled,15,0
EVT-001008,CUST-00514,2023-06-27,signup,,Business,0,49
EVT-001088,CUST-00557,2023-06-27,signup,,Pro,0,15
EVT-001097,CUST-00562,2023-06-27,signup,,Free,0,0
EVT-001121,CUST-00573,2023-06-27,signup,,Free,0,0
EVT-000240,CUST-00120,2023-07-01,cancel,Pro,Cancelled,15,0
EVT-000431,CUST-00217,2023-07-01,downgrade,Pro,Free,15,0
EVT-000949,CUST-00484,2023-07-01,cancel,Free,Cancelled,0,0
EVT-001367,CUST-00702,2023-07-01,signup,,Pro,0,15
EVT-001392,CUST-00715,2023-07-01,signup,,Enterprise,0,199
EVT-001393,CUST-00716,2023-07-01,signup,,Pro,0,15
EVT-001405,CUST-00722,2023-07-01,signup,,Free,0,0
EVT-001416,CUST-00728,2023-07-01,signup,,Free,0,0
EVT-000962,CUST-00491,2023-07-02,cancel,Pro,Cancelled,15,0
EVT-000973,CUST-00496,2023-07-02,cancel,Free,Cancelled,0,0
EVT-001320,CUST-00679,2023-07-02,signup,,Free,0,0
EVT-001323,CUST-00680,2023-07-02,signup,,Pro,0,15
EVT-001329,CUST-00683,2023-07-02,signup,,Free,0,0
EVT-001394,CUST-00717,2023-07-02,signup,,Free,0,0
EVT-001437,CUST-00737,2023-07-02,signup,,Free,0,0
EVT-000789,CUST-00401,2023-07-03,cancel,Pro,Cancelled,15,0
EVT-001285,CUST-00660,2023-07-03,signup,,Pro,0,15
EVT-001289,CUST-00663,2023-07-03,signup,,Enterprise,0,199
EVT-001374,CUST-00705,2023-07-03,signup,,Free,0,0
EVT-001447,CUST-00742,2023-07-03,signup,,Free,0,0
EVT-001452,CUST-00745,2023-07-03,signup,,Pro,0,15
EVT-001457,CUST-00748,2023-07-03,signup,,Pro,0,15
EVT-000252,CUST-00126,2023-07-04,downgrade,Pro,Free,15,0
EVT-000857,CUST-00436,2023-07-04,cancel,Pro,Cancelled,15,0
EVT-001074,CUST-00549,2023-07-04,cancel,Free,Cancelled,0,0
EVT-001299,CUST-00669,2023-07-04,signup,,Free,0,0
EVT-001316,CUST-00677,2023-07-04,signup,,Free,0,0
EVT-001429,CUST-00733,2023-07-04,signup,,Pro,0,15
EVT-000566,CUST-00289,2023-07-05,cancel,Free,Cancelled,0,0
EVT-000689,CUST-00352,2023-07-05,upgrade,Free,Pro,0,15
EVT-001256,CUST-00645,2023-07-05,signup,,Pro,0,15
EVT-001390,CUST-00714,2023-07-05,signup,,Pro,0,15
EVT-001427,CUST-00732,2023-07-05,signup,,Free,0,0
EVT-001470,CUST-00755,2023-07-05,signup,,Pro,0,15
EVT-000065,CUST-00035,2023-07-06,cancel,Pro,Cancelled,15,0
EVT-000727,CUST-00370,2023-07-06,upgrade,Pro,Business,15,49
EVT-001281,CUST-00658,2023-07-06,signup,,Pro,0,15
EVT-001371,CUST-00704,2023-07-06,signup,,Free,0,0
EVT-001379,CUST-00708,2023-07-06,signup,,Free,0,0
EVT-001130,CUST-00577,2023-07-07,cancel,Free,Cancelled,0,0
EVT-001134,CUST-00579,2023-07-07,upgrade,Free,Pro,0,15
EVT-001194,CUST-00613,2023-07-07,cancel,Free,Cancelled,0,0
EVT-001258,CUST-00646,2023-07-07,signup,,Pro,0,15
EVT-001283,CUST-00659,2023-07-07,signup,,Free,0,0
EVT-001344,CUST-00690,2023-07-07,signup,,Free,0,0
EVT-001346,CUST-00691,2023-07-07,signup,,Free,0,0
EVT-001364,CUST-00700,2023-07-07,signup,,Free,0,0
EVT-001449,CUST-00743,2023-07-07,signup,,Pro,0,15
EVT-001466,CUST-00753,2023-07-07,signup,,Pro,0,15
EVT-001483,CUST-00763,2023-07-07,signup,,Pro,0,15
EVT-000581,CUST-00296,2023-07-08,cancel,Free,Cancelled,0,0
EVT-000862,CUST-00439,2023-07-08,upgrade,Free,Pro,0,15
EVT-000871,CUST-00443,2023-07-08,cancel,Pro,Cancelled,15,0
EVT-000916,CUST-00468,2023-07-08,upgrade,Free,Pro,0,15
EVT-001240,CUST-00637,2023-07-08,signup,,Free,0,0
EVT-001325,CUST-00681,2023-07-08,signup,,Free,0,0
EVT-001339,CUST-00688,2023-07-08,signup,,Pro,0,15
EVT-001366,CUST-00701,2023-07-08,signup,,Free,0,0
EVT-001435,CUST-00736,2023-07-08,signup,,Pro,0,15
EVT-001456,CUST-00747,2023-07-08,signup,,Pro,0,15
EVT-001463,CUST-00751,2023-07-08,signup,,Free,0,0
EVT-001481,CUST-00762,2023-07-08,signup,,Free,0,0
EVT-000372,CUST-00185,2023-07-09,cancel,Pro,Cancelled,15,0
EVT-000395,CUST-00198,2023-07-09,cancel,Free,Cancelled,0,0
EVT-000709,CUST-00361,2023-07-09,upgrade,Pro,Business,15,49
EVT-000763,CUST-00388,2023-07-09,cancel,Pro,Cancelled,15,0
EVT-000828,CUST-00420,2023-07-09,cancel,Pro,Cancelled,15,0
EVT-001068,CUST-00546,2023-07-09,cancel,Free,Cancelled,0,0
EVT-001175,CUST-00602,2023-07-09,cancel,Pro,Cancelled,15,0
EVT-001403,CUST-00721,2023-07-09,signup,,Pro,0,15
EVT-001425,CUST-00731,2023-07-09,signup,,Free,0,0
EVT-000495,CUST-00249,2023-07-10,upgrade,Free,Pro,0,15
EVT-001001,CUST-00510,2023-07-10,upgrade,Free,Pro,0,15
EVT-001147,CUST-00586,2023-07-10,cancel,Business,Cancelled,49,0
EVT-001279,CUST-00657,2023-07-10,signup,,Free,0,0
EVT-001300,CUST-00670,2023-07-10,signup,,Free,0,0
EVT-000930,CUST-00475,2023-07-11,upgrade,Free,Pro,0,15
EVT-001082,CUST-00554,2023-07-11,upgrade,Pro,Business,15,49
EVT-001198,CUST-00615,2023-07-11,cancel,Business,Cancelled,49,0
EVT-001252,CUST-00643,2023-07-11,signup,,Pro,0,15
EVT-001306,CUST-00672,2023-07-11,signup,,Pro,0,15
EVT-001348,CUST-00692,2023-07-11,signup,,Free,0,0
EVT-001381,CUST-00709,2023-07-11,signup,,Pro,0,15
EVT-001459,CUST-00749,2023-07-11,signup,,Free,0,0
EVT-001465,CUST-00752,2023-07-11,signup,,Pro,0,15
EVT-000491,CUST-00247,2023-07-12,cancel,Free,Cancelled,0,0
EVT-001054,CUST-00540,2023-07-12,cancel,Pro,Cancelled,15,0
EVT-001264,CUST-00650,2023-07-12,signup,,Pro,0,15
EVT-001358,CUST-00697,2023-07-12,signup,,Pro,0,15
EVT-001408,CUST-00724,2023-07-12,signup,,Free,0,0
EVT-000105,CUST-00056,2023-07-13,cancel,Business,Cancelled,49,0
EVT-000379,CUST-00190,2023-07-13,upgrade,Business,Enterprise,49,199
EVT-001254,CUST-00644,2023-07-13,signup,,Pro,0,15
EVT-001273,CUST-00654,2023-07-13,signup,,Free,0,0
EVT-001335,CUST-00686,2023-07-13,signup,,Pro,0,15
EVT-001485,CUST-00764,2023-07-13,signup,,Pro,0,15
EVT-000825,CUST-00419,2023-07-14,upgrade,Free,Pro,0,15
EVT-001022,CUST-00521,2023-07-14,cancel,Free,Cancelled,0,0
EVT-001234,CUST-00634,2023-07-14,signup,,Free,0,0
EVT-001262,CUST-00649,2023-07-14,signup,,Free,0,0
EVT-001297,CUST-00668,2023-07-14,signup,,Free,0,0
EVT-001314,CUST-00676,2023-07-14,signup,,Pro,0,15
EVT-001413,CUST-00727,2023-07-14,signup,,Free,0,0
EVT-000715,CUST-00364,2023-07-15,cancel,Pro,Cancelled,15,0
EVT-001015,CUST-00517,2023-07-15,cancel,Free,Cancelled,0,0
EVT-001212,CUST-00622,2023-07-15,cancel,Pro,Cancelled,15,0
EVT-001271,CUST-00653,2023-07-15,signup,,Free,0,0
EVT-001288,CUST-00662,2023-07-15,signup,,Pro,0,15
EVT-001356,CUST-00696,2023-07-15,signup,,Free,0,0
EVT-001369,CUST-00703,2023-07-15,signup,,Free,0,0
EVT-001388,CUST-00713,2023-07-15,signup,,Pro,0,15
EVT-001439,CUST-00738,2023-07-15,signup,,Free,0,0
EVT-001443,CUST-00740,2023-07-15,signup,,Business,0,49
EVT-000471,CUST-00237,2023-07-16,cancel,Pro,Cancelled,15,0
EVT-000891,CUST-00454,2023-07-16,cancel,Pro,Cancelled,15,0
EVT-000959,CUST-00489,2023-07-16,cancel,Pro,Cancelled,15,0
EVT-001310,CUST-00674,2023-07-16,signup,,Business,0,49
EVT-001360,CUST-00698,2023-07-16,signup,,Free,0,0
EVT-001386,CUST-00712,2023-07-16,signup,,Free,0,0
EVT-001397,CUST-00718,2023-07-16,signup,,Pro,0,15
EVT-001422,CUST-00730,2023-07-16,signup,,Business,0,49
EVT-001461,CUST-00750,2023-07-16,signup,,Pro,0,15
EVT-000003,CUST-00001,2023-07-17,cancel,Pro,Cancelled,15,0
EVT-000636,CUST-00325,2023-07-17,upgrade,Pro,Business,15,49
EVT-001233,CUST-00633,2023-07-17,cancel,Pro,Cancelled,15,0
EVT-001362,CUST-00699,2023-07-17,signup,,Business,0,49
EVT-001399,CUST-00719,2023-07-17,signup,,Free,0,0
EVT-001480,CUST-00761,2023-07-17,signup,,Pro,0,15
EVT-000510,CUST-00257,2023-07-18,cancel,Pro,Cancelled,15,0
EVT-001445,CUST-00741,2023-07-18,signup,,Pro,0,15
EVT-001476,CUST-00758,2023-07-18,signup,,Business,0,49
EVT-000255,CUST-00127,2023-07-19,cancel,Pro,Cancelled,15,0
EVT-000599,CUST-00306,2023-07-19,upgrade,Pro,Business,15,49
EVT-000768,CUST-00391,2023-07-19,upgrade,Free,Pro,0,15
EVT-000859,CUST-00437,2023-07-19,cancel,Pro,Cancelled,15,0
EVT-001243,CUST-00638,2023-07-19,signup,,Pro,0,15
EVT-001303,CUST-00671,2023-07-19,signup,,Free,0,0
EVT-001312,CUST-00675,2023-07-19,signup,,Pro,0,15
EVT-001337,CUST-00687,2023-07-19,signup,,Pro,0,15
EVT-000384,CUST-00192,2023-07-20,cancel,Pro,Cancelled,15,0
EVT-000685,CUST-00350,2023-07-20,cancel,Free,Cancelled,0,0
EVT-001275,CUST-00655,2023-07-20,signup,,Free,0,0
EVT-001308,CUST-00673,2023-07-20,signup,,Pro,0,15
EVT-001319,CUST-00678,2023-07-20,signup,,Free,0,0
EVT-001332,CUST-00684,2023-07-20,signup,,Business,0,49
EVT-001433,CUST-00735,2023-07-20,signup,,Pro,0,15
EVT-001468,CUST-00754,2023-07-20,signup,,Free,0,0
EVT-001487,CUST-00765,2023-07-20,signup,,Free,0,0
EVT-000869,CUST-00442,2023-07-21,cancel,Free,Cancelled,0,0
EVT-001065,CUST-00544,2023-07-21,cancel,Pro,Cancelled,15,0
EVT-001200,CUST-00616,2023-07-21,cancel,Free,Cancelled,0,0
EVT-001236,CUST-00635,2023-07-21,signup,,Free,0,0
EVT-001296,CUST-00667,2023-07-21,signup,,Pro,0,15
EVT-001354,CUST-00695,2023-07-21,signup,,Pro,0,15
EVT-001411,CUST-00726,2023-07-21,signup,,Pro,0,15
EVT-001451,CUST-00744,2023-07-21,signup,,Enterprise,0,199
EVT-001475,CUST-00757,2023-07-21,signup,,Pro,0,15
EVT-000365,CUST-00182,2023-07-22,cancel,Free,Cancelled,0,0
EVT-000718,CUST-00366,2023-07-22,cancel,Free,Cancelled,0,0
EVT-000885,CUST-00451,2023-07-22,cancel,Pro,Cancelled,15,0
EVT-001096,CUST-00561,2023-07-22,cancel,Free,Cancelled,0,0
EVT-001190,CUST-00611,2023-07-22,cancel,Free,Cancelled,0,0
EVT-001267,CUST-00651,2023-07-22,signup,,Free,0,0
EVT-001295,CUST-00666,2023-07-22,signup,,Business,0,49
EVT-001333,CUST-00685,2023-07-22,signup,,Free,0,0
EVT-001342,CUST-00689,2023-07-22,signup,,Free,0,0
EVT-001420,CUST-00729,2023-07-22,signup,,Free,0,0
EVT-001441,CUST-00739,2023-07-22,signup,,Free,0,0
EVT-001478,CUST-00760,2023-07-22,signup,,Free,0,0
EVT-000647,CUST-00330,2023-07-23,cancel,Business,Cancelled,49,0
EVT-001248,CUST-00641,2023-07-23,signup,,Pro,0,15
EVT-001278,CUST-00656,2023-07-23,signup,,Pro,0,15
EVT-001293,CUST-00665,2023-07-23,signup,,Free,0,0
EVT-001351,CUST-00693,2023-07-23,signup,,Enterprise,0,199
EVT-001406,CUST-00723,2023-07-23,signup,,Business,0,49
EVT-001431,CUST-00734,2023-07-23,signup,,Business,0,49
EVT-000904,CUST-00462,2023-07-24,cancel,Free,Cancelled,0,0
EVT-001112,CUST-00568,2023-07-24,upgrade,Free,Pro,0,15
EVT-001238,CUST-00636,2023-07-24,signup,,Free,0,0
EVT-001250,CUST-00642,2023-07-24,signup,,Free,0,0
EVT-001259,CUST-00647,2023-07-24,signup,,Enterprise,0,199
EVT-001286,CUST-00661,2023-07-24,signup,,Pro,0,15
EVT-001401,CUST-00720,2023-07-24,signup,,Free,0,0
EVT-001477,CUST-00759,2023-07-24,signup,,Business,0,49
EVT-000554,CUST-00282,2023-07-25,cancel,Pro,Cancelled,15,0
EVT-000665,CUST-00339,2023-07-25,cancel,Free,Cancelled,0,0
EVT-001269,CUST-00652,2023-07-25,signup,,Free,0,0
EVT-001327,CUST-00682,2023-07-25,signup,,Pro,0,15
EVT-001454,CUST-00746,2023-07-25,signup,,Pro,0,15
EVT-001472,CUST-00756,2023-07-25,signup,,Pro,0,15
EVT-000035,CUST-00019,2023-07-26,upgrade,Pro,Business,15,49
EVT-000197,CUST-00099,2023-07-26,cancel,Business,Cancelled,49,0
EVT-000924,CUST-00472,2023-07-26,cancel,Free,Cancelled,0,0
EVT-001128,CUST-00576,2023-07-26,cancel,Pro,Cancelled,15,0
EVT-001225,CUST-00628,2023-07-26,cancel,Pro,Cancelled,15,0
EVT-001245,CUST-00639,2023-07-26,signup,,Free,0,0
EVT-001290,CUST-00664,2023-07-26,signup,,Free,0,0
EVT-001352,CUST-00694,2023-07-26,signup,,Free,0,0
EVT-001410,CUST-00725,2023-07-26,signup,,Free,0,0
EVT-000702,CUST-00357,2023-07-27,cancel,Business,Cancelled,49,0
EVT-001093,CUST-00559,2023-07-27,cancel,Free,Cancelled,0,0
EVT-001118,CUST-00571,2023-07-27,cancel,Free,Cancelled,0,0
EVT-001163,CUST-00595,2023-07-27,cancel,Pro,Cancelled,15,0
EVT-001202,CUST-00617,2023-07-27,cancel,Free,Cancelled,0,0
EVT-001247,CUST-00640,2023-07-27,signup,,Enterprise,0,199
EVT-001260,CUST-00648,2023-07-27,signup,,Free,0,0
EVT-001376,CUST-00706,2023-07-27,signup,,Free,0,0
EVT-001378,CUST-00707,2023-07-27,signup,,Pro,0,15
EVT-001383,CUST-00710,2023-07-27,signup,,Business,0,49
EVT-001384,CUST-00711,2023-07-27,signup,,Free,0,0
EVT-001489,CUST-00766,2023-07-27,signup,,Free,0,0
EVT-000219,CUST-00110,2023-08-01,cancel,Free,Cancelled,0,0
EVT-000340,CUST-00169,2023-08-01,cancel,Pro,Cancelled,15,0
EVT-001421,CUST-00729,2023-08-01,cancel,Free,Cancelled,0,0
EVT-001597,CUST-00822,2023-08-01,signup,,Pro,0,15
EVT-001625,CUST-00837,2023-08-01,signup,,Free,0,0
EVT-001635,CUST-00842,2023-08-01,signup,,Pro,0,15
EVT-001639,CUST-00845,2023-08-01,signup,,Free,0,0
EVT-001680,CUST-00868,2023-08-01,signup,,Pro,0,15
EVT-000692,CUST-00353,2023-08-02,cancel,Free,Cancelled,0,0
EVT-000805,CUST-00412,2023-08-02,cancel,Free,Cancelled,0,0
EVT-000986,CUST-00502,2023-08-02,cancel,Pro,Cancelled,15,0
EVT-001028,CUST-00524,2023-08-02,cancel,Free,Cancelled,0,0
EVT-001087,CUST-00556,2023-08-02,cancel,Free,Cancelled,0,0
EVT-001542,CUST-00793,2023-08-02,signup,,Pro,0,15
EVT-001544,CUST-00794,2023-08-02,signup,,Pro,0,15
EVT-001548,CUST-00796,2023-08-02,signup,,Enterprise,0,199
EVT-001712,CUST-00884,2023-08-02,signup,,Free,0,0
EVT-001722,CUST-00889,2023-08-02,signup,,Pro,0,15
EVT-001042,CUST-00531,2023-08-03,cancel,Free,Cancelled,0,0
EVT-001047,CUST-00534,2023-08-03,cancel,Pro,Cancelled,15,0
EVT-001524,CUST-00784,2023-08-03,signup,,Pro,0,15
EVT-001530,CUST-00787,2023-08-03,signup,,Enterprise,0,199
EVT-001549,CUST-00797,2023-08-03,signup,,Pro,0,15
EVT-001599,CUST-00823,2023-08-03,signup,,Pro,0,15
EVT-001617,CUST-00833,2023-08-03,signup,,Free,0,0
EVT-001676,CUST-00865,2023-08-03,signup,,Pro,0,15
EVT-001744,CUST-00901,2023-08-03,signup,,Pro,0,15
EVT-000632,CUST-00323,2023-08-04,cancel,Free,Cancelled,0,0
EVT-001321,CUST-00679,2023-08-04,upgrade,Free,Pro,0,15
EVT-001493,CUST-00768,2023-08-04,signup,,Free,0,0
EVT-001572,CUST-00808,2023-08-04,signup,,Free,0,0
EVT-001595,CUST-00821,2023-08-04,signup,,Free,0,0
EVT-001608,CUST-00828,2023-08-04,signup,,Free,0,0
EVT-001729,CUST-00893,2023-08-04,signup,,Business,0,49
EVT-000085,CUST-00046,2023-08-05,cancel,Pro,Cancelled,15,0
EVT-000194,CUST-00098,2023-08-05,cancel,Free,Cancelled,0,0
EVT-000786,CUST-00400,2023-08-05,upgrade,Free,Pro,0,15
EVT-001495,CUST-00769,2023-08-05,signup,,Pro,0,15
EVT-001566,CUST-00805,2023-08-05,signup,,Free,0,0
EVT-001775,CUST-00918,2023-08-05,signup,,Free,0,0
EVT-001777,CUST-00919,2023-08-05,signup,,Free,0,0
EVT-001591,CUST-00819,2023-08-06,signup,,Business,0,49
EVT-001627,CUST-00838,2023-08-06,signup,,Pro,0,15
EVT-001727,CUST-00892,2023-08-06,signup,,Free,0,0
EVT-001756,CUST-00908,2023-08-06,signup,,Pro,0,15
EVT-001762,CUST-00911,2023-08-06,signup,,Pro,0,15
EVT-001765,CUST-00913,2023-08-06,signup,,Free,0,0
EVT-001559,CUST-00802,2023-08-07,signup,,Free,0,0
EVT-001688,CUST-00872,2023-08-07,signup,,Pro,0,15
EVT-001730,CUST-00894,2023-08-07,signup,,Free,0,0
EVT-001754,CUST-00907,2023-08-07,signup,,Free,0,0
EVT-001497,CUST-00770,2023-08-08,signup,,Free,0,0
EVT-001509,CUST-00775,2023-08-08,signup,,Business,0,49
EVT-001526,CUST-00785,2023-08-08,signup,,Pro,0,15
EVT-001725,CUST-00891,2023-08-08,signup,,Business,0,49
EVT-001738,CUST-00898,2023-08-08,signup,,Business,0,49
EVT-001769,CUST-00915,2023-08-08,signup,,Free,0,0
EVT-001773,CUST-00917,2023-08-08,signup,,Pro,0,15
EVT-001009,CUST-00514,2023-08-09,cancel,Business,Cancelled,49,0
EVT-001357,CUST-00696,2023-08-09,cancel,Free,Cancelled,0,0
EVT-001503,CUST-00772,2023-08-09,signup,,Pro,0,15
EVT-001579,CUST-00811,2023-08-09,signup,,Pro,0,15
EVT-001610,CUST-00829,2023-08-09,signup,,Pro,0,15
EVT-001644,CUST-00847,2023-08-09,signup,,Pro,0,15
EVT-001720,CUST-00888,2023-08-09,signup,,Free,0,0
EVT-001736,CUST-00897,2023-08-09,signup,,Pro,0,15
EVT-001758,CUST-00909,2023-08-09,signup,,Pro,0,15
EVT-000453,CUST-00227,2023-08-10,cancel,Free,Cancelled,0,0
EVT-001505,CUST-00773,2023-08-10,signup,,Free,0,0
EVT-001516,CUST-00779,2023-08-10,signup,,Free,0,0
EVT-001694,CUST-00875,2023-08-10,signup,,Pro,0,15
EVT-001615,CUST-00832,2023-08-11,signup,,Free,0,0
EVT-001661,CUST-00857,2023-08-11,signup,,Pro,0,15
EVT-001714,CUST-00885,2023-08-11,signup,,Pro,0,15
EVT-001551,CUST-00798,2023-08-12,signup,,Pro,0,15
EVT-001584,CUST-00814,2023-08-12,signup,,Pro,0,15
EVT-001586,CUST-00816,2023-08-12,signup,,Free,0,0
EVT-001653,CUST-00851,2023-08-12,signup,,Business,0,49
EVT-001678,CUST-00866,2023-08-12,signup,,Pro,0,15
EVT-001745,CUST-00902,2023-08-12,signup,,Business,0,49
EVT-001760,CUST-00910,2023-08-12,signup,,Free,0,0
EVT-001059,CUST-00542,2023-08-13,upgrade,Free,Pro,0,15
EVT-001436,CUST-00736,2023-08-13,cancel,Pro,Cancelled,15,0
EVT-001506,CUST-00774,2023-08-13,signup,,Pro,0,15
EVT-001577,CUST-00810,2023-08-13,signup,,Free,0,0
EVT-001588,CUST-00817,2023-08-13,signup,,Free,0,0
EVT-001646,CUST-00848,2023-08-13,signup,,Business,0,49
EVT-001690,CUST-00873,2023-08-13,signup,,Free,0,0
EVT-001708,CUST-00882,2023-08-13,signup,,Free,0,0
EVT-000231,CUST-00116,2023-08-14,cancel,Pro,Cancelled,15,0
EVT-000602,CUST-00308,2023-08-14,cancel,Free,Cancelled,0,0
EVT-001268,CUST-00651,2023-08-14,cancel,Free,Cancelled,0,0
EVT-001417,CUST-00728,2023-08-14,upgrade,Free,Pro,0,15
EVT-001522,CUST-00783,2023-08-14,signup,,Pro,0,15
EVT-001533,CUST-00789,2023-08-14,signup,,Pro,0,15
EVT-001537,CUST-00790,2023-08-14,signup,,Business,0,49
EVT-001575,CUST-00809,2023-08-14,signup,,Free,0,0
EVT-001607,CUST-00827,2023-08-14,signup,,Pro,0,15
EVT-001658,CUST-00854,2023-08-14,signup,,Enterprise,0,199
EVT-001701,CUST-00878,2023-08-14,signup,,Pro,0,15
EVT-001704,CUST-00880,2023-08-14,signup,,Business,0,49
EVT-000045,CUST-00024,2023-08-15,cancel,Free,Cancelled,0,0
EVT-000253,CUST-00126,2023-08-15,upgrade,Free,Pro,0,15
EVT-000497,CUST-00250,2023-08-15,cancel,Pro,Cancelled,15,0
EVT-001546,CUST-00795,2023-08-15,signup,,Business,0,49
EVT-001561,CUST-00803,2023-08-15,signup,,Free,0,0
EVT-001564,CUST-00804,2023-08-15,signup,,Pro,0,15
EVT-001603,CUST-00825,2023-08-15,signup,,Free,0,0
EVT-001647,CUST-00849,2023-08-15,signup,,Pro,0,15
EVT-001748,CUST-00904,2023-08-15,signup,,Free,0,0
EVT-000758,CUST-00386,2023-08-16,upgrade,Free,Pro,0,15
EVT-000863,CUST-00439,2023-08-16,cancel,Pro,Cancelled,15,0
EVT-000933,CUST-00476,2023-08-16,cancel,Pro,Cancelled,15,0
EVT-001126,CUST-00575,2023-08-16,cancel,Free,Cancelled,0,0
EVT-001387,CUST-00712,2023-08-16,cancel,Free,Cancelled,0,0
EVT-001512,CUST-00777,2023-08-16,signup,,Free,0,0
EVT-001624,CUST-00836,2023-08-16,signup,,Enterprise,0,199
EVT-001654,CUST-00852,2023-08-16,signup,,Pro,0,15
EVT-001664,CUST-00858,2023-08-16,signup,,Pro,0,15
EVT-001684,CUST-00870,2023-08-16,signup,,Pro,0,15
EVT-001767,CUST-00914,2023-08-16,signup,,Free,0,0
EVT-001553,CUST-00799,2023-08-17,signup,,Pro,0,15
EVT-001581,CUST-00812,2023-08-17,signup,,Free,0,0
EVT-001671,CUST-00863,2023-08-17,signup,,Pro,0,15
EVT-001699,CUST-00877,2023-08-17,signup,,Pro,0,15
EVT-001732,CUST-00895,2023-08-17,signup,,Pro,0,15
EVT-000275,CUST-00137,2023-08-18,cancel,Free,Cancelled,0,0
EVT-000642,CUST-00328,2023-08-18,cancel,Free,Cancelled,0,0
EVT-001070,CUST-00547,2023-08-18,cancel,Pro,Cancelled,15,0
EVT-001206,CUST-00619,2023-08-18,cancel,Pro,Cancelled,15,0
EVT-001491,CUST-00767,2023-08-18,signup,,Pro,0,15
EVT-001528,CUST-00786,2023-08-18,signup,,Free,0,0
EVT-001601,CUST-00824,2023-08-18,signup,,Free,0,0
EVT-000005,CUST-00002,2023-08-19,cancel,Free,Cancelled,0,0
EVT-000262,CUST-00131,2023-08-19,cancel,Pro,Cancelled,15,0
EVT-001056,CUST-00541,2023-08-19,downgrade,Pro,Free,15,0
EVT-001171,CUST-00600,2023-08-19,cancel,Pro,Cancelled,15,0
EVT-001353,CUST-00694,2023-08-19,cancel,Free,Cancelled,0,0
EVT-001514,CUST-00778,2023-08-19,signup,,Free,0,0
EVT-001568,CUST-00806,2023-08-19,signup,,Free,0,0
EVT-001583,CUST-00813,2023-08-19,signup,,Free,0,0
EVT-001633,CUST-00841,2023-08-19,signup,,Pro,0,15
EVT-001656,CUST-00853,2023-08-19,signup,,Pro,0,15
EVT-001734,CUST-00896,2023-08-19,signup,,Pro,0,15
EVT-001740,CUST-00899,2023-08-19,signup,,Free,0,0
EVT-001742,CUST-00900,2023-08-19,signup,,Pro,0,15
EVT-001763,CUST-00912,2023-08-19,signup,,Business,0,49
EVT-000286,CUST-00142,2023-08-20,cancel,Business,Cancelled,49,0
EVT-001464,CUST-00751,2023-08-20,cancel,Free,Cancelled,0,0
EVT-001520,CUST-00782,2023-08-20,signup,,Pro,0,15
EVT-001531,CUST-00788,2023-08-20,signup,,Free,0,0
EVT-001665,CUST-00859,2023-08-20,signup,,Free,0,0
EVT-001682,CUST-00869,2023-08-20,signup,,Pro,0,15
EVT-000224,CUST-00112,2023-08-21,cancel,Pro,Cancelled,15,0
EVT-000332,CUST-00166,2023-08-21,cancel,Free,Cancelled,0,0
EVT-000839,CUST-00427,2023-08-21,cancel,Business,Cancelled,49,0
EVT-001089,CUST-00557,2023-08-21,cancel,Pro,Cancelled,15,0
EVT-001517,CUST-00780,2023-08-21,signup,,Free,0,0
EVT-001570,CUST-00807,2023-08-21,signup,,Pro,0,15
EVT-001631,CUST-00840,2023-08-21,signup,,Pro,0,15
EVT-001674,CUST-00864,2023-08-21,signup,,Business,0,49
EVT-001706,CUST-00881,2023-08-21,signup,,Pro,0,15
EVT-001752,CUST-00906,2023-08-21,signup,,Free,0,0
EVT-001261,CUST-00648,2023-08-22,cancel,Free,Cancelled,0,0
EVT-001440,CUST-00738,2023-08-22,cancel,Free,Cancelled,0,0
EVT-001511,CUST-00776,2023-08-22,signup,,Pro,0,15
EVT-001606,CUST-00826,2023-08-22,signup,,Business,0,49
EVT-001611,CUST-00830,2023-08-22,signup,,Free,0,0
EVT-001637,CUST-00844,2023-08-22,signup,,Business,0,49
EVT-001641,CUST-00846,2023-08-22,signup,,Free,0,0
EVT-001666,CUST-00860,2023-08-22,signup,,Pro,0,15
EVT-001696,CUST-00876,2023-08-22,signup,,Free,0,0
EVT-001715,CUST-00886,2023-08-22,signup,,Pro,0,15
EVT-001717,CUST-00887,2023-08-22,signup,,Pro,0,15
EVT-000342,CUST-00170,2023-08-23,cancel,Free,Cancelled,0,0
EVT-000480,CUST-00241,2023-08-23,cancel,Pro,Cancelled,15,0
EVT-001006,CUST-00512,2023-08-23,cancel,Free,Cancelled,0,0
EVT-001555,CUST-00800,2023-08-23,signup,,Pro,0,15
EVT-001619,CUST-00834,2023-08-23,signup,,Pro,0,15
EVT-001660,CUST-00856,2023-08-23,signup,,Pro,0,15
EVT-001679,CUST-00867,2023-08-23,signup,,Business,0,49
EVT-001710,CUST-00883,2023-08-23,signup,,Free,0,0
EVT-001746,CUST-00903,2023-08-23,signup,,Pro,0,15
EVT-001750,CUST-00905,2023-08-23,signup,,Free,0,0
EVT-000266,CUST-00133,2023-08-24,downgrade,Pro,Free,15,0
EVT-001274,CUST-00654,2023-08-24,cancel,Free,Cancelled,0,0
EVT-001391,CUST-00714,2023-08-24,cancel,Pro,Cancelled,15,0
EVT-001585,CUST-00815,2023-08-24,signup,,Pro,0,15
EVT-001590,CUST-00818,2023-08-24,signup,,Business,0,49
EVT-001613,CUST-00831,2023-08-24,signup,,Free,0,0
EVT-001630,CUST-00839,2023-08-24,signup,,Free,0,0
EVT-001659,CUST-00855,2023-08-24,signup,,Enterprise,0,199
EVT-001686,CUST-00871,2023-08-24,signup,,Free,0,0
EVT-001692,CUST-00874,2023-08-24,signup,,Business,0,49
EVT-001724,CUST-00890,2023-08-24,signup,,Business,0,49
EVT-001771,CUST-00916,2023-08-24,signup,,Pro,0,15
EVT-000679,CUST-00347,2023-08-25,cancel,Free,Cancelled,0,0
EVT-001204,CUST-00618,2023-08-25,cancel,Free,Cancelled,0,0
EVT-001270,CUST-00652,2023-08-25,cancel,Free,Cancelled,0,0
EVT-001291,CUST-00664,2023-08-25,upgrade,Free,Pro,0,15
EVT-001501,CUST-00771,2023-08-25,signup,,Free,0,0
EVT-001650,CUST-00850,2023-08-25,signup,,Free,0,0
EVT-000604,CUST-00309,2023-08-26,cancel,Free,Cancelled,0,0
EVT-001298,CUST-00668,2023-08-26,cancel,Free,Cancelled,0,0
EVT-001375,CUST-00705,2023-08-26,cancel,Free,Cancelled,0,0
EVT-001519,CUST-00781,2023-08-26,signup,,Business,0,49
EVT-001539,CUST-00791,2023-08-26,signup,,Free,0,0
EVT-001557,CUST-00801,2023-08-26,signup,,Pro,0,15
EVT-001593,CUST-00820,2023-08-26,signup,,Pro,0,15
EVT-001636,CUST-00843,2023-08-26,signup,,Business,0,49
EVT-001667,CUST-00861,2023-08-26,signup,,Pro,0,15
EVT-000942,CUST-00481,2023-08-27,upgrade,Free,Pro,0,15
EVT-001540,CUST-00792,2023-08-27,signup,,Free,0,0
EVT-001621,CUST-00835,2023-08-27,signup,,Pro,0,15
EVT-001669,CUST-00862,2023-08-27,signup,,Pro,0,15
EVT-001703,CUST-00879,2023-08-27,signup,,Business,0,49
EVT-000644,CUST-00329,2023-09-01,cancel,Business,Cancelled,49,0
EVT-001110,CUST-00567,2023-09-01,cancel,Pro,Cancelled,15,0
EVT-001149,CUST-00587,2023-09-01,cancel,Free,Cancelled,0,0
EVT-001173,CUST-00601,2023-09-01,downgrade,Business,Pro,49,15
EVT-001928,CUST-01003,2023-09-01,signup,,Pro,0,15
EVT-001986,CUST-01035,2023-09-01,signup,,Free,0,0
EVT-002054,CUST-01070,2023-09-01,signup,,Business,0,49
EVT-002098,CUST-01092,2023-09-01,signup,,Pro,0,15
EVT-002105,CUST-01097,2023-09-01,signup,,Pro,0,15
EVT-002112,CUST-01101,2023-09-01,signup,,Free,0,0
EVT-000361,CUST-00180,2023-09-02,cancel,Free,Cancelled,0,0
EVT-000534,CUST-00271,2023-09-02,cancel,Pro,Cancelled,15,0
EVT-000754,CUST-00384,2023-09-02,cancel,Business,Cancelled,49,0
EVT-001115,CUST-00570,2023-09-02,upgrade,Pro,Business,15,49
EVT-001560,CUST-00802,2023-09-02,cancel,Free,Cancelled,0,0
EVT-001761,CUST-00910,2023-09-02,cancel,Free,Cancelled,0,0
EVT-001814,CUST-00938,2023-09-02,signup,,Pro,0,15
EVT-001836,CUST-00950,2023-09-02,signup,,Free,0,0
EVT-001840,CUST-00953,2023-09-02,signup,,Free,0,0
EVT-001973,CUST-01027,2023-09-02,signup,,Pro,0,15
EVT-001988,CUST-01036,2023-09-02,signup,,Pro,0,15
EVT-002000,CUST-01043,2023-09-02,signup,,Pro,0,15
EVT-002024,CUST-01055,2023-09-02,signup,,Pro,0,15
EVT-002063,CUST-01075,2023-09-02,signup,,Business,0,49
EVT-002102,CUST-01095,2023-09-02,signup,,Free,0,0
EVT-001446,CUST-00741,2023-09-03,cancel,Pro,Cancelled,15,0
EVT-001825,CUST-00944,2023-09-03,signup,,Business,0,49
EVT-001859,CUST-00964,2023-09-03,signup,,Free,0,0
EVT-001903,CUST-00988,2023-09-03,signup,,Free,0,0
EVT-001912,CUST-00993,2023-09-03,signup,,Free,0,0
EVT-001959,CUST-01020,2023-09-03,signup,,Enterprise,0,199
EVT-002050,CUST-01068,2023-09-03,signup,,Pro,0,15
EVT-002118,CUST-01106,2023-09-03,signup,,Pro,0,15
EVT-000845,CUST-00430,2023-09-04,cancel,Free,Cancelled,0,0
EVT-001609,CUST-00828,2023-09-04,cancel,Free,Cancelled,0,0
EVT-001786,CUST-00924,2023-09-04,signup,,Free,0,0
EVT-001808,CUST-00934,2023-09-04,signup,,Pro,0,15
EVT-001826,CUST-00945,2023-09-04,signup,,Pro,0,15
EVT-001872,CUST-00972,2023-09-04,signup,,Free,0,0
EVT-001977,CUST-01029,2023-09-04,signup,,Pro,0,15
EVT-000226,CUST-00113,2023-09-05,upgrade,Free,Pro,0,15
EVT-000550,CUST-00280,2023-09-05,cancel,Free,Cancelled,0,0
EVT-001237,CUST-00635,2023-09-05,cancel,Free,Cancelled,0,0
EVT-001829,CUST-00947,2023-09-05,signup,,Free,0,0
EVT-001890,CUST-00981,2023-09-05,signup,,Pro,0,15
EVT-001895,CUST-00984,2023-09-05,signup,,Pro,0,15
EVT-001965,CUST-01024,2023-09-05,signup,,Free,0,0
EVT-002020,CUST-01053,2023-09-05,signup,,Free,0,0
EVT-002081,CUST-01083,2023-09-05,signup,,Free,0,0
EVT-002088,CUST-01087,2023-09-05,signup,,Pro,0,15
EVT-002094,CUST-01090,2023-09-05,signup,,Free,0,0
EVT-002125,CUST-01110,2023-09-05,signup,,Pro,0,15
EVT-002131,CUST-01113,2023-09-05,signup,,Business,0,49
EVT-000526,CUST-00267,2023-09-06,cancel,Pro,Cancelled,15,0
EVT-001229,CUST-00631,2023-09-06,cancel,Pro,Cancelled,15,0
EVT-001330,CUST-00683,2023-09-06,upgrade,Free,Pro,0,15
EVT-001380,CUST-00708,2023-09-06,cancel,Free,Cancelled,0,0
EVT-001817,CUST-00940,2023-09-06,signup,,Free,0,0
EVT-001834,CUST-00949,2023-09-06,signup,,Free,0,0
EVT-001860,CUST-00965,2023-09-06,signup,,Pro,0,15
EVT-001905,CUST-00989,2023-09-06,signup,,Pro,0,15
EVT-001943,CUST-01011,2023-09-06,signup,,Free,0,0
EVT-001998,CUST-01042,2023-09-06,signup,,Free,0,0
EVT-002046,CUST-01066,2023-09-06,signup,,Pro,0,15
EVT-002090,CUST-01088,2023-09-06,signup,,Pro,0,15
EVT-002109,CUST-01100,2023-09-06,signup,,Pro,0,15
EVT-001523,CUST-00783,2023-09-07,cancel,Pro,Cancelled,15,0
EVT-001781,CUST-00921,2023-09-07,signup,,Enterprise,0,199
EVT-001846,CUST-00956,2023-09-07,signup,,Free,0,0
EVT-001851,CUST-00959,2023-09-07,signup,,Free,0,0
EVT-001938,CUST-01008,2023-09-07,signup,,Free,0,0
EVT-001946,CUST-01013,2023-09-07,signup,,Enterprise,0,199
EVT-002037,CUST-01062,2023-09-07,signup,,Pro,0,15
EVT-002071,CUST-01078,2023-09-07,signup,,Enterprise,0,199
EVT-002104,CUST-01096,2023-09-07,signup,,Pro,0,15
EVT-002108,CUST-01099,2023-09-07,signup,,Free,0,0
EVT-002140,CUST-01117,2023-09-07,signup,,Pro,0,15
EVT-000469,CUST-00236,2023-09-08,cancel,Free,Cancelled,0,0
EVT-000587,CUST-00299,2023-09-08,cancel,Free,Cancelled,0,0
EVT-001235,CUST-00634,2023-09-08,cancel,Free,Cancelled,0,0
EVT-001642,CUST-00846,2023-09-08,upgrade,Free,Pro,0,15
EVT-001819,CUST-00941,2023-09-08,signup,,Free,0,0
EVT-001873,CUST-00973,2023-09-08,signup,,Pro,0,15
EVT-001888,CUST-00980,2023-09-08,signup,,Free,0,0
EVT-001898,CUST-00985,2023-09-08,signup,,Free,0,0
EVT-002135,CUST-01115,2023-09-08,signup,,Free,0,0
EVT-000179,CUST-00091,2023-09-09,upgrade,Business,Enterprise,49,199
EVT-000271,CUST-00135,2023-09-09,cancel,Pro,Cancelled,15,0
EVT-000756,CUST-00385,2023-09-09,cancel,Pro,Cancelled,15,0
EVT-000878,CUST-00447,2023-09-09,cancel,Pro,Cancelled,15,0
EVT-000988,CUST-00503,2023-09-09,upgrade,Business,Enterprise,49,199
EVT-001338,CUST-00687,2023-09-09,downgrade,Pro,Free,15,0
EVT-001407,CUST-00723,2023-09-09,cancel,Business,Cancelled,49,0
EVT-001428,CUST-00732,2023-09-09,cancel,Free,Cancelled,0,0
EVT-001868,CUST-00970,2023-09-09,signup,,Free,0,0
EVT-002068,CUST-01077,2023-09-09,signup,,Pro,0,15
EVT-002085,CUST-01085,2023-09-09,signup,,Free,0,0
EVT-002106,CUST-01098,2023-09-09,signup,,Free,0,0
EVT-002116,CUST-01104,2023-09-09,signup,,Pro,0,15
EVT-002117,CUST-01105,2023-09-09,signup,,Free,0,0
EVT-002129,CUST-01112,2023-09-09,signup,,Free,0,0
EVT-000109,CUST-00058,2023-09-10,cancel,Free,Cancelled,0,0
EVT-001398,CUST-00718,2023-09-10,cancel,Pro,Cancelled,15,0
EVT-001804,CUST-00932,2023-09-10,signup,,Free,0,0
EVT-001828,CUST-00946,2023-09-10,signup,,Enterprise,0,199
EVT-001875,CUST-00974,2023-09-10,signup,,Free,0,0
EVT-001980,CUST-01032,2023-09-10,signup,,Free,0,0
EVT-002031,CUST-01059,2023-09-10,signup,,Pro,0,15
EVT-000489,CUST-00246,2023-09-11,cancel,Pro,Cancelled,15,0
EVT-001100,CUST-00563,2023-09-11,cancel,Free,Cancelled,0,0
EVT-001140,CUST-00582,2023-09-11,upgrade,Free,Pro,0,15
EVT-001651,CUST-00850,2023-09-11,upgrade,Free,Pro,0,15
EVT-001791,CUST-00926,2023-09-11,signup,,Pro,0,15
EVT-001798,CUST-00929,2023-09-11,signup,,Free,0,0
EVT-001893,CUST-00983,2023-09-11,signup,,Free,0,0
EVT-001921,CUST-00999,2023-09-11,signup,,Pro,0,15
EVT-002014,CUST-01050,2023-09-11,signup,,Free,0,0
EVT-000848,CUST-00432,2023-09-12,cancel,Pro,Cancelled,15,0
EVT-001183,CUST-00607,2023-09-12,cancel,Free,Cancelled,0,0
EVT-001802,CUST-00931,2023-09-12,signup,,Pro,0,15
EVT-001844,CUST-00955,2023-09-12,signup,,Business,0,49
EVT-001891,CUST-00982,2023-09-12,signup,,Free,0,0
EVT-001925,CUST-01002,2023-09-12,signup,,Pro,0,15
EVT-002077,CUST-01081,2023-09-12,signup,,Pro,0,15
EVT-000264,CUST-00132,2023-09-13,cancel,Pro,Cancelled,15,0
EVT-000456,CUST-00229,2023-09-13,upgrade,Free,Pro,0,15
EVT-000606,CUST-00310,2023-09-13,upgrade,Pro,Business,15,49
EVT-001847,CUST-00957,2023-09-13,signup,,Free,0,0
EVT-001934,CUST-01006,2023-09-13,signup,,Free,0,0
EVT-001940,CUST-01009,2023-09-13,signup,,Free,0,0
EVT-002030,CUST-01058,2023-09-13,signup,,Pro,0,15
EVT-002052,CUST-01069,2023-09-13,signup,,Pro,0,15
EVT-002074,CUST-01080,2023-09-13,signup,,Pro,0,15
EVT-000524,CUST-00266,2023-09-14,cancel,Pro,Cancelled,15,0
EVT-000619,CUST-00316,2023-09-14,cancel,Free,Cancelled,0,0
EVT-001426,CUST-00731,2023-09-14,cancel,Free,Cancelled,0,0
EVT-001759,CUST-00909,2023-09-14,cancel,Pro,Cancelled,15,0
EVT-001782,CUST-00922,2023-09-14,signup,,Free,0,0
EVT-001796,CUST-00928,2023-09-14,signup,,Pro,0,15
EVT-001810,CUST-00936,2023-09-14,signup,,Free,0,0
EVT-001852,CUST-00960,2023-09-14,signup,,Enterprise,0,199
EVT-001866,CUST-00968,2023-09-14,signup,,Pro,0,15
EVT-001958,CUST-01019,2023-09-14,signup,,Free,0,0
EVT-001960,CUST-01021,2023-09-14,signup,,Free,0,0
EVT-001993,CUST-01039,2023-09-14,signup,,Pro,0,15
EVT-002079,CUST-01082,2023-09-14,signup,,Free,0,0
EVT-002119,CUST-01107,2023-09-14,signup,,Pro,0,15
EVT-002139,CUST-01116,2023-09-14,signup,,Pro,0,15
EVT-001080,CUST-00553,2023-09-15,cancel,Pro,Cancelled,15,0
EVT-001276,CUST-00655,2023-09-15,upgrade,Free,Pro,0,15
EVT-001498,CUST-00770,2023-09-15,upgrade,Free,Pro,0,15
EVT-001602,CUST-00824,2023-09-15,cancel,Free,Cancelled,0,0
EVT-001800,CUST-00930,2023-09-15,signup,,Free,0,0
EVT-001857,CUST-00963,2023-09-15,signup,,Free,0,0
EVT-001867,CUST-00969,2023-09-15,signup,,Enterprise,0,199
EVT-001900,CUST-00986,2023-09-15,signup,,Pro,0,15
EVT-001922,CUST-01000,2023-09-15,signup,,Business,0,49
EVT-001932,CUST-01005,2023-09-15,signup,,Enterprise,0,199
EVT-001947,CUST-01014,2023-09-15,signup,,Free,0,0
EVT-001962,CUST-01022,2023-09-15,signup,,Free,0,0
EVT-001964,CUST-01023,2023-09-15,signup,,Business,0,49
EVT-002034,CUST-01060,2023-09-15,signup,,Free,0,0
EVT-002045,CUST-01065,2023-09-15,signup,,Pro,0,15
EVT-002062,CUST-01074,2023-09-15,signup,,Pro,0,15
EVT-000260,CUST-00130,2023-09-16,cancel,Pro,Cancelled,15,0
EVT-001221,CUST-00626,2023-09-16,upgrade,Pro,Business,15,49
EVT-001377,CUST-00706,2023-09-16,cancel,Free,Cancelled,0,0
EVT-001448,CUST-00742,2023-09-16,upgrade,Free,Pro,0,15
EVT-001806,CUST-00933,2023-09-16,signup,,Pro,0,15
EVT-001809,CUST-00935,2023-09-16,signup,,Business,0,49
EVT-001838,CUST-00952,2023-09-16,signup,,Free,0,0
EVT-001885,CUST-00979,2023-09-16,signup,,Pro,0,15
EVT-001907,CUST-00990,2023-09-16,signup,,Free,0,0
EVT-001910,CUST-00992,2023-09-16,signup,,Free,0,0
EVT-001984,CUST-01034,2023-09-16,signup,,Pro,0,15
EVT-002028,CUST-01057,2023-09-16,signup,,Free,0,0
EVT-002058,CUST-01072,2023-09-16,signup,,Free,0,0
EVT-002114,CUST-01103,2023-09-16,signup,,Free,0,0
EVT-000449,CUST-00225,2023-09-17,upgrade,Free,Pro,0,15
EVT-001104,CUST-00565,2023-09-17,downgrade,Pro,Free,15,0
EVT-001347,CUST-00691,2023-09-17,cancel,Free,Cancelled,0,0
EVT-001596,CUST-00821,2023-09-17,cancel,Free,Cancelled,0,0
EVT-001784,CUST-00923,2023-09-17,signup,,Free,0,0
EVT-001815,CUST-00939,2023-09-17,signup,,Free,0,0
EVT-001823,CUST-00943,2023-09-17,signup,,Pro,0,15
EVT-001853,CUST-00961,2023-09-17,signup,,Free,0,0
EVT-001902,CUST-00987,2023-09-17,signup,,Business,0,49
EVT-002018,CUST-01052,2023-09-17,signup,,Free,0,0
EVT-002036,CUST-01061,2023-09-17,signup,,Free,0,0
EVT-002041,CUST-01063,2023-09-17,signup,,Business,0,49
EVT-002099,CUST-01093,2023-09-17,signup,,Free,0,0
EVT-000307,CUST-00153,2023-09-18,cancel,Free,Cancelled,0,0
EVT-000784,CUST-00399,2023-09-18,cancel,Pro,Cancelled,15,0
EVT-001812,CUST-00937,2023-09-18,signup,,Free,0,0
EVT-001837,CUST-00951,2023-09-18,signup,,Free,0,0
EVT-001864,CUST-00967,2023-09-18,signup,,Pro,0,15
EVT-002092,CUST-01089,2023-09-18,signup,,Pro,0,15
EVT-002124,CUST-01109,2023-09-18,signup,,Business,0,49
EVT-000493,CUST-00248,2023-09-19,cancel,Free,Cancelled,0,0
EVT-001442,CUST-00739,2023-09-19,cancel,Free,Cancelled,0,0
EVT-001490,CUST-00766,2023-09-19,cancel,Free,Cancelled,0,0
EVT-001604,CUST-00825,2023-09-19,upgrade,Free,Pro,0,15
EVT-001877,CUST-00975,2023-09-19,signup,,Pro,0,15
EVT-001936,CUST-01007,2023-09-19,signup,,Free,0,0
EVT-001975,CUST-01028,2023-09-19,signup,,Free,0,0
EVT-001978,CUST-01030,2023-09-19,signup,,Pro,0,15
EVT-001979,CUST-01031,2023-09-19,signup,,Free,0,0
EVT-002007,CUST-01046,2023-09-19,signup,,Free,0,0
EVT-002016,CUST-01051,2023-09-19,signup,,Pro,0,15
EVT-001728,CUST-00892,2023-09-20,cancel,Free,Cancelled,0,0
EVT-001849,CUST-00958,2023-09-20,signup,,Free,0,0
EVT-001930,CUST-01004,2023-09-20,signup,,Pro,0,15
EVT-001949,CUST-01015,2023-09-20,signup,,Free,0,0
EVT-001955,CUST-01018,2023-09-20,signup,,Pro,0,15
EVT-001532,CUST-00788,2023-09-21,cancel,Free,Cancelled,0,0
EVT-001626,CUST-00837,2023-09-21,cancel,Free,Cancelled,0,0
EVT-001917,CUST-00996,2023-09-21,signup,,Pro,0,15
EVT-001971,CUST-01026,2023-09-21,signup,,Free,0,0
EVT-002048,CUST-01067,2023-09-21,signup,,Pro,0,15
EVT-001789,CUST-00925,2023-09-22,signup,,Free,0,0
EVT-001862,CUST-00966,2023-09-22,signup,,Free,0,0
EVT-001950,CUST-01016,2023-09-22,signup,,Business,0,49
EVT-001967,CUST-01025,2023-09-22,signup,,Free,0,0
EVT-001991,CUST-01038,2023-09-22,signup,,Pro,0,15
EVT-001997,CUST-01041,2023-09-22,signup,,Free,0,0
EVT-002026,CUST-01056,2023-09-22,signup,,Free,0,0
EVT-002056,CUST-01071,2023-09-22,signup,,Free,0,0
EVT-002096,CUST-01091,2023-09-22,signup,,Pro,0,15
EVT-001040,CUST-00530,2023-09-23,upgrade,Free,Pro,0,15
EVT-001576,CUST-00809,2023-09-23,cancel,Free,Cancelled,0,0
EVT-001753,CUST-00906,2023-09-23,cancel,Free,Cancelled,0,0
EVT-001871,CUST-00971,2023-09-23,signup,,Business,0,49
EVT-001879,CUST-00976,2023-09-23,signup,,Pro,0,15
EVT-001916,CUST-00995,2023-09-23,signup,,Pro,0,15
EVT-002009,CUST-01047,2023-09-23,signup,,Pro,0,15
EVT-002086,CUST-01086,2023-09-23,signup,,Free,0,0
EVT-002113,CUST-01102,2023-09-23,signup,,Pro,0,15
EVT-002122,CUST-01108,2023-09-23,signup,,Enterprise,0,199
EVT-002128,CUST-01111,2023-09-23,signup,,Enterprise,0,199
EVT-001409,CUST-00724,2023-09-24,cancel,Free,Cancelled,0,0
EVT-001434,CUST-00735,2023-09-24,cancel,Pro,Cancelled,15,0
EVT-001794,CUST-00927,2023-09-24,signup,,Pro,0,15
EVT-001918,CUST-00997,2023-09-24,signup,,Free,0,0
EVT-001945,CUST-01012,2023-09-24,signup,,Pro,0,15
EVT-001981,CUST-01033,2023-09-24,signup,,Free,0,0
EVT-001989,CUST-01037,2023-09-24,signup,,Free,0,0
EVT-001995,CUST-01040,2023-09-24,signup,,Pro,0,15
EVT-002004,CUST-01045,2023-09-24,signup,,Free,0,0
EVT-002013,CUST-01049,2023-09-24,signup,,Free,0,0
EVT-002043,CUST-01064,2023-09-24,signup,,Pro,0,15
EVT-002100,CUST-01094,2023-09-24,signup,,Pro,0,15
EVT-000363,CUST-00181,2023-09-25,cancel,Pro,Cancelled,15,0
EVT-001253,CUST-00643,2023-09-25,upgrade,Pro,Business,15,49
EVT-001909,CUST-00991,2023-09-25,signup,,Pro,0,15
EVT-001915,CUST-00994,2023-09-25,signup,,Enterprise,0,199
EVT-001923,CUST-01001,2023-09-25,signup,,Pro,0,15
EVT-001942,CUST-01010,2023-09-25,signup,,Pro,0,15
EVT-002066,CUST-01076,2023-09-25,signup,,Pro,0,15
EVT-002083,CUST-01084,2023-09-25,signup,,Pro,0,15
EVT-000474,CUST-00238,2023-09-26,downgrade,Business,Pro,49,15
EVT-000807,CUST-00413,2023-09-26,cancel,Free,Cancelled,0,0
EVT-001217,CUST-00625,2023-09-26,upgrade,Free,Pro,0,15
EVT-001326,CUST-00681,2023-09-26,cancel,Free,Cancelled,0,0
EVT-001821,CUST-00942,2023-09-26,signup,,Free,0,0
EVT-001831,CUST-00948,2023-09-26,signup,,Free,0,0
EVT-001855,CUST-00962,2023-09-26,signup,,Free,0,0
EVT-001881,CUST-00977,2023-09-26,signup,,Pro,0,15
EVT-001920,CUST-00998,2023-09-26,signup,,Free,0,0
EVT-002002,CUST-01044,2023-09-26,signup,,Free,0,0
EVT-002060,CUST-01073,2023-09-26,signup,,Free,0,0
EVT-000367,CUST-00183,2023-09-27,upgrade,Free,Pro,0,15
EVT-001618,CUST-00833,2023-09-27,cancel,Free,Cancelled,0,0
EVT-001779,CUST-00920,2023-09-27,signup,,Business,0,49
EVT-001842,CUST-00954,2023-09-27,signup,,Free,0,0
EVT-001883,CUST-00978,2023-09-27,signup,,Free,0,0
EVT-001953,CUST-01017,2023-09-27,signup,,Pro,0,15
EVT-002011,CUST-01048,2023-09-27,signup,,Pro,0,15
EVT-002022,CUST-01054,2023-09-27,signup,,Business,0,49
EVT-002072,CUST-01079,2023-09-27,signup,,Free,0,0
EVT-002133,CUST-01114,2023-09-27,signup,,Free,0,0
EVT-000673,CUST-00343,2023-10-01,cancel,Pro,Cancelled,15,0
EVT-000897,CUST-00458,2023-10-01,upgrade,Free,Pro,0,15
EVT-001681,CUST-00868,2023-10-01,cancel,Pro,Cancelled,15,0
EVT-002174,CUST-01136,2023-10-01,signup,,Free,0,0
EVT-002193,CUST-01145,2023-10-01,signup,,Pro,0,15
EVT-002351,CUST-01231,2023-10-01,signup,,Pro,0,15
EVT-002396,CUST-01255,2023-10-01,signup,,Pro,0,15
EVT-002442,CUST-01280,2023-10-01,signup,,Free,0,0
EVT-002448,CUST-01283,2023-10-01,signup,,Free,0,0
EVT-000315,CUST-00158,2023-10-02,cancel,Business,Cancelled,49,0
EVT-001496,CUST-00769,2023-10-02,cancel,Pro,Cancelled,15,0
EVT-001587,CUST-00816,2023-10-02,cancel,Free,Cancelled,0,0
EVT-001807,CUST-00933,2023-10-02,cancel,Pro,Cancelled,15,0
EVT-002073,CUST-01079,2023-10-02,cancel,Free,Cancelled,0,0
EVT-002161,CUST-01129,2023-10-02,signup,,Free,0,0
EVT-002211,CUST-01155,2023-10-02,signup,,Free,0,0
EVT-000667,CUST-00340,2023-10-03,cancel,Free,Cancelled,0,0
EVT-001244,CUST-00638,2023-10-03,cancel,Pro,Cancelled,15,0
EVT-002149,CUST-01123,2023-10-03,signup,,Free,0,0
EVT-002195,CUST-01146,2023-10-03,signup,,Free,0,0
EVT-002267,CUST-01183,2023-10-03,signup,,Pro,0,15
EVT-002467,CUST-01295,2023-10-03,signup,,Free,0,0
EVT-002477,CUST-01300,2023-10-03,signup,,Pro,0,15
EVT-001554,CUST-00799,2023-10-04,cancel,Pro,Cancelled,15,0
EVT-001770,CUST-00915,2023-10-04,cancel,Free,Cancelled,0,0
EVT-002038,CUST-01062,2023-10-04,downgrade,Pro,Free,15,0
EVT-002236,CUST-01167,2023-10-04,signup,,Free,0,0
EVT-002245,CUST-01172,2023-10-04,signup,,Pro,0,15
EVT-002252,CUST-01176,2023-10-04,signup,,Pro,0,15
EVT-002279,CUST-01190,2023-10-04,signup,,Pro,0,15
EVT-002280,CUST-01191,2023-10-04,signup,,Pro,0,15
EVT-002369,CUST-01242,2023-10-04,signup,,Free,0,0
EVT-002403,CUST-01259,2023-10-04,signup,,Pro,0,15
EVT-002429,CUST-01275,2023-10-04,signup,,Business,0,49
EVT-002434,CUST-01277,2023-10-04,signup,,Free,0,0
EVT-002451,CUST-01285,2023-10-04,signup,,Pro,0,15
EVT-002466,CUST-01294,2023-10-04,signup,,Free,0,0
EVT-002478,CUST-01301,2023-10-04,signup,,Free,0,0
EVT-002506,CUST-01316,2023-10-04,signup,,Free,0,0
EVT-000437,CUST-00219,2023-10-05,downgrade,Pro,Free,15,0
EVT-000917,CUST-00468,2023-10-05,cancel,Pro,Cancelled,15,0
EVT-002008,CUST-01046,2023-10-05,cancel,Free,Cancelled,0,0
EVT-002227,CUST-01163,2023-10-05,signup,,Pro,0,15
EVT-002263,CUST-01181,2023-10-05,signup,,Enterprise,0,199
EVT-002306,CUST-01208,2023-10-05,signup,,Pro,0,15
EVT-002334,CUST-01222,2023-10-05,signup,,Enterprise,0,199
EVT-002361,CUST-01237,2023-10-05,signup,,Free,0,0
EVT-002368,CUST-01241,2023-10-05,signup,,Enterprise,0,199
EVT-002439,CUST-01279,2023-10-05,signup,,Pro,0,15
EVT-002456,CUST-01288,2023-10-05,signup,,Free,0,0
EVT-002458,CUST-01289,2023-10-05,signup,,Free,0,0
EVT-000778,CUST-00396,2023-10-06,cancel,Free,Cancelled,0,0
EVT-001527,CUST-00785,2023-10-06,cancel,Pro,Cancelled,15,0
EVT-001670,CUST-00862,2023-10-06,upgrade,Pro,Business,15,49
EVT-001741,CUST-00899,2023-10-06,cancel,Free,Cancelled,0,0
EVT-002155,CUST-01126,2023-10-06,signup,,Business,0,49
EVT-002207,CUST-01153,2023-10-06,signup,,Free,0,0
EVT-002243,CUST-01171,2023-10-06,signup,,Free,0,0
EVT-002332,CUST-01221,2023-10-06,signup,,Free,0,0
EVT-002340,CUST-01225,2023-10-06,signup,,Free,0,0
EVT-002410,CUST-01265,2023-10-06,signup,,Free,0,0
EVT-002424,CUST-01272,2023-10-06,signup,,Free,0,0
EVT-002471,CUST-01297,2023-10-06,signup,,Free,0,0
EVT-000951,CUST-00485,2023-10-07,cancel,Pro,Cancelled,15,0
EVT-001012,CUST-00516,2023-10-07,upgrade,Free,Pro,0,15
EVT-001024,CUST-00522,2023-10-07,upgrade,Free,Pro,0,15
EVT-001136,CUST-00580,2023-10-07,cancel,Pro,Cancelled,15,0
EVT-001774,CUST-00917,2023-10-07,cancel,Pro,Cancelled,15,0
EVT-002136,CUST-01115,2023-10-07,upgrade,Free,Pro,0,15
EVT-002141,CUST-01118,2023-10-07,signup,,Enterprise,0,199
EVT-002167,CUST-01132,2023-10-07,signup,,Business,0,49
EVT-002256,CUST-01178,2023-10-07,signup,,Pro,0,15
EVT-002300,CUST-01205,2023-10-07,signup,,Free,0,0
EVT-002303,CUST-01206,2023-10-07,signup,,Business,0,49
EVT-002308,CUST-01209,2023-10-07,signup,,Pro,0,15
EVT-002380,CUST-01246,2023-10-07,signup,,Pro,0,15
EVT-002414,CUST-01267,2023-10-07,signup,,Free,0,0
EVT-002485,CUST-01305,2023-10-07,signup,,Free,0,0
EVT-002512,CUST-01320,2023-10-07,signup,,Pro,0,15
EVT-000096,CUST-00051,2023-10-08,cancel,Free,Cancelled,0,0
EVT-000423,CUST-00213,2023-10-08,cancel,Pro,Cancelled,15,0
EVT-000545,CUST-00277,2023-10-08,cancel,Free,Cancelled,0,0
EVT-001020,CUST-00520,2023-10-08,downgrade,Pro,Free,15,0
EVT-001251,CUST-00642,2023-10-08,upgrade,Free,Pro,0,15
EVT-001315,CUST-00676,2023-10-08,cancel,Pro,Cancelled,15,0
EVT-001372,CUST-00704,2023-10-08,upgrade,Free,Pro,0,15
EVT-001502,CUST-00771,2023-10-08,cancel,Free,Cancelled,0,0
EVT-001723,CUST-00889,2023-10-08,cancel,Pro,Cancelled,15,0
EVT-002163,CUST-01130,2023-10-08,signup,,Free,0,0
EVT-002197,CUST-01147,2023-10-08,signup,,Pro,0,15
EVT-002249,CUST-01174,2023-10-08,signup,,Pro,0,15
EVT-002250,CUST-01175,2023-10-08,signup,,Pro,0,15
EVT-002275,CUST-01188,2023-10-08,signup,,Pro,0,15
EVT-002285,CUST-01195,2023-10-08,signup,,Pro,0,15
EVT-002342,CUST-01226,2023-10-08,signup,,Pro,0,15
EVT-002479,CUST-01302,2023-10-08,signup,,Free,0,0
EVT-002519,CUST-01324,2023-10-08,signup,,Free,0,0
EVT-001992,CUST-01038,2023-10-09,cancel,Pro,Cancelled,15,0
EVT-002166,CUST-01131,2023-10-09,signup,,Enterprise,0,199
EVT-002309,CUST-01210,2023-10-09,signup,,Free,0,0
EVT-002319,CUST-01215,2023-10-09,signup,,Business,0,49
EVT-002321,CUST-01216,2023-10-09,signup,,Free,0,0
EVT-002350,CUST-01230,2023-10-09,signup,,Pro,0,15
EVT-002357,CUST-01235,2023-10-09,signup,,Free,0,0
EVT-002418,CUST-01269,2023-10-09,signup,,Free,0,0
EVT-002426,CUST-01273,2023-10-09,signup,,Free,0,0
EVT-002427,CUST-01274,2023-10-09,signup,,Pro,0,15
EVT-002508,CUST-01317,2023-10-09,signup,,Pro,0,15
EVT-001518,CUST-00780,2023-10-10,cancel,Free,Cancelled,0,0
EVT-001695,CUST-00875,2023-10-10,cancel,Pro,Cancelled,15,0
EVT-001913,CUST-00993,2023-10-10,upgrade,Free,Pro,0,15
EVT-001968,CUST-01025,2023-10-10,upgrade,Free,Pro,0,15
EVT-002095,CUST-01090,2023-10-10,cancel,Free,Cancelled,0,0
EVT-002151,CUST-01124,2023-10-10,signup,,Free,0,0
EVT-002265,CUST-01182,2023-10-10,signup,,Pro,0,15
EVT-002286,CUST-01196,2023-10-10,signup,,Business,0,49
EVT-002304,CUST-01207,2023-10-10,signup,,Pro,0,15
EVT-002381,CUST-01247,2023-10-10,signup,,Pro,0,15
EVT-002391,CUST-01252,2023-10-10,signup,,Pro,0,15
EVT-002492,CUST-01309,2023-10-10,signup,,Free,0,0
EVT-002515,CUST-01322,2023-10-10,signup,,Pro,0,15
EVT-002521,CUST-01325,2023-10-10,signup,,Free,0,0
EVT-000656,CUST-00335,2023-10-11,upgrade,Free,Pro,0,15
EVT-001365,CUST-00700,2023-10-11,cancel,Free,Cancelled,0,0
EVT-002143,CUST-01119,2023-10-11,signup,,Pro,0,15
EVT-002147,CUST-01122,2023-10-11,signup,,Free,0,0
EVT-002240,CUST-01169,2023-10-11,signup,,Free,0,0
EVT-002338,CUST-01224,2023-10-11,signup,,Pro,0,15
EVT-002464,CUST-01293,2023-10-11,signup,,Free,0,0
EVT-002523,CUST-01326,2023-10-11,signup,,Pro,0,15
EVT-002525,CUST-01327,2023-10-11,signup,,Free,0,0
EVT-001515,CUST-00778,2023-10-12,cancel,Free,Cancelled,0,0
EVT-001799,CUST-00929,2023-10-12,cancel,Free,Cancelled,0,0
EVT-002216,CUST-01157,2023-10-12,signup,,Pro,0,15
EVT-002219,CUST-01159,2023-10-12,signup,,Pro,0,15
EVT-002238,CUST-01168,2023-10-12,signup,,Free,0,0
EVT-002254,CUST-01177,2023-10-12,signup,,Free,0,0
EVT-002271,CUST-01185,2023-10-12,signup,,Enterprise,0,199
EVT-002284,CUST-01194,2023-10-12,signup,,Pro,0,15
EVT-002363,CUST-01238,2023-10-12,signup,,Business,0,49
EVT-002387,CUST-01250,2023-10-12,signup,,Free,0,0
EVT-002389,CUST-01251,2023-10-12,signup,,Business,0,49
EVT-002408,CUST-01263,2023-10-12,signup,,Pro,0,15
EVT-002469,CUST-01296,2023-10-12,signup,,Free,0,0
EVT-002489,CUST-01307,2023-10-12,signup,,Pro,0,15
EVT-002144,CUST-01120,2023-10-13,signup,,Pro,0,15
EVT-002247,CUST-01173,2023-10-13,signup,,Free,0,0
EVT-002272,CUST-01186,2023-10-13,signup,,Free,0,0
EVT-002314,CUST-01213,2023-10-13,signup,,Pro,0,15
EVT-002329,CUST-01220,2023-10-13,signup,,Free,0,0
EVT-002377,CUST-01245,2023-10-13,signup,,Free,0,0
EVT-002398,CUST-01256,2023-10-13,signup,,Pro,0,15
EVT-002461,CUST-01291,2023-10-13,signup,,Free,0,0
EVT-002510,CUST-01318,2023-10-13,signup,,Pro,0,15
EVT-001280,CUST-00657,2023-10-14,cancel,Free,Cancelled,0,0
EVT-002157,CUST-01127,2023-10-14,signup,,Free,0,0
EVT-002184,CUST-01141,2023-10-14,signup,,Free,0,0
EVT-002186,CUST-01142,2023-10-14,signup,,Free,0,0
EVT-002203,CUST-01151,2023-10-14,signup,,Free,0,0
EVT-002221,CUST-01160,2023-10-14,signup,,Free,0,0
EVT-002375,CUST-01244,2023-10-14,signup,,Free,0,0
EVT-002399,CUST-01257,2023-10-14,signup,,Free,0,0
EVT-002412,CUST-01266,2023-10-14,signup,,Pro,0,15
EVT-002420,CUST-01270,2023-10-14,signup,,Pro,0,15
EVT-002481,CUST-01303,2023-10-14,signup,,Free,0,0
EVT-001558,CUST-00801,2023-10-15,cancel,Pro,Cancelled,15,0
EVT-002159,CUST-01128,2023-10-15,signup,,Free,0,0
EVT-002178,CUST-01138,2023-10-15,signup,,Free,0,0
EVT-002259,CUST-01179,2023-10-15,signup,,Pro,0,15
EVT-002353,CUST-01232,2023-10-15,signup,,Pro,0,15
EVT-002366,CUST-01240,2023-10-15,signup,,Free,0,0
EVT-002407,CUST-01262,2023-10-15,signup,,Free,0,0
EVT-002513,CUST-01321,2023-10-15,signup,,Free,0,0
EVT-000166,CUST-00086,2023-10-16,upgrade,Pro,Business,15,49
EVT-001035,CUST-00528,2023-10-16,cancel,Free,Cancelled,0,0
EVT-001573,CUST-00808,2023-10-16,upgrade,Free,Pro,0,15
EVT-001766,CUST-00913,2023-10-16,cancel,Free,Cancelled,0,0
EVT-002384,CUST-01248,2023-10-16,signup,,Enterprise,0,199
EVT-002416,CUST-01268,2023-10-16,signup,,Pro,0,15
EVT-002450,CUST-01284,2023-10-16,signup,,Enterprise,0,199
EVT-002490,CUST-01308,2023-10-16,signup,,Free,0,0
EVT-002500,CUST-01313,2023-10-16,signup,,Pro,0,15
EVT-001159,CUST-00593,2023-10-17,cancel,Free,Cancelled,0,0
EVT-001185,CUST-00608,2023-10-17,cancel,Pro,Cancelled,15,0
EVT-001231,CUST-00632,2023-10-17,cancel,Free,Cancelled,0,0
EVT-001529,CUST-00786,2023-10-17,cancel,Free,Cancelled,0,0
EVT-002153,CUST-01125,2023-10-17,signup,,Pro,0,15
EVT-002297,CUST-01203,2023-10-17,signup,,Pro,0,15
EVT-002310,CUST-01211,2023-10-17,signup,,Free,0,0
EVT-002328,CUST-01219,2023-10-17,signup,,Pro,0,15
EVT-002344,CUST-01227,2023-10-17,signup,,Pro,0,15
EVT-002373,CUST-01243,2023-10-17,signup,,Business,0,49
EVT-002401,CUST-01258,2023-10-17,signup,,Pro,0,15
EVT-002406,CUST-01261,2023-10-17,signup,,Free,0,0
EVT-002436,CUST-01278,2023-10-17,signup,,Free,0,0
EVT-000622,CUST-00318,2023-10-18,cancel,Pro,Cancelled,15,0
EVT-001078,CUST-00552,2023-10-18,cancel,Free,Cancelled,0,0
EVT-001818,CUST-00940,2023-10-18,cancel,Free,Cancelled,0,0
EVT-002170,CUST-01134,2023-10-18,signup,,Free,0,0
EVT-002188,CUST-01143,2023-10-18,signup,,Free,0,0
EVT-002241,CUST-01170,2023-10-18,signup,,Free,0,0
EVT-002289,CUST-01198,2023-10-18,signup,,Free,0,0
EVT-002291,CUST-01199,2023-10-18,signup,,Enterprise,0,199
EVT-002349,CUST-01229,2023-10-18,signup,,Pro,0,15
EVT-002422,CUST-01271,2023-10-18,signup,,Pro,0,15
EVT-002444,CUST-01281,2023-10-18,signup,,Free,0,0
EVT-000398,CUST-00200,2023-10-19,cancel,Pro,Cancelled,15,0
EVT-000457,CUST-00229,2023-10-19,cancel,Pro,Cancelled,15,0
EVT-001138,CUST-00581,2023-10-19,cancel,Pro,Cancelled,15,0
EVT-001640,CUST-00845,2023-10-19,cancel,Free,Cancelled,0,0
EVT-001801,CUST-00930,2023-10-19,cancel,Free,Cancelled,0,0
EVT-001982,CUST-01033,2023-10-19,upgrade,Free,Pro,0,15
EVT-002169,CUST-01133,2023-10-19,signup,,Business,0,49
EVT-002217,CUST-01158,2023-10-19,signup,,Pro,0,15
EVT-002230,CUST-01165,2023-10-19,signup,,Pro,0,15
EVT-002262,CUST-01180,2023-10-19,signup,,Pro,0,15
EVT-002299,CUST-01204,2023-10-19,signup,,Pro,0,15
EVT-002393,CUST-01253,2023-10-19,signup,,Business,0,49
EVT-002446,CUST-01282,2023-10-19,signup,,Free,0,0
EVT-000206,CUST-00104,2023-10-20,cancel,Pro,Cancelled,15,0
EVT-000475,CUST-00238,2023-10-20,cancel,Pro,Cancelled,15,0
EVT-000831,CUST-00422,2023-10-20,cancel,Free,Cancelled,0,0
EVT-001272,CUST-00653,2023-10-20,upgrade,Free,Pro,0,15
EVT-001361,CUST-00698,2023-10-20,cancel,Free,Cancelled,0,0
EVT-001567,CUST-00805,2023-10-20,cancel,Free,Cancelled,0,0
EVT-001580,CUST-00811,2023-10-20,cancel,Pro,Cancelled,15,0
EVT-001792,CUST-00926,2023-10-20,downgrade,Pro,Free,15,0
EVT-002190,CUST-01144,2023-10-20,signup,,Pro,0,15
EVT-002214,CUST-01156,2023-10-20,signup,,Pro,0,15
EVT-002223,CUST-01161,2023-10-20,signup,,Pro,0,15
EVT-002225,CUST-01162,2023-10-20,signup,,Free,0,0
EVT-002277,CUST-01189,2023-10-20,signup,,Free,0,0
EVT-002288,CUST-01197,2023-10-20,signup,,Free,0,0
EVT-002292,CUST-01200,2023-10-20,signup,,Free,0,0
EVT-002431,CUST-01276,2023-10-20,signup,,Pro,0,15
EVT-002475,CUST-01299,2023-10-20,signup,,Pro,0,15
EVT-002502,CUST-01314,2023-10-20,signup,,Pro,0,15
EVT-001412,CUST-00726,2023-10-21,cancel,Pro,Cancelled,15,0
EVT-002010,CUST-01047,2023-10-21,cancel,Pro,Cancelled,15,0
EVT-002201,CUST-01150,2023-10-21,signup,,Pro,0,15
EVT-002208,CUST-01154,2023-10-21,signup,,Pro,0,15
EVT-002282,CUST-01193,2023-10-21,signup,,Free,0,0
EVT-002336,CUST-01223,2023-10-21,signup,,Free,0,0
EVT-002356,CUST-01234,2023-10-21,signup,,Business,0,49
EVT-002405,CUST-01260,2023-10-21,signup,,Business,0,49
EVT-002454,CUST-01287,2023-10-21,signup,,Free,0,0
EVT-002511,CUST-01319,2023-10-21,signup,,Pro,0,15
EVT-001122,CUST-00573,2023-10-22,cancel,Free,Cancelled,0,0
EVT-001755,CUST-00907,2023-10-22,cancel,Free,Cancelled,0,0
EVT-002035,CUST-01060,2023-10-22,cancel,Free,Cancelled,0,0
EVT-002053,CUST-01069,2023-10-22,cancel,Pro,Cancelled,15,0
EVT-002080,CUST-01082,2023-10-22,cancel,Free,Cancelled,0,0
EVT-002172,CUST-01135,2023-10-22,signup,,Free,0,0
EVT-000402,CUST-00202,2023-10-23,cancel,Free,Cancelled,0,0
EVT-001811,CUST-00936,2023-10-23,cancel,Free,Cancelled,0,0
EVT-002115,CUST-01103,2023-10-23,cancel,Free,Cancelled,0,0
EVT-002234,CUST-01166,2023-10-23,signup,,Pro,0,15
EVT-002346,CUST-01228,2023-10-23,signup,,Free,0,0
EVT-002365,CUST-01239,2023-10-23,signup,,Pro,0,15
EVT-002483,CUST-01304,2023-10-23,signup,,Free,0,0
EVT-000766,CUST-00390,2023-10-24,upgrade,Free,Pro,0,15
EVT-000999,CUST-00509,2023-10-24,cancel,Pro,Cancelled,15,0
EVT-001598,CUST-00822,2023-10-24,cancel,Pro,Cancelled,15,0
EVT-001718,CUST-00887,2023-10-24,upgrade,Pro,Business,15,49
EVT-002176,CUST-01137,2023-10-24,signup,,Free,0,0
EVT-002274,CUST-01187,2023-10-24,signup,,Free,0,0
EVT-002294,CUST-01201,2023-10-24,signup,,Pro,0,15
EVT-002312,CUST-01212,2023-10-24,signup,,Free,0,0
EVT-002325,CUST-01218,2023-10-24,signup,,Free,0,0
EVT-002394,CUST-01254,2023-10-24,signup,,Pro,0,15
EVT-002488,CUST-01306,2023-10-24,signup,,Pro,0,15
EVT-002494,CUST-01310,2023-10-24,signup,,Free,0,0
EVT-002499,CUST-01312,2023-10-24,signup,,Pro,0,15
EVT-001571,CUST-00807,2023-10-25,upgrade,Pro,Business,15,49
EVT-001645,CUST-00847,2023-10-25,cancel,Pro,Cancelled,15,0
EVT-001657,CUST-00853,2023-10-25,cancel,Pro,Cancelled,15,0
EVT-002180,CUST-01139,2023-10-25,signup,,Free,0,0
EVT-002229,CUST-01164,2023-10-25,signup,,Free,0,0
EVT-002317,CUST-01214,2023-10-25,signup,,Free,0,0
EVT-002323,CUST-01217,2023-10-25,signup,,Pro,0,15
EVT-002355,CUST-01233,2023-10-25,signup,,Pro,0,15
EVT-002462,CUST-01292,2023-10-25,signup,,Free,0,0
EVT-002473,CUST-01298,2023-10-25,signup,,Free,0,0
EVT-001349,CUST-00692,2023-10-26,upgrade,Free,Pro,0,15
EVT-002205,CUST-01152,2023-10-26,signup,,Free,0,0
EVT-002281,CUST-01192,2023-10-26,signup,,Pro,0,15
EVT-002385,CUST-01249,2023-10-26,signup,,Free,0,0
EVT-002459,CUST-01290,2023-10-26,signup,,Free,0,0
EVT-002496,CUST-01311,2023-10-26,signup,,Business,0,49
EVT-001939,CUST-01008,2023-10-27,cancel,Free,Cancelled,0,0
EVT-002145,CUST-01121,2023-10-27,signup,,Pro,0,15
EVT-002182,CUST-01140,2023-10-27,signup,,Free,0,0
EVT-002199,CUST-01148,2023-10-27,signup,,Pro,0,15
EVT-002200,CUST-01149,2023-10-27,signup,,Pro,0,15
EVT-002269,CUST-01184,2023-10-27,signup,,Pro,0,15
EVT-002295,CUST-01202,2023-10-27,signup,,Free,0,0
EVT-002359,CUST-01236,2023-10-27,signup,,Free,0,0
EVT-002409,CUST-01264,2023-10-27,signup,,Free,0,0
EVT-002452,CUST-01286,2023-10-27,signup,,Pro,0,15
EVT-002504,CUST-01315,2023-10-27,signup,,Business,0,49
EVT-002517,CUST-01323,2023-10-27,signup,,Pro,0,15
EVT-001287,CUST-00661,2023-11-01,cancel,Pro,Cancelled,15,0
EVT-001355,CUST-00695,2023-11-01,cancel,Pro,Cancelled,15,0
EVT-001569,CUST-00806,2023-11-01,cancel,Free,Cancelled,0,0
EVT-001839,CUST-00952,2023-11-01,cancel,Free,Cancelled,0,0
EVT-002164,CUST-01130,2023-11-01,upgrade,Free,Pro,0,15
EVT-002421,CUST-01270,2023-11-01,cancel,Pro,Cancelled,15,0
EVT-002572,CUST-01351,2023-11-01,signup,,Pro,0,15
EVT-002652,CUST-01393,2023-11-01,signup,,Business,0,49
EVT-002716,CUST-01427,2023-11-01,signup,,Business,0,49
EVT-002721,CUST-01430,2023-11-01,signup,,Free,0,0
EVT-002742,CUST-01441,2023-11-01,signup,,Free,0,0
EVT-002755,CUST-01450,2023-11-01,signup,,Free,0,0
EVT-002782,CUST-01463,2023-11-01,signup,,Pro,0,15
EVT-002833,CUST-01490,2023-11-01,signup,,Free,0,0
EVT-002878,CUST-01516,2023-11-01,signup,,Free,0,0
EVT-002902,CUST-01529,2023-11-01,signup,,Pro,0,15
EVT-001737,CUST-00897,2023-11-02,cancel,Pro,Cancelled,15,0
EVT-001820,CUST-00941,2023-11-02,upgrade,Free,Pro,0,15
EVT-001848,CUST-00957,2023-11-02,cancel,Free,Cancelled,0,0
EVT-002248,CUST-01173,2023-11-02,cancel,Free,Cancelled,0,0
EVT-002428,CUST-01274,2023-11-02,upgrade,Pro,Business,15,49
EVT-002560,CUST-01345,2023-11-02,signup,,Pro,0,15
EVT-002578,CUST-01354,2023-11-02,signup,,Free,0,0
EVT-002622,CUST-01376,2023-11-02,signup,,Business,0,49
EVT-002624,CUST-01377,2023-11-02,signup,,Pro,0,15
EVT-002627,CUST-01379,2023-11-02,signup,,Enterprise,0,199
EVT-002657,CUST-01396,2023-11-02,signup,,Free,0,0
EVT-002735,CUST-01438,2023-11-02,signup,,Business,0,49
EVT-002852,CUST-01500,2023-11-02,signup,,Free,0,0
EVT-002922,CUST-01541,2023-11-02,signup,,Free,0,0
EVT-002949,CUST-01557,2023-11-02,signup,,Pro,0,15
EVT-000850,CUST-00433,2023-11-03,cancel,Free,Cancelled,0,0
EVT-002134,CUST-01114,2023-11-03,cancel,Free,Cancelled,0,0
EVT-002630,CUST-01381,2023-11-03,signup,,Business,0,49
EVT-002781,CUST-01462,2023-11-03,signup,,Pro,0,15
EVT-002803,CUST-01473,2023-11-03,signup,,Business,0,49
EVT-002837,CUST-01492,2023-11-03,signup,,Free,0,0
EVT-002858,CUST-01504,2023-11-03,signup,,Pro,0,15
EVT-002873,CUST-01513,2023-11-03,signup,,Free,0,0
EVT-002900,CUST-01528,2023-11-03,signup,,Free,0,0
EVT-002951,CUST-01558,2023-11-03,signup,,Pro,0,15
EVT-000055,CUST-00030,2023-11-04,upgrade,Free,Pro,0,15
EVT-000562,CUST-00287,2023-11-04,cancel,Free,Cancelled,0,0
EVT-001813,CUST-00937,2023-11-04,cancel,Free,Cancelled,0,0
EVT-002347,CUST-01228,2023-11-04,upgrade,Free,Pro,0,15
EVT-002386,CUST-01249,2023-11-04,cancel,Free,Cancelled,0,0
EVT-002425,CUST-01272,2023-11-04,cancel,Free,Cancelled,0,0
EVT-002455,CUST-01287,2023-11-04,cancel,Free,Cancelled,0,0
EVT-002472,CUST-01297,2023-11-04,cancel,Free,Cancelled,0,0
EVT-002537,CUST-01333,2023-11-04,signup,,Free,0,0
EVT-002597,CUST-01364,2023-11-04,signup,,Free,0,0
EVT-002620,CUST-01375,2023-11-04,signup,,Pro,0,15
EVT-002655,CUST-01395,2023-11-04,signup,,Free,0,0
EVT-002676,CUST-01407,2023-11-04,signup,,Pro,0,15
EVT-002749,CUST-01446,2023-11-04,signup,,Pro,0,15
EVT-002770,CUST-01457,2023-11-04,signup,,Pro,0,15
EVT-002817,CUST-01481,2023-11-04,signup,,Free,0,0
EVT-002828,CUST-01487,2023-11-04,signup,,Enterprise,0,199
EVT-002843,CUST-01495,2023-11-04,signup,,Free,0,0
EVT-002871,CUST-01512,2023-11-04,signup,,Business,0,49
EVT-002920,CUST-01540,2023-11-04,signup,,Pro,0,15
EVT-001783,CUST-00922,2023-11-05,cancel,Free,Cancelled,0,0
EVT-002209,CUST-01154,2023-11-05,downgrade,Pro,Free,15,0
EVT-002345,CUST-01227,2023-11-05,cancel,Pro,Cancelled,15,0
EVT-002378,CUST-01245,2023-11-05,upgrade,Free,Pro,0,15
EVT-002482,CUST-01303,2023-11-05,cancel,Free,Cancelled,0,0
EVT-002535,CUST-01332,2023-11-05,signup,,Free,0,0
EVT-002699,CUST-01418,2023-11-05,signup,,Free,0,0
EVT-002728,CUST-01434,2023-11-05,signup,,Enterprise,0,199
EVT-002795,CUST-01469,2023-11-05,signup,,Pro,0,15
EVT-002824,CUST-01485,2023-11-05,signup,,Pro,0,15
EVT-002826,CUST-01486,2023-11-05,signup,,Free,0,0
EVT-002847,CUST-01497,2023-11-05,signup,,Pro,0,15
EVT-002924,CUST-01542,2023-11-05,signup,,Free,0,0
EVT-002935,CUST-01548,2023-11-05,signup,,Enterprise,0,199
EVT-000608,CUST-00311,2023-11-06,cancel,Free,Cancelled,0,0
EVT-001869,CUST-00970,2023-11-06,upgrade,Free,Pro,0,15
EVT-002615,CUST-01372,2023-11-06,signup,,Free,0,0
EVT-002792,CUST-01468,2023-11-06,signup,,Business,0,49
EVT-002832,CUST-01489,2023-11-06,signup,,Business,0,49
EVT-002856,CUST-01503,2023-11-06,signup,,Free,0,0
EVT-002867,CUST-01510,2023-11-06,signup,,Free,0,0
EVT-002890,CUST-01522,2023-11-06,signup,,Free,0,0
EVT-002891,CUST-01523,2023-11-06,signup,,Business,0,49
EVT-002927,CUST-01544,2023-11-06,signup,,Pro,0,15
EVT-002936,CUST-01549,2023-11-06,signup,,Free,0,0
EVT-002939,CUST-01550,2023-11-06,signup,,Free,0,0
EVT-002956,CUST-01560,2023-11-06,signup,,Free,0,0
EVT-001045,CUST-00533,2023-11-07,cancel,Free,Cancelled,0,0
EVT-001735,CUST-00896,2023-11-07,cancel,Pro,Cancelled,15,0
EVT-002103,CUST-01095,2023-11-07,upgrade,Free,Pro,0,15
EVT-002290,CUST-01198,2023-11-07,cancel,Free,Cancelled,0,0
EVT-002565,CUST-01348,2023-11-07,signup,,Pro,0,15
EVT-002586,CUST-01358,2023-11-07,signup,,Free,0,0
EVT-002599,CUST-01365,2023-11-07,signup,,Free,0,0
EVT-002667,CUST-01401,2023-11-07,signup,,Free,0,0
EVT-002763,CUST-01454,2023-11-07,signup,,Free,0,0
EVT-002765,CUST-01455,2023-11-07,signup,,Free,0,0
EVT-002841,CUST-01494,2023-11-07,signup,,Pro,0,15
EVT-002945,CUST-01554,2023-11-07,signup,,Enterprise,0,199
EVT-001488,CUST-00765,2023-11-08,cancel,Free,Cancelled,0,0
EVT-001691,CUST-00873,2023-11-08,cancel,Free,Cancelled,0,0
EVT-001878,CUST-00975,2023-11-08,cancel,Pro,Cancelled,15,0
EVT-002156,CUST-01126,2023-11-08,cancel,Business,Cancelled,49,0
EVT-002179,CUST-01138,2023-11-08,cancel,Free,Cancelled,0,0
EVT-002305,CUST-01207,2023-11-08,cancel,Pro,Cancelled,15,0
EVT-002397,CUST-01255,2023-11-08,upgrade,Pro,Business,15,49
EVT-002480,CUST-01302,2023-11-08,cancel,Free,Cancelled,0,0
EVT-002564,CUST-01347,2023-11-08,signup,,Free,0,0
EVT-002579,CUST-01355,2023-11-08,signup,,Free,0,0
EVT-002591,CUST-01361,2023-11-08,signup,,Pro,0,15
EVT-002731,CUST-01436,2023-11-08,signup,,Free,0,0
EVT-002772,CUST-01458,2023-11-08,signup,,Pro,0,15
EVT-002851,CUST-01499,2023-11-08,signup,,Pro,0,15
EVT-000591,CUST-00301,2023-11-09,cancel,Free,Cancelled,0,0
EVT-001336,CUST-00686,2023-11-09,cancel,Pro,Cancelled,15,0
EVT-002547,CUST-01337,2023-11-09,signup,,Pro,0,15
EVT-002569,CUST-01350,2023-11-09,signup,,Free,0,0
EVT-002640,CUST-01386,2023-11-09,signup,,Free,0,0
EVT-002693,CUST-01415,2023-11-09,signup,,Pro,0,15
EVT-002703,CUST-01420,2023-11-09,signup,,Pro,0,15
EVT-002784,CUST-01464,2023-11-09,signup,,Free,0,0
EVT-002882,CUST-01518,2023-11-09,signup,,Free,0,0
EVT-002888,CUST-01521,2023-11-09,signup,,Pro,0,15
EVT-002942,CUST-01552,2023-11-09,signup,,Free,0,0
EVT-000995,CUST-00507,2023-11-10,cancel,Free,Cancelled,0,0
EVT-001605,CUST-00825,2023-11-10,cancel,Pro,Cancelled,15,0
EVT-001697,CUST-00876,2023-11-10,upgrade,Free,Pro,0,15
EVT-002419,CUST-01269,2023-11-10,cancel,Free,Cancelled,0,0
EVT-002530,CUST-01330,2023-11-10,signup,,Free,0,0
EVT-002603,CUST-01367,2023-11-10,signup,,Pro,0,15
EVT-002663,CUST-01399,2023-11-10,signup,,Free,0,0
EVT-002774,CUST-01459,2023-11-10,signup,,Free,0,0
EVT-002854,CUST-01502,2023-11-10,signup,,Pro,0,15
EVT-002898,CUST-01527,2023-11-10,signup,,Pro,0,15
EVT-001473,CUST-00756,2023-11-11,downgrade,Pro,Free,15,0
EVT-001843,CUST-00954,2023-11-11,cancel,Free,Cancelled,0,0
EVT-002278,CUST-01189,2023-11-11,cancel,Free,Cancelled,0,0
EVT-002326,CUST-01218,2023-11-11,upgrade,Free,Pro,0,15
EVT-002609,CUST-01370,2023-11-11,signup,,Free,0,0
EVT-002709,CUST-01423,2023-11-11,signup,,Free,0,0
EVT-002801,CUST-01472,2023-11-11,signup,,Free,0,0
EVT-002865,CUST-01508,2023-11-11,signup,,Pro,0,15
EVT-002876,CUST-01515,2023-11-11,signup,,Free,0,0
EVT-002929,CUST-01545,2023-11-11,signup,,Free,0,0
EVT-002933,CUST-01547,2023-11-11,signup,,Free,0,0
EVT-001334,CUST-00685,2023-11-12,cancel,Free,Cancelled,0,0
EVT-001711,CUST-00883,2023-11-12,cancel,Free,Cancelled,0,0
EVT-002148,CUST-01122,2023-11-12,cancel,Free,Cancelled,0,0
EVT-002556,CUST-01342,2023-11-12,signup,,Pro,0,15
EVT-002576,CUST-01353,2023-11-12,signup,,Free,0,0
EVT-002588,CUST-01359,2023-11-12,signup,,Pro,0,15
EVT-002595,CUST-01363,2023-11-12,signup,,Free,0,0
EVT-002611,CUST-01371,2023-11-12,signup,,Free,0,0
EVT-002625,CUST-01378,2023-11-12,signup,,Pro,0,15
EVT-002661,CUST-01398,2023-11-12,signup,,Pro,0,15
EVT-002695,CUST-01416,2023-11-12,signup,,Free,0,0
EVT-002780,CUST-01461,2023-11-12,signup,,Pro,0,15
EVT-002839,CUST-01493,2023-11-12,signup,,Free,0,0
EVT-002869,CUST-01511,2023-11-12,signup,,Business,0,49
EVT-002909,CUST-01534,2023-11-12,signup,,Free,0,0
EVT-002913,CUST-01536,2023-11-12,signup,,Enterprise,0,199
EVT-002946,CUST-01555,2023-11-12,signup,,Pro,0,15
EVT-001830,CUST-00947,2023-11-13,cancel,Free,Cancelled,0,0
EVT-001931,CUST-01004,2023-11-13,cancel,Pro,Cancelled,15,0
EVT-001944,CUST-01011,2023-11-13,cancel,Free,Cancelled,0,0
EVT-002171,CUST-01134,2023-11-13,cancel,Free,Cancelled,0,0
EVT-002589,CUST-01360,2023-11-13,signup,,Free,0,0
EVT-002675,CUST-01406,2023-11-13,signup,,Business,0,49
EVT-002776,CUST-01460,2023-11-13,signup,,Pro,0,15
EVT-002905,CUST-01532,2023-11-13,signup,,Pro,0,15
EVT-000007,CUST-00003,2023-11-14,cancel,Pro,Cancelled,15,0
EVT-000659,CUST-00336,2023-11-14,cancel,Pro,Cancelled,15,0
EVT-001687,CUST-00871,2023-11-14,cancel,Free,Cancelled,0,0
EVT-002049,CUST-01067,2023-11-14,cancel,Pro,Cancelled,15,0
EVT-002335,CUST-01222,2023-11-14,cancel,Enterprise,Cancelled,199,0
EVT-002551,CUST-01339,2023-11-14,signup,,Pro,0,15
EVT-002684,CUST-01411,2023-11-14,signup,,Pro,0,15
EVT-002689,CUST-01413,2023-11-14,signup,,Free,0,0
EVT-002707,CUST-01422,2023-11-14,signup,,Free,0,0
EVT-002812,CUST-01478,2023-11-14,signup,,Free,0,0
EVT-002860,CUST-01505,2023-11-14,signup,,Free,0,0
EVT-002926,CUST-01543,2023-11-14,signup,,Pro,0,15
EVT-002941,CUST-01551,2023-11-14,signup,,Pro,0,15
EVT-000572,CUST-00292,2023-11-15,cancel,Free,Cancelled,0,0
EVT-001192,CUST-00612,2023-11-15,cancel,Free,Cancelled,0,0
EVT-002005,CUST-01045,2023-11-15,upgrade,Free,Pro,0,15
EVT-002047,CUST-01066,2023-11-15,cancel,Pro,Cancelled,15,0
EVT-002315,CUST-01213,2023-11-15,downgrade,Pro,Free,15,0
EVT-002449,CUST-01283,2023-11-15,cancel,Free,Cancelled,0,0
EVT-002558,CUST-01343,2023-11-15,signup,,Pro,0,15
EVT-002617,CUST-01373,2023-11-15,signup,,Enterprise,0,199
EVT-002628,CUST-01380,2023-11-15,signup,,Pro,0,15
EVT-002669,CUST-01402,2023-11-15,signup,,Free,0,0
EVT-002701,CUST-01419,2023-11-15,signup,,Pro,0,15
EVT-002705,CUST-01421,2023-11-15,signup,,Free,0,0
EVT-002719,CUST-01429,2023-11-15,signup,,Pro,0,15
EVT-002752,CUST-01447,2023-11-15,signup,,Business,0,49
EVT-002790,CUST-01467,2023-11-15,signup,,Free,0,0
EVT-002797,CUST-01470,2023-11-15,signup,,Pro,0,15
EVT-002835,CUST-01491,2023-11-15,signup,,Pro,0,15
EVT-002884,CUST-01519,2023-11-15,signup,,Free,0,0
EVT-000576,CUST-00294,2023-11-16,upgrade,Free,Pro,0,15
EVT-002231,CUST-01165,2023-11-16,downgrade,Pro,Free,15,0
EVT-002555,CUST-01341,2023-11-16,signup,,Pro,0,15
EVT-002581,CUST-01356,2023-11-16,signup,,Pro,0,15
EVT-002712,CUST-01424,2023-11-16,signup,,Free,0,0
EVT-002740,CUST-01440,2023-11-16,signup,,Free,0,0
EVT-002758,CUST-01451,2023-11-16,signup,,Pro,0,15
EVT-002807,CUST-01475,2023-11-16,signup,,Pro,0,15
EVT-002811,CUST-01477,2023-11-16,signup,,Pro,0,15
EVT-002903,CUST-01530,2023-11-16,signup,,Pro,0,15
EVT-002948,CUST-01556,2023-11-16,signup,,Pro,0,15
EVT-002514,CUST-01321,2023-11-17,upgrade,Free,Pro,0,15
EVT-002567,CUST-01349,2023-11-17,signup,,Free,0,0
EVT-002678,CUST-01408,2023-11-17,signup,,Free,0,0
EVT-002682,CUST-01410,2023-11-17,signup,,Free,0,0
EVT-002729,CUST-01435,2023-11-17,signup,,Free,0,0
EVT-002753,CUST-01448,2023-11-17,signup,,Free,0,0
EVT-002863,CUST-01507,2023-11-17,signup,,Free,0,0
EVT-002918,CUST-01539,2023-11-17,signup,,Pro,0,15
EVT-002953,CUST-01559,2023-11-17,signup,,Business,0,49
EVT-002061,CUST-01073,2023-11-18,cancel,Free,Cancelled,0,0
EVT-002152,CUST-01124,2023-11-18,cancel,Free,Cancelled,0,0
EVT-002447,CUST-01282,2023-11-18,cancel,Free,Cancelled,0,0
EVT-002486,CUST-01305,2023-11-18,upgrade,Free,Pro,0,15
EVT-002638,CUST-01385,2023-11-18,signup,,Business,0,49
EVT-002648,CUST-01390,2023-11-18,signup,,Free,0,0
EVT-002680,CUST-01409,2023-11-18,signup,,Pro,0,15
EVT-002727,CUST-01433,2023-11-18,signup,,Free,0,0
EVT-002747,CUST-01445,2023-11-18,signup,,Pro,0,15
EVT-002866,CUST-01509,2023-11-18,signup,,Free,0,0
EVT-002886,CUST-01520,2023-11-18,signup,,Free,0,0
EVT-002892,CUST-01524,2023-11-18,signup,,Free,0,0
EVT-001494,CUST-00768,2023-11-19,cancel,Free,Cancelled,0,0
EVT-001582,CUST-00812,2023-11-19,cancel,Free,Cancelled,0,0
EVT-001822,CUST-00942,2023-11-19,cancel,Free,Cancelled,0,0
EVT-002154,CUST-01125,2023-11-19,cancel,Pro,Cancelled,15,0
EVT-002264,CUST-01181,2023-11-19,cancel,Enterprise,Cancelled,199,0
EVT-002529,CUST-01329,2023-11-19,signup,,Pro,0,15
EVT-002642,CUST-01387,2023-11-19,signup,,Free,0,0
EVT-002649,CUST-01391,2023-11-19,signup,,Pro,0,15
EVT-002723,CUST-01431,2023-11-19,signup,,Pro,0,15
EVT-002799,CUST-01471,2023-11-19,signup,,Business,0,49
EVT-002815,CUST-01480,2023-11-19,signup,,Pro,0,15
EVT-002880,CUST-01517,2023-11-19,signup,,Free,0,0
EVT-001083,CUST-00554,2023-11-20,cancel,Business,Cancelled,49,0
EVT-002051,CUST-01068,2023-11-20,cancel,Pro,Cancelled,15,0
EVT-002360,CUST-01236,2023-11-20,upgrade,Free,Pro,0,15
EVT-002370,CUST-01242,2023-11-20,upgrade,Free,Pro,0,15
EVT-002443,CUST-01280,2023-11-20,cancel,Free,Cancelled,0,0
EVT-002457,CUST-01288,2023-11-20,cancel,Free,Cancelled,0,0
EVT-002562,CUST-01346,2023-11-20,signup,,Pro,0,15
EVT-002691,CUST-01414,2023-11-20,signup,,Free,0,0
EVT-002697,CUST-01417,2023-11-20,signup,,Pro,0,15
EVT-002725,CUST-01432,2023-11-20,signup,,Free,0,0
EVT-002861,CUST-01506,2023-11-20,signup,,Free,0,0
EVT-002896,CUST-01526,2023-11-20,signup,,Free,0,0
EVT-002910,CUST-01535,2023-11-20,signup,,Free,0,0
EVT-002916,CUST-01538,2023-11-20,signup,,Pro,0,15
EVT-000139,CUST-00074,2023-11-21,upgrade,Free,Pro,0,15
EVT-000388,CUST-00194,2023-11-21,upgrade,Free,Pro,0,15
EVT-001304,CUST-00671,2023-11-21,upgrade,Free,Pro,0,15
EVT-002544,CUST-01336,2023-11-21,signup,,Pro,0,15
EVT-002574,CUST-01352,2023-11-21,signup,,Pro,0,15
EVT-002607,CUST-01369,2023-11-21,signup,,Free,0,0
EVT-002633,CUST-01383,2023-11-21,signup,,Free,0,0
EVT-002653,CUST-01394,2023-11-21,signup,,Free,0,0
EVT-002659,CUST-01397,2023-11-21,signup,,Free,0,0
EVT-002786,CUST-01465,2023-11-21,signup,,Pro,0,15
EVT-002894,CUST-01525,2023-11-21,signup,,Pro,0,15
EVT-002553,CUST-01340,2023-11-22,signup,,Pro,0,15
EVT-002584,CUST-01357,2023-11-22,signup,,Free,0,0
EVT-002593,CUST-01362,2023-11-22,signup,,Free,0,0
EVT-002715,CUST-01426,2023-11-22,signup,,Free,0,0
EVT-002733,CUST-01437,2023-11-22,signup,,Free,0,0
EVT-002746,CUST-01444,2023-11-22,signup,,Free,0,0
EVT-002788,CUST-01466,2023-11-22,signup,,Free,0,0
EVT-002814,CUST-01479,2023-11-22,signup,,Pro,0,15
EVT-002853,CUST-01501,2023-11-22,signup,,Free,0,0
EVT-002914,CUST-01537,2023-11-22,signup,,Free,0,0
EVT-000370,CUST-00184,2023-11-23,cancel,Free,Cancelled,0,0
EVT-000943,CUST-00481,2023-11-23,cancel,Pro,Cancelled,15,0
EVT-001743,CUST-00900,2023-11-23,upgrade,Pro,Business,15,49
EVT-002212,CUST-01155,2023-11-23,upgrade,Free,Pro,0,15
EVT-002601,CUST-01366,2023-11-23,signup,,Pro,0,15
EVT-002687,CUST-01412,2023-11-23,signup,,Pro,0,15
EVT-002717,CUST-01428,2023-11-23,signup,,Free,0,0
EVT-002737,CUST-01439,2023-11-23,signup,,Free,0,0
EVT-002744,CUST-01442,2023-11-23,signup,,Pro,0,15
EVT-002745,CUST-01443,2023-11-23,signup,,Pro,0,15
EVT-002760,CUST-01452,2023-11-23,signup,,Business,0,49
EVT-002768,CUST-01456,2023-11-23,signup,,Free,0,0
EVT-002809,CUST-01476,2023-11-23,signup,,Pro,0,15
EVT-002819,CUST-01482,2023-11-23,signup,,Free,0,0
EVT-002931,CUST-01546,2023-11-23,signup,,Free,0,0
EVT-001414,CUST-00727,2023-11-24,upgrade,Free,Pro,0,15
EVT-002527,CUST-01328,2023-11-24,signup,,Free,0,0
EVT-002540,CUST-01334,2023-11-24,signup,,Free,0,0
EVT-002618,CUST-01374,2023-11-24,signup,,Free,0,0
EVT-002635,CUST-01384,2023-11-24,signup,,Free,0,0
EVT-002665,CUST-01400,2023-11-24,signup,,Enterprise,0,199
EVT-002672,CUST-01404,2023-11-24,signup,,Business,0,49
EVT-002673,CUST-01405,2023-11-24,signup,,Free,0,0
EVT-002754,CUST-01449,2023-11-24,signup,,Pro,0,15
EVT-002823,CUST-01484,2023-11-24,signup,,Pro,0,15
EVT-002829,CUST-01488,2023-11-24,signup,,Free,0,0
EVT-002845,CUST-01496,2023-11-24,signup,,Pro,0,15
EVT-002849,CUST-01498,2023-11-24,signup,,Free,0,0
EVT-000873,CUST-00444,2023-11-25,cancel,Pro,Cancelled,15,0
EVT-002468,CUST-01295,2023-11-25,upgrade,Free,Pro,0,15
EVT-002559,CUST-01344,2023-11-25,signup,,Free,0,0
EVT-002605,CUST-01368,2023-11-25,signup,,Pro,0,15
EVT-002646,CUST-01389,2023-11-25,signup,,Pro,0,15
EVT-002805,CUST-01474,2023-11-25,signup,,Pro,0,15
EVT-002904,CUST-01531,2023-11-25,signup,,Pro,0,15
EVT-002944,CUST-01553,2023-11-25,signup,,Pro,0,15
EVT-000236,CUST-00118,2023-11-26,cancel,Business,Cancelled,49,0
EVT-000543,CUST-00276,2023-11-26,cancel,Free,Cancelled,0,0
EVT-001218,CUST-00625,2023-11-26,upgrade,Pro,Business,15,49
EVT-001492,CUST-00767,2023-11-26,upgrade,Pro,Business,15,49
EVT-002204,CUST-01151,2023-11-26,cancel,Free,Cancelled,0,0
EVT-002532,CUST-01331,2023-11-26,signup,,Free,0,0
EVT-002549,CUST-01338,2023-11-26,signup,,Pro,0,15
EVT-002645,CUST-01388,2023-11-26,signup,,Pro,0,15
EVT-002651,CUST-01392,2023-11-26,signup,,Free,0,0
EVT-002714,CUST-01425,2023-11-26,signup,,Enterprise,0,199
EVT-002875,CUST-01514,2023-11-26,signup,,Free,0,0
EVT-002542,CUST-01335,2023-11-27,signup,,Free,0,0
EVT-002631,CUST-01382,2023-11-27,signup,,Free,0,0
EVT-002671,CUST-01403,2023-11-27,signup,,Pro,0,15
EVT-002762,CUST-01453,2023-11-27,signup,,Pro,0,15
EVT-002821,CUST-01483,2023-11-27,signup,,Pro,0,15
EVT-002907,CUST-01533,2023-11-27,signup,,Free,0,0
EVT-000140,CUST-00074,2023-12-01,upgrade,Pro,Business,15,49
EVT-001062,CUST-00543,2023-12-01,upgrade,Pro,Business,15,49
EVT-001343,CUST-00689,2023-12-01,cancel,Free,Cancelled,0,0
EVT-002484,CUST-01304,2023-12-01,cancel,Free,Cancelled,0,0
EVT-002573,CUST-01351,2023-12-01,upgrade,Pro,Business,15,49
EVT-002962,CUST-01563,2023-12-01,signup,,Pro,0,15
EVT-002972,CUST-01568,2023-12-01,signup,,Pro,0,15
EVT-003011,CUST-01589,2023-12-01,signup,,Free,0,0
EVT-003035,CUST-01602,2023-12-01,signup,,Business,0,49
EVT-003101,CUST-01642,2023-12-01,signup,,Free,0,0
EVT-003162,CUST-01674,2023-12-01,signup,,Free,0,0
EVT-000883,CUST-00450,2023-12-02,cancel,Free,Cancelled,0,0
EVT-000914,CUST-00467,2023-12-02,cancel,Free,Cancelled,0,0
EVT-000964,CUST-00492,2023-12-02,upgrade,Pro,Business,15,49
EVT-001331,CUST-00683,2023-12-02,cancel,Pro,Cancelled,15,0
EVT-002187,CUST-01142,2023-12-02,cancel,Free,Cancelled,0,0
EVT-002764,CUST-01454,2023-12-02,cancel,Free,Cancelled,0,0
EVT-003038,CUST-01604,2023-12-02,signup,,Business,0,49
EVT-003213,CUST-01705,2023-12-02,signup,,Free,0,0
EVT-001277,CUST-00655,2023-12-03,cancel,Pro,Cancelled,15,0
EVT-001340,CUST-00688,2023-12-03,upgrade,Pro,Business,15,49
EVT-001974,CUST-01027,2023-12-03,cancel,Pro,Cancelled,15,0
EVT-002313,CUST-01212,2023-12-03,cancel,Free,Cancelled,0,0
EVT-002596,CUST-01363,2023-12-03,upgrade,Free,Pro,0,15
EVT-002632,CUST-01382,2023-12-03,cancel,Free,Cancelled,0,0
EVT-002696,CUST-01416,2023-12-03,upgrade,Free,Pro,0,15
EVT-002734,CUST-01437,2023-12-03,cancel,Free,Cancelled,0,0
EVT-002899,CUST-01527,2023-12-03,cancel,Pro,Cancelled,15,0
EVT-003078,CUST-01628,2023-12-03,signup,,Free,0,0
EVT-003079,CUST-01629,2023-12-03,signup,,Pro,0,15
EVT-003156,CUST-01671,2023-12-03,signup,,Pro,0,15
EVT-003169,CUST-01678,2023-12-03,signup,,Business,0,49
EVT-003218,CUST-01708,2023-12-03,signup,,Free,0,0
EVT-000087,CUST-00047,2023-12-04,cancel,Pro,Cancelled,15,0
EVT-001562,CUST-00803,2023-12-04,upgrade,Free,Pro,0,15
EVT-001969,CUST-01025,2023-12-04,upgrade,Pro,Business,15,49
EVT-002183,CUST-01140,2023-12-04,cancel,Free,Cancelled,0,0
EVT-003040,CUST-01605,2023-12-04,signup,,Pro,0,15
EVT-003052,CUST-01612,2023-12-04,signup,,Pro,0,15
EVT-003108,CUST-01647,2023-12-04,signup,,Pro,0,15
EVT-003202,CUST-01699,2023-12-04,signup,,Pro,0,15
EVT-001747,CUST-00903,2023-12-05,cancel,Pro,Cancelled,15,0
EVT-002307,CUST-01208,2023-12-05,cancel,Pro,Cancelled,15,0
EVT-002668,CUST-01401,2023-12-05,cancel,Free,Cancelled,0,0
EVT-002868,CUST-01510,2023-12-05,cancel,Free,Cancelled,0,0
EVT-003024,CUST-01597,2023-12-05,signup,,Pro,0,15
EVT-003050,CUST-01611,2023-12-05,signup,,Pro,0,15
EVT-003139,CUST-01663,2023-12-05,signup,,Pro,0,15
EVT-001132,CUST-00578,2023-12-06,cancel,Free,Cancelled,0,0
EVT-001370,CUST-00703,2023-12-06,cancel,Free,Cancelled,0,0
EVT-002844,CUST-01495,2023-12-06,cancel,Free,Cancelled,0,0
EVT-002958,CUST-01561,2023-12-06,signup,,Free,0,0
EVT-002960,CUST-01562,2023-12-06,signup,,Pro,0,15
EVT-003029,CUST-01599,2023-12-06,signup,,Pro,0,15
EVT-003110,CUST-01649,2023-12-06,signup,,Pro,0,15
EVT-003189,CUST-01692,2023-12-06,signup,,Pro,0,15
EVT-003200,CUST-01698,2023-12-06,signup,,Free,0,0
EVT-003220,CUST-01709,2023-12-06,signup,,Free,0,0
EVT-001246,CUST-00639,2023-12-07,cancel,Free,Cancelled,0,0
EVT-001963,CUST-01022,2023-12-07,cancel,Free,Cancelled,0,0
EVT-002220,CUST-01159,2023-12-07,cancel,Pro,Cancelled,15,0
EVT-002362,CUST-01237,2023-12-07,cancel,Free,Cancelled,0,0
EVT-002643,CUST-01387,2023-12-07,upgrade,Free,Pro,0,15
EVT-003048,CUST-01610,2023-12-07,signup,,Free,0,0
EVT-003070,CUST-01623,2023-12-07,signup,,Pro,0,15
EVT-003074,CUST-01625,2023-12-07,signup,,Business,0,49
EVT-003081,CUST-01630,2023-12-07,signup,,Free,0,0
EVT-002550,CUST-01338,2023-12-08,cancel,Pro,Cancelled,15,0
EVT-002874,CUST-01513,2023-12-08,cancel,Free,Cancelled,0,0
EVT-002917,CUST-01538,2023-12-08,cancel,Pro,Cancelled,15,0
EVT-003037,CUST-01603,2023-12-08,signup,,Pro,0,15
EVT-003076,CUST-01627,2023-12-08,signup,,Free,0,0
EVT-003093,CUST-01638,2023-12-08,signup,,Pro,0,15
EVT-003127,CUST-01658,2023-12-08,signup,,Pro,0,15
EVT-001785,CUST-00923,2023-12-09,cancel,Free,Cancelled,0,0
EVT-001937,CUST-01007,2023-12-09,upgrade,Free,Pro,0,15
EVT-002032,CUST-01059,2023-12-09,downgrade,Pro,Free,15,0
EVT-002057,CUST-01071,2023-12-09,upgrade,Free,Pro,0,15
EVT-002185,CUST-01141,2023-12-09,cancel,Free,Cancelled,0,0
EVT-002980,CUST-01572,2023-12-09,signup,,Free,0,0
EVT-003111,CUST-01650,2023-12-09,signup,,Pro,0,15
EVT-003174,CUST-01681,2023-12-09,signup,,Business,0,49
EVT-003187,CUST-01690,2023-12-09,signup,,Business,0,49
EVT-000173,CUST-00088,2023-12-10,downgrade,Business,Pro,49,15
EVT-001324,CUST-00680,2023-12-10,cancel,Pro,Cancelled,15,0
EVT-002541,CUST-01334,2023-12-10,cancel,Free,Cancelled,0,0
EVT-003006,CUST-01586,2023-12-10,signup,,Pro,0,15
EVT-003033,CUST-01601,2023-12-10,signup,,Pro,0,15
EVT-003176,CUST-01683,2023-12-10,signup,,Pro,0,15
EVT-003198,CUST-01697,2023-12-10,signup,,Free,0,0
EVT-002023,CUST-01054,2023-12-11,downgrade,Business,Pro,49,15
EVT-002239,CUST-01168,2023-12-11,cancel,Free,Cancelled,0,0
EVT-002608,CUST-01369,2023-12-11,cancel,Free,Cancelled,0,0
EVT-002999,CUST-01583,2023-12-11,signup,,Business,0,49
EVT-003075,CUST-01626,2023-12-11,signup,,Free,0,0
EVT-003149,CUST-01668,2023-12-11,signup,,Free,0,0
EVT-003179,CUST-01685,2023-12-11,signup,,Pro,0,15
EVT-003190,CUST-01693,2023-12-11,signup,,Pro,0,15
EVT-003192,CUST-01694,2023-12-11,signup,,Pro,0,15
EVT-000092,CUST-00049,2023-12-12,cancel,Free,Cancelled,0,0
EVT-000739,CUST-00376,2023-12-12,cancel,Free,Cancelled,0,0
EVT-002232,CUST-01165,2023-12-12,upgrade,Free,Pro,0,15
EVT-002976,CUST-01570,2023-12-12,signup,,Free,0,0
EVT-003087,CUST-01634,2023-12-12,signup,,Free,0,0
EVT-003107,CUST-01646,2023-12-12,signup,,Business,0,49
EVT-003147,CUST-01667,2023-12-12,signup,,Free,0,0
EVT-003171,CUST-01679,2023-12-12,signup,,Pro,0,15
EVT-001385,CUST-00711,2023-12-13,cancel,Free,Cancelled,0,0
EVT-002846,CUST-01496,2023-12-13,cancel,Pro,Cancelled,15,0
EVT-002965,CUST-01565,2023-12-13,signup,,Pro,0,15
EVT-002974,CUST-01569,2023-12-13,signup,,Free,0,0
EVT-003014,CUST-01592,2023-12-13,signup,,Free,0,0
EVT-003026,CUST-01598,2023-12-13,signup,,Pro,0,15
EVT-003031,CUST-01600,2023-12-13,signup,,Free,0,0
EVT-003053,CUST-01613,2023-12-13,signup,,Pro,0,15
EVT-003067,CUST-01621,2023-12-13,signup,,Pro,0,15
EVT-003122,CUST-01656,2023-12-13,signup,,Pro,0,15
EVT-003134,CUST-01661,2023-12-13,signup,,Business,0,49
EVT-003145,CUST-01666,2023-12-13,signup,,Pro,0,15
EVT-003175,CUST-01682,2023-12-13,signup,,Pro,0,15
EVT-000880,CUST-00448,2023-12-14,cancel,Free,Cancelled,0,0
EVT-002160,CUST-01128,2023-12-14,cancel,Free,Cancelled,0,0
EVT-002242,CUST-01170,2023-12-14,cancel,Free,Cancelled,0,0
EVT-002698,CUST-01417,2023-12-14,cancel,Pro,Cancelled,15,0
EVT-002834,CUST-01490,2023-12-14,cancel,Free,Cancelled,0,0
EVT-002864,CUST-01507,2023-12-14,cancel,Free,Cancelled,0,0
EVT-002982,CUST-01573,2023-12-14,signup,,Pro,0,15
EVT-002989,CUST-01577,2023-12-14,signup,,Free,0,0
EVT-002993,CUST-01579,2023-12-14,signup,,Pro,0,15
EVT-003185,CUST-01688,2023-12-14,signup,,Free,0,0
EVT-003209,CUST-01703,2023-12-14,signup,,Pro,0,15
EVT-001107,CUST-00566,2023-12-15,upgrade,Pro,Business,15,49
EVT-002001,CUST-01043,2023-12-15,cancel,Pro,Cancelled,15,0
EVT-002150,CUST-01123,2023-12-15,cancel,Free,Cancelled,0,0
EVT-002626,CUST-01378,2023-12-15,cancel,Pro,Cancelled,15,0
EVT-002738,CUST-01439,2023-12-15,upgrade,Free,Pro,0,15
EVT-003105,CUST-01644,2023-12-15,signup,,Business,0,49
EVT-003136,CUST-01662,2023-12-15,signup,,Pro,0,15
EVT-003153,CUST-01670,2023-12-15,signup,,Pro,0,15
EVT-003195,CUST-01695,2023-12-15,signup,,Pro,0,15
EVT-000982,CUST-00500,2023-12-16,upgrade,Pro,Business,15,49
EVT-001926,CUST-01002,2023-12-16,upgrade,Pro,Business,15,49
EVT-001956,CUST-01018,2023-12-16,upgrade,Pro,Business,15,49
EVT-002996,CUST-01581,2023-12-16,signup,,Pro,0,15
EVT-003000,CUST-01584,2023-12-16,signup,,Pro,0,15
EVT-003022,CUST-01596,2023-12-16,signup,,Free,0,0
EVT-003055,CUST-01615,2023-12-16,signup,,Free,0,0
EVT-003173,CUST-01680,2023-12-16,signup,,Enterprise,0,199
EVT-003206,CUST-01701,2023-12-16,signup,,Pro,0,15
EVT-000127,CUST-00068,2023-12-17,cancel,Pro,Cancelled,15,0
EVT-002791,CUST-01467,2023-12-17,cancel,Free,Cancelled,0,0
EVT-002978,CUST-01571,2023-12-17,signup,,Free,0,0
EVT-003061,CUST-01618,2023-12-17,signup,,Pro,0,15
EVT-003065,CUST-01620,2023-12-17,signup,,Enterprise,0,199
EVT-003100,CUST-01641,2023-12-17,signup,,Free,0,0
EVT-003106,CUST-01645,2023-12-17,signup,,Pro,0,15
EVT-003131,CUST-01660,2023-12-17,signup,,Pro,0,15
EVT-003159,CUST-01672,2023-12-17,signup,,Business,0,49
EVT-003160,CUST-01673,2023-12-17,signup,,Pro,0,15
EVT-003164,CUST-01675,2023-12-17,signup,,Free,0,0
EVT-003183,CUST-01687,2023-12-17,signup,,Free,0,0
EVT-000978,CUST-00498,2023-12-18,cancel,Enterprise,Cancelled,199,0
EVT-001363,CUST-00699,2023-12-18,cancel,Business,Cancelled,49,0
EVT-001438,CUST-00737,2023-12-18,upgrade,Free,Pro,0,15
EVT-001966,CUST-01024,2023-12-18,cancel,Free,Cancelled,0,0
EVT-001985,CUST-01034,2023-12-18,cancel,Pro,Cancelled,15,0
EVT-002474,CUST-01298,2023-12-18,cancel,Free,Cancelled,0,0
EVT-003012,CUST-01590,2023-12-18,signup,,Business,0,49
EVT-003059,CUST-01617,2023-12-18,signup,,Pro,0,15
EVT-003088,CUST-01635,2023-12-18,signup,,Free,0,0
EVT-003104,CUST-01643,2023-12-18,signup,,Pro,0,15
EVT-003117,CUST-01653,2023-12-18,signup,,Free,0,0
EVT-003141,CUST-01664,2023-12-18,signup,,Pro,0,15
EVT-003188,CUST-01691,2023-12-18,signup,,Pro,0,15
EVT-000322,CUST-00161,2023-12-19,cancel,Pro,Cancelled,15,0
EVT-001904,CUST-00988,2023-12-19,cancel,Free,Cancelled,0,0
EVT-002244,CUST-01171,2023-12-19,cancel,Free,Cancelled,0,0
EVT-002301,CUST-01205,2023-12-19,upgrade,Free,Pro,0,15
EVT-002769,CUST-01456,2023-12-19,cancel,Free,Cancelled,0,0
EVT-002937,CUST-01549,2023-12-19,upgrade,Free,Pro,0,15
EVT-002968,CUST-01566,2023-12-19,signup,,Free,0,0
EVT-002970,CUST-01567,2023-12-19,signup,,Free,0,0
EVT-002986,CUST-01575,2023-12-19,signup,,Free,0,0
EVT-003090,CUST-01636,2023-12-19,signup,,Pro,0,15
EVT-003113,CUST-01651,2023-12-19,signup,,Free,0,0
EVT-003166,CUST-01676,2023-12-19,signup,,Free,0,0
EVT-000997,CUST-00508,2023-12-20,cancel,Free,Cancelled,0,0
EVT-001265,CUST-00650,2023-12-20,upgrade,Pro,Business,15,49
EVT-002818,CUST-01481,2023-12-20,cancel,Free,Cancelled,0,0
EVT-002994,CUST-01580,2023-12-20,signup,,Pro,0,15
EVT-002998,CUST-01582,2023-12-20,signup,,Pro,0,15
EVT-003046,CUST-01609,2023-12-20,signup,,Free,0,0
EVT-003109,CUST-01648,2023-12-20,signup,,Pro,0,15
EVT-003129,CUST-01659,2023-12-20,signup,,Free,0,0
EVT-003143,CUST-01665,2023-12-20,signup,,Pro,0,15
EVT-003181,CUST-01686,2023-12-20,signup,,Pro,0,15
EVT-003216,CUST-01707,2023-12-20,signup,,Pro,0,15
EVT-000909,CUST-00465,2023-12-21,cancel,Pro,Cancelled,15,0
EVT-001589,CUST-00817,2023-12-21,cancel,Free,Cancelled,0,0
EVT-002463,CUST-01292,2023-12-21,cancel,Free,Cancelled,0,0
EVT-002730,CUST-01435,2023-12-21,cancel,Free,Cancelled,0,0
EVT-002766,CUST-01455,2023-12-21,upgrade,Free,Pro,0,15
EVT-002987,CUST-01576,2023-12-21,signup,,Pro,0,15
EVT-002991,CUST-01578,2023-12-21,signup,,Free,0,0
EVT-003041,CUST-01606,2023-12-21,signup,,Pro,0,15
EVT-003151,CUST-01669,2023-12-21,signup,,Free,0,0
EVT-003168,CUST-01677,2023-12-21,signup,,Free,0,0
EVT-003186,CUST-01689,2023-12-21,signup,,Free,0,0
EVT-000920,CUST-00470,2023-12-22,upgrade,Free,Pro,0,15
EVT-001345,CUST-00690,2023-12-22,cancel,Free,Cancelled,0,0
EVT-002411,CUST-01265,2023-12-22,cancel,Free,Cancelled,0,0
EVT-002531,CUST-01330,2023-12-22,upgrade,Free,Pro,0,15
EVT-002570,CUST-01350,2023-12-22,upgrade,Free,Pro,0,15
EVT-002702,CUST-01419,2023-12-22,cancel,Pro,Cancelled,15,0
EVT-002748,CUST-01445,2023-12-22,cancel,Pro,Cancelled,15,0
EVT-002950,CUST-01557,2023-12-22,cancel,Pro,Cancelled,15,0
EVT-002984,CUST-01574,2023-12-22,signup,,Business,0,49
EVT-003004,CUST-01585,2023-12-22,signup,,Free,0,0
EVT-003072,CUST-01624,2023-12-22,signup,,Pro,0,15
EVT-003086,CUST-01633,2023-12-22,signup,,Free,0,0
EVT-003096,CUST-01639,2023-12-22,signup,,Business,0,49
EVT-003197,CUST-01696,2023-12-22,signup,,Enterprise,0,199
EVT-000810,CUST-00414,2023-12-23,upgrade,Free,Pro,0,15
EVT-002606,CUST-01368,2023-12-23,cancel,Pro,Cancelled,15,0
EVT-002928,CUST-01544,2023-12-23,cancel,Pro,Cancelled,15,0
EVT-003013,CUST-01591,2023-12-23,signup,,Pro,0,15
EVT-003044,CUST-01608,2023-12-23,signup,,Pro,0,15
EVT-003084,CUST-01632,2023-12-23,signup,,Free,0,0
EVT-003098,CUST-01640,2023-12-23,signup,,Free,0,0
EVT-003119,CUST-01654,2023-12-23,signup,,Enterprise,0,199
EVT-000610,CUST-00312,2023-12-24,downgrade,Business,Pro,49,15
EVT-000823,CUST-00418,2023-12-24,cancel,Pro,Cancelled,15,0
EVT-001941,CUST-01009,2023-12-24,cancel,Free,Cancelled,0,0
EVT-003007,CUST-01587,2023-12-24,signup,,Pro,0,15
EVT-003009,CUST-01588,2023-12-24,signup,,Pro,0,15
EVT-003018,CUST-01594,2023-12-24,signup,,Free,0,0
EVT-003092,CUST-01637,2023-12-24,signup,,Pro,0,15
EVT-003207,CUST-01702,2023-12-24,signup,,Pro,0,15
EVT-001787,CUST-00924,2023-12-25,upgrade,Free,Pro,0,15
EVT-002191,CUST-01144,2023-12-25,downgrade,Pro,Free,15,0
EVT-002283,CUST-01193,2023-12-25,cancel,Free,Cancelled,0,0
EVT-002298,CUST-01203,2023-12-25,cancel,Pro,Cancelled,15,0
EVT-002404,CUST-01259,2023-12-25,upgrade,Pro,Business,15,49
EVT-002497,CUST-01311,2023-12-25,downgrade,Business,Pro,49,15
EVT-002538,CUST-01333,2023-12-25,upgrade,Free,Pro,0,15
EVT-003016,CUST-01593,2023-12-25,signup,,Free,0,0
EVT-003043,CUST-01607,2023-12-25,signup,,Enterprise,0,199
EVT-003057,CUST-01616,2023-12-25,signup,,Free,0,0
EVT-003115,CUST-01652,2023-12-25,signup,,Free,0,0
EVT-003125,CUST-01657,2023-12-25,signup,,Pro,0,15
EVT-003215,CUST-01706,2023-12-25,signup,,Pro,0,15
EVT-001845,CUST-00955,2023-12-26,cancel,Business,Cancelled,49,0
EVT-002021,CUST-01053,2023-12-26,cancel,Free,Cancelled,0,0
EVT-002963,CUST-01564,2023-12-26,signup,,Pro,0,15
EVT-003020,CUST-01595,2023-12-26,signup,,Enterprise,0,199
EVT-003054,CUST-01614,2023-12-26,signup,,Pro,0,15
EVT-003120,CUST-01655,2023-12-26,signup,,Free,0,0
EVT-003204,CUST-01700,2023-12-26,signup,,Business,0,49
EVT-000513,CUST-00259,2023-12-27,upgrade,Pro,Business,15,49
EVT-001322,CUST-00679,2023-12-27,cancel,Pro,Cancelled,15,0
EVT-001751,CUST-00905,2023-12-27,cancel,Free,Cancelled,0,0
EVT-002257,CUST-01178,2023-12-27,upgrade,Pro,Business,15,49
EVT-002440,CUST-01279,2023-12-27,downgrade,Pro,Free,15,0
EVT-002677,CUST-01407,2023-12-27,upgrade,Pro,Business,15,49
EVT-002685,CUST-01411,2023-12-27,upgrade,Pro,Business,15,49
EVT-002825,CUST-01485,2023-12-27,cancel,Pro,Cancelled,15,0
EVT-002877,CUST-01515,2023-12-27,cancel,Free,Cancelled,0,0
EVT-002957,CUST-01560,2023-12-27,cancel,Free,Cancelled,0,0
EVT-003063,CUST-01619,2023-12-27,signup,,Free,0,0
EVT-003068,CUST-01622,2023-12-27,signup,,Free,0,0
EVT-003083,CUST-01631,2023-12-27,signup,,Pro,0,15
EVT-003178,CUST-01684,2023-12-27,signup,,Pro,0,15
EVT-003211,CUST-01704,2023-12-27,signup,,Pro,0,15
EVT-000811,CUST-00414,2024-01-01,upgrade,Pro,Business,15,49
EVT-001739,CUST-00898,2024-01-01,cancel,Business,Cancelled,49,0
EVT-002915,CUST-01537,2024-01-01,cancel,Free,Cancelled,0,0
EVT-003114,CUST-01651,2024-01-01,cancel,Free,Cancelled,0,0
EVT-003234,CUST-01717,2024-01-01,signup,,Free,0,0
EVT-003268,CUST-01737,2024-01-01,signup,,Pro,0,15
EVT-003296,CUST-01753,2024-01-01,signup,,Free,0,0
EVT-003299,CUST-01755,2024-01-01,signup,,Pro,0,15
EVT-003314,CUST-01764,2024-01-01,signup,,Free,0,0
EVT-003327,CUST-01772,2024-01-01,signup,,Pro,0,15
EVT-003419,CUST-01826,2024-01-01,signup,,Free,0,0
EVT-003421,CUST-01827,2024-01-01,signup,,Free,0,0
EVT-003474,CUST-01859,2024-01-01,signup,,Pro,0,15
EVT-003482,CUST-01863,2024-01-01,signup,,Free,0,0
EVT-003528,CUST-01888,2024-01-01,signup,,Free,0,0
EVT-003530,CUST-01889,2024-01-01,signup,,Business,0,49
EVT-000238,CUST-00119,2024-01-02,cancel,Pro,Cancelled,15,0
EVT-000866,CUST-00441,2024-01-02,upgrade,Free,Pro,0,15
EVT-001677,CUST-00865,2024-01-02,cancel,Pro,Cancelled,15,0
EVT-002804,CUST-01473,2024-01-02,cancel,Business,Cancelled,49,0
EVT-003259,CUST-01731,2024-01-02,signup,,Free,0,0
EVT-003304,CUST-01758,2024-01-02,signup,,Pro,0,15
EVT-003343,CUST-01783,2024-01-02,signup,,Pro,0,15
EVT-003346,CUST-01785,2024-01-02,signup,,Free,0,0
EVT-003393,CUST-01811,2024-01-02,signup,,Enterprise,0,199
EVT-003494,CUST-01870,2024-01-02,signup,,Free,0,0
EVT-003511,CUST-01879,2024-01-02,signup,,Free,0,0
EVT-000210,CUST-00106,2024-01-03,upgrade,Pro,Business,15,49
EVT-000931,CUST-00475,2024-01-03,cancel,Pro,Cancelled,15,0
EVT-003208,CUST-01702,2024-01-03,cancel,Pro,Cancelled,15,0
EVT-003412,CUST-01822,2024-01-03,signup,,Free,0,0
EVT-003433,CUST-01834,2024-01-03,signup,,Pro,0,15
EVT-003445,CUST-01842,2024-01-03,signup,,Free,0,0
EVT-003478,CUST-01861,2024-01-03,signup,,Business,0,49
EVT-001154,CUST-00590,2024-01-04,cancel,Free,Cancelled,0,0
EVT-002798,CUST-01470,2024-01-04,cancel,Pro,Cancelled,15,0
EVT-002883,CUST-01518,2024-01-04,cancel,Free,Cancelled,0,0
EVT-002911,CUST-01535,2024-01-04,upgrade,Free,Pro,0,15
EVT-002995,CUST-01580,2024-01-04,cancel,Pro,Cancelled,15,0
EVT-003102,CUST-01642,2024-01-04,upgrade,Free,Pro,0,15
EVT-003148,CUST-01667,2024-01-04,cancel,Free,Cancelled,0,0
EVT-003263,CUST-01733,2024-01-04,signup,,Pro,0,15
EVT-003276,CUST-01742,2024-01-04,signup,,Free,0,0
EVT-003311,CUST-01762,2024-01-04,signup,,Pro,0,15
EVT-003326,CUST-01771,2024-01-04,signup,,Free,0,0
EVT-003360,CUST-01791,2024-01-04,signup,,Free,0,0
EVT-003396,CUST-01813,2024-01-04,signup,,Pro,0,15
EVT-003444,CUST-01841,2024-01-04,signup,,Enterprise,0,199
EVT-003504,CUST-01876,2024-01-04,signup,,Free,0,0
EVT-003520,CUST-01884,2024-01-04,signup,,Business,0,49
EVT-003534,CUST-01892,2024-01-04,signup,,Pro,0,15
EVT-001328,CUST-00682,2024-01-05,cancel,Pro,Cancelled,15,0
EVT-001444,CUST-00740,2024-01-05,cancel,Business,Cancelled,49,0
EVT-002255,CUST-01177,2024-01-05,cancel,Free,Cancelled,0,0
EVT-002708,CUST-01422,2024-01-05,cancel,Free,Cancelled,0,0
EVT-002722,CUST-01430,2024-01-05,cancel,Free,Cancelled,0,0
EVT-002850,CUST-01498,2024-01-05,cancel,Free,Cancelled,0,0
EVT-002921,CUST-01540,2024-01-05,cancel,Pro,Cancelled,15,0
EVT-002940,CUST-01550,2024-01-05,cancel,Free,Cancelled,0,0
EVT-003150,CUST-01668,2024-01-05,upgrade,Free,Pro,0,15
EVT-003251,CUST-01726,2024-01-05,signup,,Pro,0,15
EVT-003278,CUST-01743,2024-01-05,signup,,Free,0,0
EVT-003317,CUST-01766,2024-01-05,signup,,Pro,0,15
EVT-003406,CUST-01818,2024-01-05,signup,,Pro,0,15
EVT-003441,CUST-01839,2024-01-05,signup,,Free,0,0
EVT-003496,CUST-01871,2024-01-05,signup,,Enterprise,0,199
EVT-003499,CUST-01873,2024-01-05,signup,,Pro,0,15
EVT-000617,CUST-00315,2024-01-06,cancel,Pro,Cancelled,15,0
EVT-002992,CUST-01578,2024-01-06,cancel,Free,Cancelled,0,0
EVT-003324,CUST-01770,2024-01-06,signup,,Free,0,0
EVT-003331,CUST-01774,2024-01-06,signup,,Pro,0,15
EVT-003338,CUST-01779,2024-01-06,signup,,Business,0,49
EVT-003362,CUST-01793,2024-01-06,signup,,Free,0,0
EVT-003432,CUST-01833,2024-01-06,signup,,Enterprise,0,199
EVT-003438,CUST-01837,2024-01-06,signup,,Free,0,0
EVT-003463,CUST-01852,2024-01-06,signup,,Business,0,49
EVT-003484,CUST-01864,2024-01-06,signup,,Pro,0,15
EVT-003515,CUST-01881,2024-01-06,signup,,Enterprise,0,199
EVT-000038,CUST-00020,2024-01-07,cancel,Business,Cancelled,49,0
EVT-000570,CUST-00291,2024-01-07,cancel,Free,Cancelled,0,0
EVT-002287,CUST-01196,2024-01-07,downgrade,Business,Pro,49,15
EVT-002658,CUST-01396,2024-01-07,cancel,Free,Cancelled,0,0
EVT-002813,CUST-01478,2024-01-07,cancel,Free,Cancelled,0,0
EVT-003224,CUST-01711,2024-01-07,signup,,Free,0,0
EVT-003243,CUST-01722,2024-01-07,signup,,Pro,0,15
EVT-003267,CUST-01736,2024-01-07,signup,,Free,0,0
EVT-003531,CUST-01890,2024-01-07,signup,,Free,0,0
EVT-001876,CUST-00974,2024-01-08,cancel,Free,Cancelled,0,0
EVT-001889,CUST-00980,2024-01-08,cancel,Free,Cancelled,0,0
EVT-002206,CUST-01152,2024-01-08,cancel,Free,Cancelled,0,0
EVT-002441,CUST-01279,2024-01-08,cancel,Free,Cancelled,0,0
EVT-002830,CUST-01488,2024-01-08,upgrade,Free,Pro,0,15
EVT-003227,CUST-01713,2024-01-08,signup,,Free,0,0
EVT-003269,CUST-01738,2024-01-08,signup,,Business,0,49
EVT-003336,CUST-01777,2024-01-08,signup,,Business,0,49
EVT-003384,CUST-01806,2024-01-08,signup,,Business,0,49
EVT-003402,CUST-01816,2024-01-08,signup,,Pro,0,15
EVT-003473,CUST-01858,2024-01-08,signup,,Pro,0,15
EVT-002251,CUST-01175,2024-01-09,cancel,Pro,Cancelled,15,0
EVT-002445,CUST-01281,2024-01-09,cancel,Free,Cancelled,0,0
EVT-003130,CUST-01659,2024-01-09,cancel,Free,Cancelled,0,0
EVT-003306,CUST-01759,2024-01-09,signup,,Free,0,0
EVT-003380,CUST-01803,2024-01-09,signup,,Business,0,49
EVT-003409,CUST-01820,2024-01-09,signup,,Pro,0,15
EVT-003426,CUST-01829,2024-01-09,signup,,Pro,0,15
EVT-003454,CUST-01847,2024-01-09,signup,,Pro,0,15
EVT-003480,CUST-01862,2024-01-09,signup,,Pro,0,15
EVT-003516,CUST-01882,2024-01-09,signup,,Pro,0,15
EVT-000835,CUST-00425,2024-01-10,cancel,Free,Cancelled,0,0
EVT-001458,CUST-00748,2024-01-10,cancel,Pro,Cancelled,15,0
EVT-002273,CUST-01186,2024-01-10,cancel,Free,Cancelled,0,0
EVT-002390,CUST-01251,2024-01-10,cancel,Business,Cancelled,49,0
EVT-003036,CUST-01602,2024-01-10,downgrade,Business,Pro,49,15
EVT-003229,CUST-01714,2024-01-10,signup,,Business,0,49
EVT-003255,CUST-01729,2024-01-10,signup,,Free,0,0
EVT-003257,CUST-01730,2024-01-10,signup,,Free,0,0
EVT-003383,CUST-01805,2024-01-10,signup,,Business,0,49
EVT-003394,CUST-01812,2024-01-10,signup,,Free,0,0
EVT-003414,CUST-01823,2024-01-10,signup,,Business,0,49
EVT-003466,CUST-01854,2024-01-10,signup,,Free,0,0
EVT-001307,CUST-00672,2024-01-11,cancel,Pro,Cancelled,15,0
EVT-001574,CUST-00808,2024-01-11,upgrade,Pro,Business,15,49
EVT-002930,CUST-01545,2024-01-11,cancel,Free,Cancelled,0,0
EVT-002979,CUST-01571,2024-01-11,cancel,Free,Cancelled,0,0
EVT-003056,CUST-01615,2024-01-11,cancel,Free,Cancelled,0,0
EVT-003226,CUST-01712,2024-01-11,signup,,Business,0,49
EVT-003230,CUST-01715,2024-01-11,signup,,Free,0,0
EVT-003236,CUST-01718,2024-01-11,signup,,Free,0,0
EVT-003316,CUST-01765,2024-01-11,signup,,Business,0,49
EVT-003375,CUST-01800,2024-01-11,signup,,Free,0,0
EVT-003381,CUST-01804,2024-01-11,signup,,Free,0,0
EVT-003387,CUST-01808,2024-01-11,signup,,Pro,0,15
EVT-003400,CUST-01815,2024-01-11,signup,,Pro,0,15
EVT-003500,CUST-01874,2024-01-11,signup,,Free,0,0
EVT-003507,CUST-01877,2024-01-11,signup,,Free,0,0
EVT-003539,CUST-01896,2024-01-11,signup,,Free,0,0
EVT-001057,CUST-00541,2024-01-12,cancel,Free,Cancelled,0,0
EVT-001455,CUST-00746,2024-01-12,cancel,Pro,Cancelled,15,0
EVT-002741,CUST-01440,2024-01-12,cancel,Free,Cancelled,0,0
EVT-003161,CUST-01673,2024-01-12,cancel,Pro,Cancelled,15,0
EVT-003275,CUST-01741,2024-01-12,signup,,Pro,0,15
EVT-003302,CUST-01757,2024-01-12,signup,,Free,0,0
EVT-003471,CUST-01856,2024-01-12,signup,,Pro,0,15
EVT-003535,CUST-01893,2024-01-12,signup,,Business,0,49
EVT-001108,CUST-00566,2024-01-13,cancel,Business,Cancelled,49,0
EVT-002177,CUST-01137,2024-01-13,cancel,Free,Cancelled,0,0
EVT-003271,CUST-01739,2024-01-13,signup,,Business,0,49
EVT-003273,CUST-01740,2024-01-13,signup,,Pro,0,15
EVT-003337,CUST-01778,2024-01-13,signup,,Pro,0,15
EVT-003342,CUST-01782,2024-01-13,signup,,Free,0,0
EVT-003436,CUST-01836,2024-01-13,signup,,Free,0,0
EVT-003452,CUST-01846,2024-01-13,signup,,Pro,0,15
EVT-000953,CUST-00486,2024-01-14,cancel,Free,Cancelled,0,0
EVT-001181,CUST-00606,2024-01-14,cancel,Pro,Cancelled,15,0
EVT-002364,CUST-01238,2024-01-14,cancel,Business,Cancelled,49,0
EVT-002415,CUST-01267,2024-01-14,cancel,Free,Cancelled,0,0
EVT-003051,CUST-01611,2024-01-14,cancel,Pro,Cancelled,15,0
EVT-003073,CUST-01624,2024-01-14,cancel,Pro,Cancelled,15,0
EVT-003309,CUST-01761,2024-01-14,signup,,Free,0,0
EVT-003334,CUST-01776,2024-01-14,signup,,Free,0,0
EVT-003389,CUST-01809,2024-01-14,signup,,Business,0,49
EVT-003428,CUST-01831,2024-01-14,signup,,Free,0,0
EVT-003459,CUST-01850,2024-01-14,signup,,Free,0,0
EVT-000027,CUST-00014,2024-01-15,cancel,Pro,Cancelled,15,0
EVT-000568,CUST-00290,2024-01-15,cancel,Pro,Cancelled,15,0
EVT-001882,CUST-00977,2024-01-15,cancel,Pro,Cancelled,15,0
EVT-002437,CUST-01278,2024-01-15,upgrade,Free,Pro,0,15
EVT-003082,CUST-01630,2024-01-15,upgrade,Free,Pro,0,15
EVT-003180,CUST-01685,2024-01-15,cancel,Pro,Cancelled,15,0
EVT-003241,CUST-01721,2024-01-15,signup,,Free,0,0
EVT-003307,CUST-01760,2024-01-15,signup,,Free,0,0
EVT-003340,CUST-01780,2024-01-15,signup,,Pro,0,15
EVT-003344,CUST-01784,2024-01-15,signup,,Pro,0,15
EVT-003373,CUST-01798,2024-01-15,signup,,Pro,0,15
EVT-003391,CUST-01810,2024-01-15,signup,,Free,0,0
EVT-003427,CUST-01830,2024-01-15,signup,,Business,0,49
EVT-003469,CUST-01855,2024-01-15,signup,,Free,0,0
EVT-003489,CUST-01867,2024-01-15,signup,,Pro,0,15
EVT-003509,CUST-01878,2024-01-15,signup,,Pro,0,15
EVT-002015,CUST-01050,2024-01-16,cancel,Free,Cancelled,0,0
EVT-002330,CUST-01220,2024-01-16,upgrade,Free,Pro,0,15
EVT-003144,CUST-01665,2024-01-16,upgrade,Pro,Business,15,49
EVT-003232,CUST-01716,2024-01-16,signup,,Pro,0,15
EVT-003253,CUST-01727,2024-01-16,signup,,Free,0,0
EVT-003291,CUST-01750,2024-01-16,signup,,Free,0,0
EVT-000125,CUST-00067,2024-01-17,cancel,Pro,Cancelled,15,0
EVT-000141,CUST-00074,2024-01-17,downgrade,Business,Pro,49,15
EVT-001832,CUST-00948,2024-01-17,upgrade,Free,Pro,0,15
EVT-002470,CUST-01296,2024-01-17,upgrade,Free,Pro,0,15
EVT-002566,CUST-01348,2024-01-17,upgrade,Pro,Business,15,49
EVT-002706,CUST-01421,2024-01-17,cancel,Free,Cancelled,0,0
EVT-003080,CUST-01629,2024-01-17,cancel,Pro,Cancelled,15,0
EVT-003341,CUST-01781,2024-01-17,signup,,Pro,0,15
EVT-003376,CUST-01801,2024-01-17,signup,,Free,0,0
EVT-003464,CUST-01853,2024-01-17,signup,,Free,0,0
EVT-003488,CUST-01866,2024-01-17,signup,,Business,0,49
EVT-001313,CUST-00675,2024-01-18,cancel,Pro,Cancelled,15,0
EVT-001778,CUST-00919,2024-01-18,cancel,Free,Cancelled,0,0
EVT-001933,CUST-01005,2024-01-18,cancel,Enterprise,Cancelled,199,0
EVT-002561,CUST-01345,2024-01-18,upgrade,Pro,Business,15,49
EVT-002688,CUST-01412,2024-01-18,cancel,Pro,Cancelled,15,0
EVT-003223,CUST-01710,2024-01-18,signup,,Enterprise,0,199
EVT-003239,CUST-01720,2024-01-18,signup,,Free,0,0
EVT-003261,CUST-01732,2024-01-18,signup,,Free,0,0
EVT-003356,CUST-01789,2024-01-18,signup,,Enterprise,0,199
EVT-003371,CUST-01797,2024-01-18,signup,,Pro,0,15
EVT-003451,CUST-01845,2024-01-18,signup,,Free,0,0
EVT-000267,CUST-00133,2024-01-19,cancel,Free,Cancelled,0,0
EVT-001368,CUST-00702,2024-01-19,upgrade,Pro,Business,15,49
EVT-002126,CUST-01110,2024-01-19,upgrade,Pro,Business,15,49
EVT-002258,CUST-01178,2024-01-19,cancel,Business,Cancelled,49,0
EVT-002270,CUST-01184,2024-01-19,cancel,Pro,Cancelled,15,0
EVT-002590,CUST-01360,2024-01-19,cancel,Free,Cancelled,0,0
EVT-002759,CUST-01451,2024-01-19,cancel,Pro,Cancelled,15,0
EVT-003205,CUST-01700,2024-01-19,cancel,Business,Cancelled,49,0
EVT-003254,CUST-01728,2024-01-19,signup,,Business,0,49
EVT-003264,CUST-01734,2024-01-19,signup,,Business,0,49
EVT-003312,CUST-01763,2024-01-19,signup,,Pro,0,15
EVT-003492,CUST-01869,2024-01-19,signup,,Free,0,0
EVT-002548,CUST-01337,2024-01-20,cancel,Pro,Cancelled,15,0
EVT-002647,CUST-01389,2024-01-20,upgrade,Pro,Business,15,49
EVT-002820,CUST-01482,2024-01-20,cancel,Free,Cancelled,0,0
EVT-002985,CUST-01574,2024-01-20,cancel,Business,Cancelled,49,0
EVT-002990,CUST-01577,2024-01-20,cancel,Free,Cancelled,0,0
EVT-003282,CUST-01745,2024-01-20,signup,,Business,0,49
EVT-003284,CUST-01746,2024-01-20,signup,,Free,0,0
EVT-003286,CUST-01747,2024-01-20,signup,,Pro,0,15
EVT-003295,CUST-01752,2024-01-20,signup,,Business,0,49
EVT-003298,CUST-01754,2024-01-20,signup,,Pro,0,15
EVT-003321,CUST-01769,2024-01-20,signup,,Free,0,0
EVT-003354,CUST-01788,2024-01-20,signup,,Free,0,0
EVT-003357,CUST-01790,2024-01-20,signup,,Pro,0,15
EVT-003449,CUST-01844,2024-01-20,signup,,Pro,0,15
EVT-003486,CUST-01865,2024-01-20,signup,,Free,0,0
EVT-003490,CUST-01868,2024-01-20,signup,,Free,0,0
EVT-000016,CUST-00008,2024-01-21,cancel,Pro,Cancelled,15,0
EVT-000434,CUST-00218,2024-01-21,cancel,Pro,Cancelled,15,0
EVT-001643,CUST-00846,2024-01-21,cancel,Pro,Cancelled,15,0
EVT-001908,CUST-00990,2024-01-21,cancel,Free,Cancelled,0,0
EVT-002084,CUST-01084,2024-01-21,cancel,Pro,Cancelled,15,0
EVT-002395,CUST-01254,2024-01-21,cancel,Pro,Cancelled,15,0
EVT-003249,CUST-01725,2024-01-21,signup,,Free,0,0
EVT-003280,CUST-01744,2024-01-21,signup,,Free,0,0
EVT-003404,CUST-01817,2024-01-21,signup,,Pro,0,15
EVT-003440,CUST-01838,2024-01-21,signup,,Free,0,0
EVT-001693,CUST-00874,2024-01-22,cancel,Business,Cancelled,49,0
EVT-001733,CUST-00895,2024-01-22,cancel,Pro,Cancelled,15,0
EVT-002189,CUST-01143,2024-01-22,cancel,Free,Cancelled,0,0
EVT-002218,CUST-01158,2024-01-22,downgrade,Pro,Free,15,0
EVT-002592,CUST-01361,2024-01-22,cancel,Pro,Cancelled,15,0
EVT-003247,CUST-01724,2024-01-22,signup,,Pro,0,15
EVT-003288,CUST-01748,2024-01-22,signup,,Business,0,49
EVT-003293,CUST-01751,2024-01-22,signup,,Free,0,0
EVT-003318,CUST-01767,2024-01-22,signup,,Pro,0,15
EVT-003332,CUST-01775,2024-01-22,signup,,Free,0,0
EVT-003361,CUST-01792,2024-01-22,signup,,Pro,0,15
EVT-003374,CUST-01799,2024-01-22,signup,,Pro,0,15
EVT-003408,CUST-01819,2024-01-22,signup,,Free,0,0
EVT-003417,CUST-01825,2024-01-22,signup,,Free,0,0
EVT-003457,CUST-01849,2024-01-22,signup,,Pro,0,15
EVT-003497,CUST-01872,2024-01-22,signup,,Free,0,0
EVT-003532,CUST-01891,2024-01-22,signup,,Pro,0,15
EVT-000683,CUST-00349,2024-01-23,cancel,Pro,Cancelled,15,0
EVT-001556,CUST-00800,2024-01-23,upgrade,Pro,Business,15,49
EVT-001835,CUST-00949,2024-01-23,cancel,Free,Cancelled,0,0
EVT-001983,CUST-01033,2024-01-23,cancel,Pro,Cancelled,15,0
EVT-002296,CUST-01202,2024-01-23,cancel,Free,Cancelled,0,0
EVT-002743,CUST-01441,2024-01-23,cancel,Free,Cancelled,0,0
EVT-003099,CUST-01640,2024-01-23,cancel,Free,Cancelled,0,0
EVT-003163,CUST-01674,2024-01-23,cancel,Free,Cancelled,0,0
EVT-003320,CUST-01768,2024-01-23,signup,,Enterprise,0,199
EVT-003366,CUST-01794,2024-01-23,signup,,Pro,0,15
EVT-003411,CUST-01821,2024-01-23,signup,,Pro,0,15
EVT-003435,CUST-01835,2024-01-23,signup,,Pro,0,15
EVT-003443,CUST-01840,2024-01-23,signup,,Enterprise,0,199
EVT-003536,CUST-01894,2024-01-23,signup,,Free,0,0
EVT-002602,CUST-01366,2024-01-24,cancel,Pro,Cancelled,15,0
EVT-002802,CUST-01472,2024-01-24,cancel,Free,Cancelled,0,0
EVT-003019,CUST-01594,2024-01-24,cancel,Free,Cancelled,0,0
EVT-003378,CUST-01802,2024-01-24,signup,,Free,0,0
EVT-003385,CUST-01807,2024-01-24,signup,,Pro,0,15
EVT-003423,CUST-01828,2024-01-24,signup,,Free,0,0
EVT-003513,CUST-01880,2024-01-24,signup,,Business,0,49
EVT-003521,CUST-01885,2024-01-24,signup,,Free,0,0
EVT-003538,CUST-01895,2024-01-24,signup,,Business,0,49
EVT-000031,CUST-00017,2024-01-25,upgrade,Free,Pro,0,15
EVT-003118,CUST-01653,2024-01-25,cancel,Free,Cancelled,0,0
EVT-003265,CUST-01735,2024-01-25,signup,,Free,0,0
EVT-003300,CUST-01756,2024-01-25,signup,,Free,0,0
EVT-003348,CUST-01786,2024-01-25,signup,,Free,0,0
EVT-003352,CUST-01787,2024-01-25,signup,,Free,0,0
EVT-003370,CUST-01796,2024-01-25,signup,,Pro,0,15
EVT-003448,CUST-01843,2024-01-25,signup,,Pro,0,15
EVT-003461,CUST-01851,2024-01-25,signup,,Pro,0,15
EVT-003472,CUST-01857,2024-01-25,signup,,Pro,0,15
EVT-003518,CUST-01883,2024-01-25,signup,,Free,0,0
EVT-003523,CUST-01886,2024-01-25,signup,,Free,0,0
EVT-001594,CUST-00820,2024-01-26,cancel,Pro,Cancelled,15,0
EVT-001620,CUST-00834,2024-01-26,cancel,Pro,Cancelled,15,0
EVT-002417,CUST-01268,2024-01-26,cancel,Pro,Cancelled,15,0
EVT-003238,CUST-01719,2024-01-26,signup,,Pro,0,15
EVT-003245,CUST-01723,2024-01-26,signup,,Business,0,49
EVT-003290,CUST-01749,2024-01-26,signup,,Pro,0,15
EVT-003398,CUST-01814,2024-01-26,signup,,Free,0,0
EVT-003415,CUST-01824,2024-01-26,signup,,Free,0,0
EVT-003430,CUST-01832,2024-01-26,signup,,Pro,0,15
EVT-003455,CUST-01848,2024-01-26,signup,,Free,0,0
EVT-003477,CUST-01860,2024-01-26,signup,,Free,0,0
EVT-003502,CUST-01875,2024-01-26,signup,,Pro,0,15
EVT-003526,CUST-01887,2024-01-26,signup,,Business,0,49
EVT-002664,CUST-01399,2024-01-27,cancel,Free,Cancelled,0,0
EVT-002775,CUST-01459,2024-01-27,cancel,Free,Cancelled,0,0
EVT-002785,CUST-01464,2024-01-27,cancel,Free,Cancelled,0,0
EVT-002836,CUST-01491,2024-01-27,cancel,Pro,Cancelled,15,0
EVT-003329,CUST-01773,2024-01-27,signup,,Pro,0,15
EVT-003368,CUST-01795,2024-01-27,signup,,Free,0,0
EVT-003540,CUST-01897,2024-01-27,signup,,Pro,0,15
EVT-001805,CUST-00932,2024-02-01,cancel,Free,Cancelled,0,0
EVT-002493,CUST-01309,2024-02-01,cancel,Free,Cancelled,0,0
EVT-003401,CUST-01815,2024-02-01,cancel,Pro,Cancelled,15,0
EVT-003410,CUST-01820,2024-02-01,cancel,Pro,Cancelled,15,0
EVT-003554,CUST-01905,2024-02-01,signup,,Pro,0,15
EVT-003630,CUST-01953,2024-02-01,signup,,Pro,0,15
EVT-003736,CUST-02015,2024-02-01,signup,,Free,0,0
EVT-003796,CUST-02046,2024-02-01,signup,,Business,0,49
EVT-003810,CUST-02055,2024-02-01,signup,,Free,0,0
EVT-003870,CUST-02092,2024-02-01,signup,,Pro,0,15
EVT-003894,CUST-02106,2024-02-01,signup,,Pro,0,15
EVT-003911,CUST-02115,2024-02-01,signup,,Pro,0,15
EVT-000191,CUST-00097,2024-02-02,upgrade,Pro,Business,15,49
EVT-001951,CUST-01016,2024-02-02,downgrade,Business,Pro,49,15
EVT-002750,CUST-01446,2024-02-02,upgrade,Pro,Business,15,49
EVT-003548,CUST-01902,2024-02-02,signup,,Pro,0,15
EVT-003568,CUST-01914,2024-02-02,signup,,Pro,0,15
EVT-003605,CUST-01938,2024-02-02,signup,,Business,0,49
EVT-003698,CUST-01994,2024-02-02,signup,,Free,0,0
EVT-003745,CUST-02020,2024-02-02,signup,,Pro,0,15
EVT-000211,CUST-00106,2024-02-03,cancel,Business,Cancelled,49,0
EVT-002536,CUST-01332,2024-02-03,cancel,Free,Cancelled,0,0
EVT-003217,CUST-01707,2024-02-03,cancel,Pro,Cancelled,15,0
EVT-003355,CUST-01788,2024-02-03,cancel,Free,Cancelled,0,0
EVT-003460,CUST-01850,2024-02-03,cancel,Free,Cancelled,0,0
EVT-003555,CUST-01906,2024-02-03,signup,,Free,0,0
EVT-003643,CUST-01961,2024-02-03,signup,,Free,0,0
EVT-003669,CUST-01978,2024-02-03,signup,,Free,0,0
EVT-003704,CUST-01998,2024-02-03,signup,,Free,0,0
EVT-003789,CUST-02043,2024-02-03,signup,,Free,0,0
EVT-003816,CUST-02059,2024-02-03,signup,,Free,0,0
EVT-003862,CUST-02088,2024-02-03,signup,,Pro,0,15
EVT-003882,CUST-02100,2024-02-03,signup,,Business,0,49
EVT-000967,CUST-00493,2024-02-04,cancel,Free,Cancelled,0,0
EVT-001874,CUST-00973,2024-02-04,cancel,Pro,Cancelled,15,0
EVT-001899,CUST-00985,2024-02-04,cancel,Free,Cancelled,0,0
EVT-002533,CUST-01331,2024-02-04,upgrade,Free,Pro,0,15
EVT-002616,CUST-01372,2024-02-04,upgrade,Free,Pro,0,15
EVT-002889,CUST-01521,2024-02-04,downgrade,Pro,Free,15,0
EVT-003062,CUST-01618,2024-02-04,downgrade,Pro,Free,15,0
EVT-003388,CUST-01808,2024-02-04,cancel,Pro,Cancelled,15,0
EVT-003601,CUST-01935,2024-02-04,signup,,Free,0,0
EVT-003619,CUST-01947,2024-02-04,signup,,Free,0,0
EVT-003660,CUST-01971,2024-02-04,signup,,Free,0,0
EVT-003768,CUST-02032,2024-02-04,signup,,Free,0,0
EVT-003802,CUST-02050,2024-02-04,signup,,Free,0,0
EVT-003824,CUST-02064,2024-02-04,signup,,Pro,0,15
EVT-003926,CUST-02123,2024-02-04,signup,,Business,0,49
EVT-003933,CUST-02127,2024-02-04,signup,,Pro,0,15
EVT-001196,CUST-00614,2024-02-05,cancel,Pro,Cancelled,15,0
EVT-002044,CUST-01064,2024-02-05,cancel,Pro,Cancelled,15,0
EVT-002604,CUST-01367,2024-02-05,upgrade,Pro,Business,15,49
EVT-003551,CUST-01904,2024-02-05,signup,,Free,0,0
EVT-003586,CUST-01926,2024-02-05,signup,,Pro,0,15
EVT-003658,CUST-01970,2024-02-05,signup,,Pro,0,15
EVT-003676,CUST-01982,2024-02-05,signup,,Business,0,49
EVT-003753,CUST-02024,2024-02-05,signup,,Free,0,0
EVT-003764,CUST-02030,2024-02-05,signup,,Free,0,0
EVT-003829,CUST-02068,2024-02-05,signup,,Business,0,49
EVT-003851,CUST-02082,2024-02-05,signup,,Pro,0,15
EVT-003881,CUST-02099,2024-02-05,signup,,Business,0,49
EVT-000040,CUST-00021,2024-02-06,cancel,Free,Cancelled,0,0
EVT-001032,CUST-00526,2024-02-06,cancel,Free,Cancelled,0,0
EVT-001239,CUST-00636,2024-02-06,cancel,Free,Cancelled,0,0
EVT-001301,CUST-00670,2024-02-06,upgrade,Free,Pro,0,15
EVT-001404,CUST-00721,2024-02-06,cancel,Pro,Cancelled,15,0
EVT-003588,CUST-01927,2024-02-06,signup,,Pro,0,15
EVT-003634,CUST-01955,2024-02-06,signup,,Free,0,0
EVT-003665,CUST-01975,2024-02-06,signup,,Enterprise,0,199
EVT-003734,CUST-02014,2024-02-06,signup,,Free,0,0
EVT-003801,CUST-02049,2024-02-06,signup,,Pro,0,15
EVT-003806,CUST-02053,2024-02-06,signup,,Free,0,0
EVT-003826,CUST-02066,2024-02-06,signup,,Pro,0,15
EVT-003592,CUST-01930,2024-02-07,signup,,Pro,0,15
EVT-003599,CUST-01934,2024-02-07,signup,,Pro,0,15
EVT-003664,CUST-01974,2024-02-07,signup,,Enterprise,0,199
EVT-003697,CUST-01993,2024-02-07,signup,,Pro,0,15
EVT-003703,CUST-01997,2024-02-07,signup,,Pro,0,15
EVT-003710,CUST-02001,2024-02-07,signup,,Pro,0,15
EVT-003755,CUST-02025,2024-02-07,signup,,Business,0,49
EVT-003772,CUST-02034,2024-02-07,signup,,Free,0,0
EVT-003934,CUST-02128,2024-02-07,signup,,Business,0,49
EVT-003947,CUST-02136,2024-02-07,signup,,Free,0,0
EVT-002324,CUST-01217,2024-02-08,cancel,Pro,Cancelled,15,0
EVT-003094,CUST-01638,2024-02-08,upgrade,Pro,Business,15,49
EVT-003214,CUST-01705,2024-02-08,cancel,Free,Cancelled,0,0
EVT-003322,CUST-01769,2024-02-08,upgrade,Free,Pro,0,15
EVT-003584,CUST-01925,2024-02-08,signup,,Free,0,0
EVT-003594,CUST-01931,2024-02-08,signup,,Pro,0,15
EVT-003623,CUST-01949,2024-02-08,signup,,Pro,0,15
EVT-003671,CUST-01979,2024-02-08,signup,,Free,0,0
EVT-003682,CUST-01985,2024-02-08,signup,,Pro,0,15
EVT-003700,CUST-01995,2024-02-08,signup,,Pro,0,15
EVT-003751,CUST-02023,2024-02-08,signup,,Free,0,0
EVT-003858,CUST-02086,2024-02-08,signup,,Free,0,0
EVT-000514,CUST-00259,2024-02-09,cancel,Business,Cancelled,49,0
EVT-000634,CUST-00324,2024-02-09,cancel,Pro,Cancelled,15,0
EVT-002528,CUST-01328,2024-02-09,cancel,Free,Cancelled,0,0
EVT-003559,CUST-01909,2024-02-09,signup,,Free,0,0
EVT-003804,CUST-02052,2024-02-09,signup,,Business,0,49
EVT-003842,CUST-02076,2024-02-09,signup,,Pro,0,15
EVT-003935,CUST-02129,2024-02-09,signup,,Free,0,0
EVT-003944,CUST-02135,2024-02-09,signup,,Free,0,0
EVT-000911,CUST-00466,2024-02-10,upgrade,Pro,Business,15,49
EVT-001592,CUST-00819,2024-02-10,downgrade,Business,Pro,49,15
EVT-001901,CUST-00986,2024-02-10,cancel,Pro,Cancelled,15,0
EVT-002423,CUST-01271,2024-02-10,cancel,Pro,Cancelled,15,0
EVT-003047,CUST-01609,2024-02-10,cancel,Free,Cancelled,0,0
EVT-003049,CUST-01610,2024-02-10,cancel,Free,Cancelled,0,0
EVT-003358,CUST-01790,2024-02-10,upgrade,Pro,Business,15,49
EVT-003562,CUST-01910,2024-02-10,signup,,Pro,0,15
EVT-003569,CUST-01915,2024-02-10,signup,,Business,0,49
EVT-003574,CUST-01918,2024-02-10,signup,,Pro,0,15
EVT-003691,CUST-01990,2024-02-10,signup,,Free,0,0
EVT-003701,CUST-01996,2024-02-10,signup,,Free,0,0
EVT-003774,CUST-02035,2024-02-10,signup,,Pro,0,15
EVT-003780,CUST-02038,2024-02-10,signup,,Free,0,0
EVT-003798,CUST-02048,2024-02-10,signup,,Free,0,0
EVT-003834,CUST-02071,2024-02-10,signup,,Free,0,0
EVT-003924,CUST-02122,2024-02-10,signup,,Free,0,0
EVT-002019,CUST-01052,2024-02-11,cancel,Free,Cancelled,0,0
EVT-002042,CUST-01063,2024-02-11,downgrade,Business,Pro,49,15
EVT-002237,CUST-01167,2024-02-11,cancel,Free,Cancelled,0,0
EVT-002545,CUST-01336,2024-02-11,upgrade,Pro,Business,15,49
EVT-002908,CUST-01533,2024-02-11,cancel,Free,Cancelled,0,0
EVT-003270,CUST-01738,2024-02-11,cancel,Business,Cancelled,49,0
EVT-003567,CUST-01913,2024-02-11,signup,,Free,0,0
EVT-003579,CUST-01922,2024-02-11,signup,,Free,0,0
EVT-003637,CUST-01957,2024-02-11,signup,,Free,0,0
EVT-003651,CUST-01965,2024-02-11,signup,,Enterprise,0,199
EVT-003714,CUST-02003,2024-02-11,signup,,Free,0,0
EVT-003724,CUST-02008,2024-02-11,signup,,Pro,0,15
EVT-003739,CUST-02017,2024-02-11,signup,,Free,0,0
EVT-003761,CUST-02028,2024-02-11,signup,,Pro,0,15
EVT-003766,CUST-02031,2024-02-11,signup,,Free,0,0
EVT-003784,CUST-02040,2024-02-11,signup,,Pro,0,15
EVT-003803,CUST-02051,2024-02-11,signup,,Pro,0,15
EVT-003821,CUST-02061,2024-02-11,signup,,Business,0,49
EVT-002612,CUST-01371,2024-02-12,upgrade,Free,Pro,0,15
EVT-003157,CUST-01671,2024-02-12,downgrade,Pro,Free,15,0
EVT-003483,CUST-01863,2024-02-12,cancel,Free,Cancelled,0,0
EVT-003575,CUST-01919,2024-02-12,signup,,Business,0,49
EVT-003582,CUST-01924,2024-02-12,signup,,Free,0,0
EVT-003636,CUST-01956,2024-02-12,signup,,Enterprise,0,199
EVT-003645,CUST-01962,2024-02-12,signup,,Pro,0,15
EVT-003747,CUST-02021,2024-02-12,signup,,Pro,0,15
EVT-003876,CUST-02096,2024-02-12,signup,,Free,0,0
EVT-003878,CUST-02097,2024-02-12,signup,,Pro,0,15
EVT-000202,CUST-00102,2024-02-13,cancel,Business,Cancelled,49,0
EVT-000301,CUST-00150,2024-02-13,cancel,Free,Cancelled,0,0
EVT-000416,CUST-00210,2024-02-13,upgrade,Pro,Business,15,49
EVT-001255,CUST-00644,2024-02-13,cancel,Pro,Cancelled,15,0
EVT-001474,CUST-00756,2024-02-13,cancel,Free,Cancelled,0,0
EVT-001550,CUST-00797,2024-02-13,cancel,Pro,Cancelled,15,0
EVT-003201,CUST-01698,2024-02-13,cancel,Free,Cancelled,0,0
EVT-003235,CUST-01717,2024-02-13,cancel,Free,Cancelled,0,0
EVT-003294,CUST-01751,2024-02-13,upgrade,Free,Pro,0,15
EVT-003674,CUST-01981,2024-02-13,signup,,Free,0,0
EVT-003815,CUST-02058,2024-02-13,signup,,Pro,0,15
EVT-003847,CUST-02079,2024-02-13,signup,,Pro,0,15
EVT-003893,CUST-02105,2024-02-13,signup,,Pro,0,15
EVT-001628,CUST-00838,2024-02-14,upgrade,Pro,Business,15,49
EVT-002228,CUST-01163,2024-02-14,upgrade,Pro,Business,15,49
EVT-003424,CUST-01828,2024-02-14,upgrade,Free,Pro,0,15
EVT-003604,CUST-01937,2024-02-14,signup,,Free,0,0
EVT-003726,CUST-02009,2024-02-14,signup,,Free,0,0
EVT-003830,CUST-02069,2024-02-14,signup,,Free,0,0
EVT-003841,CUST-02075,2024-02-14,signup,,Pro,0,15
EVT-003891,CUST-02104,2024-02-14,signup,,Pro,0,15
EVT-003920,CUST-02119,2024-02-14,signup,,Enterprise,0,199
EVT-003937,CUST-02130,2024-02-14,signup,,Business,0,49
EVT-000720,CUST-00367,2024-02-15,upgrade,Free,Pro,0,15
EVT-001282,CUST-00658,2024-02-15,cancel,Pro,Cancelled,15,0
EVT-001305,CUST-00671,2024-02-15,downgrade,Pro,Free,15,0
EVT-001513,CUST-00777,2024-02-15,cancel,Free,Cancelled,0,0
EVT-002107,CUST-01098,2024-02-15,cancel,Free,Cancelled,0,0
EVT-002146,CUST-01121,2024-02-15,cancel,Pro,Cancelled,15,0
EVT-002621,CUST-01375,2024-02-15,cancel,Pro,Cancelled,15,0
EVT-003437,CUST-01836,2024-02-15,cancel,Free,Cancelled,0,0
EVT-003607,CUST-01939,2024-02-15,signup,,Pro,0,15
EVT-003656,CUST-01969,2024-02-15,signup,,Pro,0,15
EVT-003662,CUST-01972,2024-02-15,signup,,Enterprise,0,199
EVT-003712,CUST-02002,2024-02-15,signup,,Free,0,0
EVT-003720,CUST-02006,2024-02-15,signup,,Pro,0,15
EVT-003836,CUST-02072,2024-02-15,signup,,Free,0,0
EVT-003848,CUST-02080,2024-02-15,signup,,Enterprise,0,199
EVT-003865,CUST-02090,2024-02-15,signup,,Business,0,49
EVT-003922,CUST-02121,2024-02-15,signup,,Business,0,49
EVT-003955,CUST-02140,2024-02-15,signup,,Free,0,0
EVT-001460,CUST-00749,2024-02-16,cancel,Free,Cancelled,0,0
EVT-001999,CUST-01042,2024-02-16,cancel,Free,Cancelled,0,0
EVT-002526,CUST-01327,2024-02-16,cancel,Free,Cancelled,0,0
EVT-003544,CUST-01899,2024-02-16,signup,,Pro,0,15
EVT-003616,CUST-01945,2024-02-16,signup,,Pro,0,15
EVT-003638,CUST-01958,2024-02-16,signup,,Pro,0,15
EVT-003640,CUST-01959,2024-02-16,signup,,Pro,0,15
EVT-003654,CUST-01967,2024-02-16,signup,,Business,0,49
EVT-003666,CUST-01976,2024-02-16,signup,,Pro,0,15
EVT-003685,CUST-01987,2024-02-16,signup,,Free,0,0
EVT-003706,CUST-01999,2024-02-16,signup,,Free,0,0
EVT-003822,CUST-02062,2024-02-16,signup,,Pro,0,15
EVT-003845,CUST-02078,2024-02-16,signup,,Pro,0,15
EVT-003916,CUST-02117,2024-02-16,signup,,Pro,0,15
EVT-003921,CUST-02120,2024-02-16,signup,,Business,0,49
EVT-000792,CUST-00403,2024-02-17,upgrade,Pro,Business,15,49
EVT-001072,CUST-00548,2024-02-17,cancel,Free,Cancelled,0,0
EVT-001309,CUST-00673,2024-02-17,cancel,Pro,Cancelled,15,0
EVT-002859,CUST-01504,2024-02-17,cancel,Pro,Cancelled,15,0
EVT-002973,CUST-01568,2024-02-17,upgrade,Pro,Business,15,49
EVT-003481,CUST-01862,2024-02-17,cancel,Pro,Cancelled,15,0
EVT-003573,CUST-01917,2024-02-17,signup,,Business,0,49
EVT-003589,CUST-01928,2024-02-17,signup,,Free,0,0
EVT-003596,CUST-01932,2024-02-17,signup,,Business,0,49
EVT-003693,CUST-01991,2024-02-17,signup,,Free,0,0
EVT-003722,CUST-02007,2024-02-17,signup,,Free,0,0
EVT-003730,CUST-02011,2024-02-17,signup,,Free,0,0
EVT-003738,CUST-02016,2024-02-17,signup,,Business,0,49
EVT-003756,CUST-02026,2024-02-17,signup,,Free,0,0
EVT-003788,CUST-02042,2024-02-17,signup,,Pro,0,15
EVT-003908,CUST-02113,2024-02-17,signup,,Enterprise,0,199
EVT-003914,CUST-02116,2024-02-17,signup,,Pro,0,15
EVT-003957,CUST-02141,2024-02-17,signup,,Free,0,0
EVT-001935,CUST-01006,2024-02-18,upgrade,Free,Pro,0,15
EVT-002392,CUST-01252,2024-02-18,cancel,Pro,Cancelled,15,0
EVT-002969,CUST-01566,2024-02-18,cancel,Free,Cancelled,0,0
EVT-003085,CUST-01632,2024-02-18,upgrade,Free,Pro,0,15
EVT-003510,CUST-01878,2024-02-18,cancel,Pro,Cancelled,15,0
EVT-003556,CUST-01907,2024-02-18,signup,,Pro,0,15
EVT-003571,CUST-01916,2024-02-18,signup,,Pro,0,15
EVT-003838,CUST-02073,2024-02-18,signup,,Free,0,0
EVT-003863,CUST-02089,2024-02-18,signup,,Free,0,0
EVT-003884,CUST-02101,2024-02-18,signup,,Business,0,49
EVT-003886,CUST-02102,2024-02-18,signup,,Pro,0,15
EVT-003889,CUST-02103,2024-02-18,signup,,Pro,0,15
EVT-003930,CUST-02125,2024-02-18,signup,,Enterprise,0,199
EVT-003940,CUST-02132,2024-02-18,signup,,Pro,0,15
EVT-001538,CUST-00790,2024-02-19,cancel,Business,Cancelled,49,0
EVT-001698,CUST-00876,2024-02-19,cancel,Pro,Cancelled,15,0
EVT-002075,CUST-01080,2024-02-19,downgrade,Pro,Free,15,0
EVT-002507,CUST-01316,2024-02-19,cancel,Free,Cancelled,0,0
EVT-003184,CUST-01687,2024-02-19,cancel,Free,Cancelled,0,0
EVT-003199,CUST-01697,2024-02-19,upgrade,Free,Pro,0,15
EVT-003248,CUST-01724,2024-02-19,cancel,Pro,Cancelled,15,0
EVT-003308,CUST-01760,2024-02-19,cancel,Free,Cancelled,0,0
EVT-003542,CUST-01898,2024-02-19,signup,,Free,0,0
EVT-003590,CUST-01929,2024-02-19,signup,,Free,0,0
EVT-003624,CUST-01950,2024-02-19,signup,,Free,0,0
EVT-003652,CUST-01966,2024-02-19,signup,,Pro,0,15
EVT-003678,CUST-01983,2024-02-19,signup,,Pro,0,15
EVT-003743,CUST-02019,2024-02-19,signup,,Free,0,0
EVT-003770,CUST-02033,2024-02-19,signup,,Pro,0,15
EVT-003797,CUST-02047,2024-02-19,signup,,Pro,0,15
EVT-003813,CUST-02057,2024-02-19,signup,,Pro,0,15
EVT-003819,CUST-02060,2024-02-19,signup,,Pro,0,15
EVT-003828,CUST-02067,2024-02-19,signup,,Pro,0,15
EVT-003857,CUST-02085,2024-02-19,signup,,Business,0,49
EVT-003928,CUST-02124,2024-02-19,signup,,Pro,0,15
EVT-002006,CUST-01045,2024-02-20,cancel,Pro,Cancelled,15,0
EVT-003564,CUST-01911,2024-02-20,signup,,Free,0,0
EVT-003603,CUST-01936,2024-02-20,signup,,Free,0,0
EVT-003628,CUST-01952,2024-02-20,signup,,Pro,0,15
EVT-003632,CUST-01954,2024-02-20,signup,,Free,0,0
EVT-003684,CUST-01986,2024-02-20,signup,,Free,0,0
EVT-003687,CUST-01988,2024-02-20,signup,,Free,0,0
EVT-003689,CUST-01989,2024-02-20,signup,,Free,0,0
EVT-003855,CUST-02084,2024-02-20,signup,,Pro,0,15
EVT-003943,CUST-02134,2024-02-20,signup,,Free,0,0
EVT-000181,CUST-00092,2024-02-21,cancel,Free,Cancelled,0,0
EVT-002520,CUST-01324,2024-02-21,cancel,Free,Cancelled,0,0
EVT-002713,CUST-01424,2024-02-21,cancel,Free,Cancelled,0,0
EVT-003339,CUST-01779,2024-02-21,cancel,Business,Cancelled,49,0
EVT-003524,CUST-01886,2024-02-21,upgrade,Free,Pro,0,15
EVT-003550,CUST-01903,2024-02-21,signup,,Free,0,0
EVT-003613,CUST-01943,2024-02-21,signup,,Business,0,49
EVT-003794,CUST-02045,2024-02-21,signup,,Free,0,0
EVT-003871,CUST-02093,2024-02-21,signup,,Pro,0,15
EVT-003874,CUST-02095,2024-02-21,signup,,Business,0,49
EVT-003939,CUST-02131,2024-02-21,signup,,Pro,0,15
EVT-000843,CUST-00429,2024-02-22,cancel,Pro,Cancelled,15,0
EVT-002413,CUST-01266,2024-02-22,cancel,Pro,Cancelled,15,0
EVT-002435,CUST-01277,2024-02-22,cancel,Free,Cancelled,0,0
EVT-002491,CUST-01308,2024-02-22,cancel,Free,Cancelled,0,0
EVT-002580,CUST-01355,2024-02-22,cancel,Free,Cancelled,0,0
EVT-003165,CUST-01675,2024-02-22,cancel,Free,Cancelled,0,0
EVT-003545,CUST-01900,2024-02-22,signup,,Enterprise,0,199
EVT-003748,CUST-02022,2024-02-22,signup,,Pro,0,15
EVT-003872,CUST-02094,2024-02-22,signup,,Pro,0,15
EVT-003880,CUST-02098,2024-02-22,signup,,Pro,0,15
EVT-003895,CUST-02107,2024-02-22,signup,,Free,0,0
EVT-003898,CUST-02108,2024-02-22,signup,,Free,0,0
EVT-003903,CUST-02111,2024-02-22,signup,,Pro,0,15
EVT-003942,CUST-02133,2024-02-22,signup,,Pro,0,15
EVT-003951,CUST-02138,2024-02-22,signup,,Free,0,0
EVT-003953,CUST-02139,2024-02-22,signup,,Pro,0,15
EVT-002897,CUST-01526,2024-02-23,cancel,Free,Cancelled,0,0
EVT-003429,CUST-01831,2024-02-23,upgrade,Free,Pro,0,15
EVT-003546,CUST-01901,2024-02-23,signup,,Free,0,0
EVT-003581,CUST-01923,2024-02-23,signup,,Pro,0,15
EVT-003597,CUST-01933,2024-02-23,signup,,Pro,0,15
EVT-003627,CUST-01951,2024-02-23,signup,,Pro,0,15
EVT-003680,CUST-01984,2024-02-23,signup,,Free,0,0
EVT-003732,CUST-02012,2024-02-23,signup,,Pro,0,15
EVT-003823,CUST-02063,2024-02-23,signup,,Enterprise,0,199
EVT-003840,CUST-02074,2024-02-23,signup,,Pro,0,15
EVT-003900,CUST-02109,2024-02-23,signup,,Free,0,0
EVT-003902,CUST-02110,2024-02-23,signup,,Pro,0,15
EVT-002670,CUST-01402,2024-02-24,cancel,Free,Cancelled,0,0
EVT-003010,CUST-01588,2024-02-24,cancel,Pro,Cancelled,15,0
EVT-003103,CUST-01642,2024-02-24,cancel,Pro,Cancelled,15,0
EVT-003315,CUST-01764,2024-02-24,cancel,Free,Cancelled,0,0
EVT-003349,CUST-01786,2024-02-24,upgrade,Free,Pro,0,15
EVT-003618,CUST-01946,2024-02-24,signup,,Business,0,49
EVT-003641,CUST-01960,2024-02-24,signup,,Free,0,0
EVT-003655,CUST-01968,2024-02-24,signup,,Free,0,0
EVT-003673,CUST-01980,2024-02-24,signup,,Business,0,49
EVT-003808,CUST-02054,2024-02-24,signup,,Free,0,0
EVT-003918,CUST-02118,2024-02-24,signup,,Free,0,0
EVT-001541,CUST-00792,2024-02-25,cancel,Free,Cancelled,0,0
EVT-001929,CUST-01003,2024-02-25,cancel,Pro,Cancelled,15,0
EVT-002598,CUST-01364,2024-02-25,cancel,Free,Cancelled,0,0
EVT-002906,CUST-01532,2024-02-25,cancel,Pro,Cancelled,15,0
EVT-003285,CUST-01746,2024-02-25,cancel,Free,Cancelled,0,0
EVT-003345,CUST-01784,2024-02-25,upgrade,Pro,Business,15,49
EVT-003566,CUST-01912,2024-02-25,signup,,Pro,0,15
EVT-003609,CUST-01940,2024-02-25,signup,,Free,0,0
EVT-003610,CUST-01941,2024-02-25,signup,,Pro,0,15
EVT-003611,CUST-01942,2024-02-25,signup,,Free,0,0
EVT-003695,CUST-01992,2024-02-25,signup,,Free,0,0
EVT-003733,CUST-02013,2024-02-25,signup,,Free,0,0
EVT-003759,CUST-02027,2024-02-25,signup,,Pro,0,15
EVT-003786,CUST-02041,2024-02-25,signup,,Free,0,0
EVT-003791,CUST-02044,2024-02-25,signup,,Free,0,0
EVT-003825,CUST-02065,2024-02-25,signup,,Free,0,0
EVT-003909,CUST-02114,2024-02-25,signup,,Free,0,0
EVT-003949,CUST-02137,2024-02-25,signup,,Free,0,0
EVT-000142,CUST-00074,2024-02-26,cancel,Pro,Cancelled,15,0
EVT-002341,CUST-01225,2024-02-26,cancel,Free,Cancelled,0,0
EVT-002756,CUST-01450,2024-02-26,upgrade,Free,Pro,0,15
EVT-002887,CUST-01520,2024-02-26,cancel,Free,Cancelled,0,0
EVT-003250,CUST-01725,2024-02-26,cancel,Free,Cancelled,0,0
EVT-003382,CUST-01804,2024-02-26,cancel,Free,Cancelled,0,0
EVT-003420,CUST-01826,2024-02-26,cancel,Free,Cancelled,0,0
EVT-003458,CUST-01849,2024-02-26,cancel,Pro,Cancelled,15,0
EVT-003557,CUST-01908,2024-02-26,signup,,Pro,0,15
EVT-003578,CUST-01921,2024-02-26,signup,,Pro,0,15
EVT-003614,CUST-01944,2024-02-26,signup,,Free,0,0
EVT-003621,CUST-01948,2024-02-26,signup,,Pro,0,15
EVT-003647,CUST-01963,2024-02-26,signup,,Business,0,49
EVT-003667,CUST-01977,2024-02-26,signup,,Free,0,0
EVT-003728,CUST-02010,2024-02-26,signup,,Free,0,0
EVT-003741,CUST-02018,2024-02-26,signup,,Free,0,0
EVT-003776,CUST-02036,2024-02-26,signup,,Free,0,0
EVT-003778,CUST-02037,2024-02-26,signup,,Pro,0,15
EVT-003812,CUST-02056,2024-02-26,signup,,Pro,0,15
EVT-003853,CUST-02083,2024-02-26,signup,,Pro,0,15
EVT-003860,CUST-02087,2024-02-26,signup,,Free,0,0
EVT-003905,CUST-02112,2024-02-26,signup,,Pro,0,15
EVT-003931,CUST-02126,2024-02-26,signup,,Free,0,0
EVT-000759,CUST-00386,2024-02-27,cancel,Pro,Cancelled,15,0
EVT-001824,CUST-00943,2024-02-27,cancel,Pro,Cancelled,15,0
EVT-003196,CUST-01695,2024-02-27,cancel,Pro,Cancelled,15,0
EVT-003576,CUST-01920,2024-02-27,signup,,Pro,0,15
EVT-003649,CUST-01964,2024-02-27,signup,,Free,0,0
EVT-003663,CUST-01973,2024-02-27,signup,,Free,0,0
EVT-003708,CUST-02000,2024-02-27,signup,,Pro,0,15
EVT-003716,CUST-02004,2024-02-27,signup,,Pro,0,15
EVT-003717,CUST-02005,2024-02-27,signup,,Free,0,0
EVT-003763,CUST-02029,2024-02-27,signup,,Free,0,0
EVT-003782,CUST-02039,2024-02-27,signup,,Free,0,0
EVT-003832,CUST-02070,2024-02-27,signup,,Free,0,0
EVT-003843,CUST-02077,2024-02-27,signup,,Free,0,0
EVT-003849,CUST-02081,2024-02-27,signup,,Pro,0,15
EVT-003867,CUST-02091,2024-02-27,signup,,Pro,0,15
EVT-003152,CUST-01669,2024-03-01,upgrade,Free,Pro,0,15
EVT-003661,CUST-01971,2024-03-01,cancel,Free,Cancelled,0,0
EVT-004123,CUST-02240,2024-03-01,signup,,Free,0,0
EVT-004149,CUST-02255,2024-03-01,signup,,Pro,0,15
EVT-004185,CUST-02276,2024-03-01,signup,,Free,0,0
EVT-004239,CUST-02309,2024-03-01,signup,,Free,0,0
EVT-004269,CUST-02325,2024-03-01,signup,,Business,0,49
EVT-004303,CUST-02349,2024-03-01,signup,,Business,0,49
EVT-002855,CUST-01502,2024-03-02,downgrade,Pro,Free,15,0
EVT-003434,CUST-01834,2024-03-02,cancel,Pro,Cancelled,15,0
EVT-003775,CUST-02035,2024-03-02,cancel,Pro,Cancelled,15,0
EVT-003917,CUST-02117,2024-03-02,cancel,Pro,Cancelled,15,0
EVT-003972,CUST-02150,2024-03-02,signup,,Pro,0,15
EVT-004022,CUST-02176,2024-03-02,signup,,Free,0,0
EVT-004173,CUST-02270,2024-03-02,signup,,Free,0,0
EVT-004176,CUST-02272,2024-03-02,signup,,Pro,0,15
EVT-004205,CUST-02287,2024-03-02,signup,,Pro,0,15
EVT-004248,CUST-02315,2024-03-02,signup,,Pro,0,15
EVT-004331,CUST-02365,2024-03-02,signup,,Free,0,0
EVT-004373,CUST-02389,2024-03-02,signup,,Business,0,49
EVT-000669,CUST-00341,2024-03-03,cancel,Business,Cancelled,49,0
EVT-001423,CUST-00730,2024-03-03,upgrade,Business,Enterprise,49,199
EVT-002311,CUST-01211,2024-03-03,cancel,Free,Cancelled,0,0
EVT-002726,CUST-01432,2024-03-03,cancel,Free,Cancelled,0,0
EVT-003017,CUST-01593,2024-03-03,cancel,Free,Cancelled,0,0
EVT-003839,CUST-02073,2024-03-03,cancel,Free,Cancelled,0,0
EVT-003901,CUST-02109,2024-03-03,cancel,Free,Cancelled,0,0
EVT-004041,CUST-02187,2024-03-03,signup,,Free,0,0
EVT-004069,CUST-02205,2024-03-03,signup,,Pro,0,15
EVT-004082,CUST-02212,2024-03-03,signup,,Business,0,49
EVT-004214,CUST-02293,2024-03-03,signup,,Pro,0,15
EVT-004216,CUST-02294,2024-03-03,signup,,Free,0,0
EVT-004218,CUST-02295,2024-03-03,signup,,Pro,0,15
EVT-004257,CUST-02319,2024-03-03,signup,,Pro,0,15
EVT-004309,CUST-02353,2024-03-03,signup,,Free,0,0
EVT-004322,CUST-02360,2024-03-03,signup,,Pro,0,15
EVT-004324,CUST-02361,2024-03-03,signup,,Free,0,0
EVT-004342,CUST-02370,2024-03-03,signup,,Free,0,0
EVT-004343,CUST-02371,2024-03-03,signup,,Pro,0,15
EVT-004349,CUST-02375,2024-03-03,signup,,Enterprise,0,199
EVT-000281,CUST-00140,2024-03-04,upgrade,Free,Pro,0,15
EVT-000730,CUST-00371,2024-03-04,downgrade,Pro,Free,15,0
EVT-003965,CUST-02146,2024-03-04,signup,,Free,0,0
EVT-004076,CUST-02209,2024-03-04,signup,,Free,0,0
EVT-004102,CUST-02226,2024-03-04,signup,,Pro,0,15
EVT-004133,CUST-02245,2024-03-04,signup,,Free,0,0
EVT-004143,CUST-02251,2024-03-04,signup,,Free,0,0
EVT-004167,CUST-02266,2024-03-04,signup,,Pro,0,15
EVT-004278,CUST-02331,2024-03-04,signup,,Pro,0,15
EVT-004301,CUST-02347,2024-03-04,signup,,Pro,0,15
EVT-004354,CUST-02379,2024-03-04,signup,,Free,0,0
EVT-004356,CUST-02380,2024-03-04,signup,,Pro,0,15
EVT-004371,CUST-02388,2024-03-04,signup,,Free,0,0
EVT-000292,CUST-00145,2024-03-05,cancel,Free,Cancelled,0,0
EVT-001085,CUST-00555,2024-03-05,downgrade,Pro,Free,15,0
EVT-001124,CUST-00574,2024-03-05,upgrade,Free,Pro,0,15
EVT-001994,CUST-01039,2024-03-05,cancel,Pro,Cancelled,15,0
EVT-002137,CUST-01115,2024-03-05,upgrade,Pro,Business,15,49
EVT-003359,CUST-01790,2024-03-05,cancel,Business,Cancelled,49,0
EVT-003465,CUST-01853,2024-03-05,upgrade,Free,Pro,0,15
EVT-003580,CUST-01922,2024-03-05,cancel,Free,Cancelled,0,0
EVT-003959,CUST-02142,2024-03-05,signup,,Free,0,0
EVT-003966,CUST-02147,2024-03-05,signup,,Pro,0,15
EVT-003986,CUST-02157,2024-03-05,signup,,Free,0,0
EVT-004114,CUST-02234,2024-03-05,signup,,Enterprise,0,199
EVT-004145,CUST-02252,2024-03-05,signup,,Free,0,0
EVT-004147,CUST-02253,2024-03-05,signup,,Pro,0,15
EVT-004159,CUST-02262,2024-03-05,signup,,Free,0,0
EVT-004224,CUST-02300,2024-03-05,signup,,Free,0,0
EVT-004261,CUST-02321,2024-03-05,signup,,Free,0,0
EVT-004380,CUST-02394,2024-03-05,signup,,Pro,0,15
EVT-000078,CUST-00042,2024-03-06,cancel,Business,Cancelled,49,0
EVT-000167,CUST-00086,2024-03-06,cancel,Business,Cancelled,49,0
EVT-000887,CUST-00452,2024-03-06,cancel,Pro,Cancelled,15,0
EVT-001142,CUST-00583,2024-03-06,cancel,Business,Cancelled,49,0
EVT-003721,CUST-02006,2024-03-06,cancel,Pro,Cancelled,15,0
EVT-003769,CUST-02032,2024-03-06,cancel,Free,Cancelled,0,0
EVT-003837,CUST-02072,2024-03-06,cancel,Free,Cancelled,0,0
EVT-003994,CUST-02162,2024-03-06,signup,,Free,0,0
EVT-004017,CUST-02174,2024-03-06,signup,,Business,0,49
EVT-004098,CUST-02223,2024-03-06,signup,,Free,0,0
EVT-004289,CUST-02339,2024-03-06,signup,,Pro,0,15
EVT-004327,CUST-02363,2024-03-06,signup,,Pro,0,15
EVT-003498,CUST-01872,2024-03-07,cancel,Free,Cancelled,0,0
EVT-003648,CUST-01963,2024-03-07,cancel,Business,Cancelled,49,0
EVT-003681,CUST-01984,2024-03-07,cancel,Free,Cancelled,0,0
EVT-003731,CUST-02011,2024-03-07,cancel,Free,Cancelled,0,0
EVT-003757,CUST-02026,2024-03-07,upgrade,Free,Pro,0,15
EVT-003968,CUST-02148,2024-03-07,signup,,Pro,0,15
EVT-003999,CUST-02165,2024-03-07,signup,,Enterprise,0,199
EVT-004031,CUST-02182,2024-03-07,signup,,Free,0,0
EVT-004131,CUST-02244,2024-03-07,signup,,Free,0,0
EVT-004140,CUST-02248,2024-03-07,signup,,Free,0,0
EVT-004158,CUST-02261,2024-03-07,signup,,Free,0,0
EVT-004219,CUST-02296,2024-03-07,signup,,Pro,0,15
EVT-004316,CUST-02357,2024-03-07,signup,,Pro,0,15
EVT-004333,CUST-02366,2024-03-07,signup,,Pro,0,15
EVT-004363,CUST-02384,2024-03-07,signup,,Pro,0,15
EVT-000245,CUST-00123,2024-03-08,upgrade,Free,Pro,0,15
EVT-001294,CUST-00665,2024-03-08,cancel,Free,Cancelled,0,0
EVT-001948,CUST-01014,2024-03-08,cancel,Free,Cancelled,0,0
EVT-002082,CUST-01083,2024-03-08,cancel,Free,Cancelled,0,0
EVT-002165,CUST-01130,2024-03-08,cancel,Pro,Cancelled,15,0
EVT-003418,CUST-01825,2024-03-08,cancel,Free,Cancelled,0,0
EVT-004003,CUST-02167,2024-03-08,signup,,Free,0,0
EVT-004073,CUST-02207,2024-03-08,signup,,Pro,0,15
EVT-004100,CUST-02224,2024-03-08,signup,,Pro,0,15
EVT-004119,CUST-02238,2024-03-08,signup,,Free,0,0
EVT-004155,CUST-02259,2024-03-08,signup,,Pro,0,15
EVT-004252,CUST-02317,2024-03-08,signup,,Pro,0,15
EVT-004352,CUST-02377,2024-03-08,signup,,Pro,0,15
EVT-000499,CUST-00251,2024-03-09,cancel,Free,Cancelled,0,0
EVT-000921,CUST-00470,2024-03-09,upgrade,Pro,Business,15,49
EVT-001662,CUST-00857,2024-03-09,downgrade,Pro,Free,15,0
EVT-002162,CUST-01129,2024-03-09,cancel,Free,Cancelled,0,0
EVT-002959,CUST-01561,2024-03-09,cancel,Free,Cancelled,0,0
EVT-003992,CUST-02161,2024-03-09,signup,,Free,0,0
EVT-004065,CUST-02202,2024-03-09,signup,,Pro,0,15
EVT-004078,CUST-02210,2024-03-09,signup,,Free,0,0
EVT-004091,CUST-02219,2024-03-09,signup,,Free,0,0
EVT-004171,CUST-02269,2024-03-09,signup,,Free,0,0
EVT-004206,CUST-02288,2024-03-09,signup,,Enterprise,0,199
EVT-004295,CUST-02343,2024-03-09,signup,,Business,0,49
EVT-004338,CUST-02368,2024-03-09,signup,,Pro,0,15
EVT-000368,CUST-00183,2024-03-10,cancel,Pro,Cancelled,15,0
EVT-000820,CUST-00417,2024-03-10,upgrade,Pro,Business,15,49
EVT-001927,CUST-01002,2024-03-10,cancel,Business,Cancelled,49,0
EVT-002981,CUST-01572,2024-03-10,cancel,Free,Cancelled,0,0
EVT-003123,CUST-01656,2024-03-10,upgrade,Pro,Business,15,49
EVT-003467,CUST-01854,2024-03-10,upgrade,Free,Pro,0,15
EVT-003996,CUST-02163,2024-03-10,signup,,Business,0,49
EVT-004051,CUST-02193,2024-03-10,signup,,Free,0,0
EVT-004075,CUST-02208,2024-03-10,signup,,Business,0,49
EVT-004161,CUST-02263,2024-03-10,signup,,Business,0,49
EVT-004182,CUST-02274,2024-03-10,signup,,Free,0,0
EVT-004192,CUST-02279,2024-03-10,signup,,Pro,0,15
EVT-004221,CUST-02298,2024-03-10,signup,,Pro,0,15
EVT-004227,CUST-02301,2024-03-10,signup,,Business,0,49
EVT-004280,CUST-02332,2024-03-10,signup,,Pro,0,15
EVT-004298,CUST-02345,2024-03-10,signup,,Pro,0,15
EVT-002382,CUST-01247,2024-03-11,upgrade,Pro,Business,15,49
EVT-002767,CUST-01455,2024-03-11,cancel,Pro,Cancelled,15,0
EVT-002789,CUST-01466,2024-03-11,cancel,Free,Cancelled,0,0
EVT-003811,CUST-02055,2024-03-11,upgrade,Free,Pro,0,15
EVT-003970,CUST-02149,2024-03-11,signup,,Free,0,0
EVT-003974,CUST-02151,2024-03-11,signup,,Pro,0,15
EVT-003991,CUST-02160,2024-03-11,signup,,Pro,0,15
EVT-003997,CUST-02164,2024-03-11,signup,,Business,0,49
EVT-004064,CUST-02201,2024-03-11,signup,,Pro,0,15
EVT-004070,CUST-02206,2024-03-11,signup,,Free,0,0
EVT-004151,CUST-02256,2024-03-11,signup,,Free,0,0
EVT-004212,CUST-02292,2024-03-11,signup,,Free,0,0
EVT-004235,CUST-02306,2024-03-11,signup,,Pro,0,15
EVT-004282,CUST-02334,2024-03-11,signup,,Business,0,49
EVT-002793,CUST-01468,2024-03-12,downgrade,Business,Pro,49,15
EVT-002971,CUST-01567,2024-03-12,cancel,Free,Cancelled,0,0
EVT-003347,CUST-01785,2024-03-12,cancel,Free,Cancelled,0,0
EVT-003723,CUST-02007,2024-03-12,cancel,Free,Cancelled,0,0
EVT-003725,CUST-02008,2024-03-12,upgrade,Pro,Business,15,49
EVT-004009,CUST-02170,2024-03-12,signup,,Free,0,0
EVT-004080,CUST-02211,2024-03-12,signup,,Free,0,0
EVT-004101,CUST-02225,2024-03-12,signup,,Pro,0,15
EVT-004127,CUST-02242,2024-03-12,signup,,Free,0,0
EVT-004350,CUST-02376,2024-03-12,signup,,Business,0,49
EVT-004367,CUST-02386,2024-03-12,signup,,Free,0,0
EVT-001467,CUST-00753,2024-03-13,cancel,Pro,Cancelled,15,0
EVT-001655,CUST-00852,2024-03-13,cancel,Pro,Cancelled,15,0
EVT-001793,CUST-00926,2024-03-13,cancel,Free,Cancelled,0,0
EVT-001833,CUST-00948,2024-03-13,downgrade,Pro,Free,15,0
EVT-001894,CUST-00983,2024-03-13,cancel,Free,Cancelled,0,0
EVT-002076,CUST-01080,2024-03-13,upgrade,Free,Pro,0,15
EVT-002870,CUST-01511,2024-03-13,upgrade,Business,Enterprise,49,199
EVT-003713,CUST-02002,2024-03-13,cancel,Free,Cancelled,0,0
EVT-004025,CUST-02178,2024-03-13,signup,,Free,0,0
EVT-004029,CUST-02180,2024-03-13,signup,,Free,0,0
EVT-004086,CUST-02216,2024-03-13,signup,,Pro,0,15
EVT-004097,CUST-02222,2024-03-13,signup,,Free,0,0
EVT-004110,CUST-02231,2024-03-13,signup,,Pro,0,15
EVT-004112,CUST-02233,2024-03-13,signup,,Free,0,0
EVT-004201,CUST-02284,2024-03-13,signup,,Free,0,0
EVT-004220,CUST-02297,2024-03-13,signup,,Pro,0,15
EVT-004262,CUST-02322,2024-03-13,signup,,Free,0,0
EVT-002266,CUST-01182,2024-03-14,cancel,Pro,Cancelled,15,0
EVT-002465,CUST-01293,2024-03-14,cancel,Free,Cancelled,0,0
EVT-003413,CUST-01822,2024-03-14,cancel,Free,Cancelled,0,0
EVT-003982,CUST-02155,2024-03-14,signup,,Pro,0,15
EVT-004027,CUST-02179,2024-03-14,signup,,Free,0,0
EVT-004035,CUST-02184,2024-03-14,signup,,Free,0,0
EVT-004056,CUST-02196,2024-03-14,signup,,Pro,0,15
EVT-004067,CUST-02203,2024-03-14,signup,,Enterprise,0,199
EVT-004142,CUST-02250,2024-03-14,signup,,Pro,0,15
EVT-004148,CUST-02254,2024-03-14,signup,,Business,0,49
EVT-004156,CUST-02260,2024-03-14,signup,,Pro,0,15
EVT-004209,CUST-02290,2024-03-14,signup,,Pro,0,15
EVT-004346,CUST-02373,2024-03-14,signup,,Enterprise,0,199
EVT-003485,CUST-01864,2024-03-15,cancel,Pro,Cancelled,15,0
EVT-003749,CUST-02022,2024-03-15,upgrade,Pro,Business,15,49
EVT-003859,CUST-02086,2024-03-15,cancel,Free,Cancelled,0,0
EVT-003976,CUST-02152,2024-03-15,signup,,Free,0,0
EVT-004037,CUST-02185,2024-03-15,signup,,Pro,0,15
EVT-004106,CUST-02229,2024-03-15,signup,,Business,0,49
EVT-004135,CUST-02246,2024-03-15,signup,,Free,0,0
EVT-004231,CUST-02304,2024-03-15,signup,,Pro,0,15
EVT-004270,CUST-02326,2024-03-15,signup,,Pro,0,15
EVT-004297,CUST-02344,2024-03-15,signup,,Enterprise,0,199
EVT-004311,CUST-02354,2024-03-15,signup,,Free,0,0
EVT-004344,CUST-02372,2024-03-15,signup,,Pro,0,15
EVT-004353,CUST-02378,2024-03-15,signup,,Pro,0,15
EVT-004369,CUST-02387,2024-03-15,signup,,Pro,0,15
EVT-004376,CUST-02391,2024-03-15,signup,,Enterprise,0,199
EVT-004382,CUST-02395,2024-03-15,signup,,Free,0,0
EVT-000721,CUST-00367,2024-03-16,cancel,Pro,Cancelled,15,0
EVT-001612,CUST-00830,2024-03-16,upgrade,Free,Pro,0,15
EVT-003272,CUST-01739,2024-03-16,cancel,Business,Cancelled,49,0
EVT-003372,CUST-01797,2024-03-16,upgrade,Pro,Business,15,49
EVT-003456,CUST-01848,2024-03-16,cancel,Free,Cancelled,0,0
EVT-004033,CUST-02183,2024-03-16,signup,,Free,0,0
EVT-004045,CUST-02189,2024-03-16,signup,,Pro,0,15
EVT-004104,CUST-02228,2024-03-16,signup,,Free,0,0
EVT-004210,CUST-02291,2024-03-16,signup,,Free,0,0
EVT-004222,CUST-02299,2024-03-16,signup,,Pro,0,15
EVT-004237,CUST-02308,2024-03-16,signup,,Pro,0,15
EVT-004259,CUST-02320,2024-03-16,signup,,Pro,0,15
EVT-004285,CUST-02336,2024-03-16,signup,,Free,0,0
EVT-004293,CUST-02342,2024-03-16,signup,,Free,0,0
EVT-004302,CUST-02348,2024-03-16,signup,,Free,0,0
EVT-004329,CUST-02364,2024-03-16,signup,,Pro,0,15
EVT-001402,CUST-00720,2024-03-17,cancel,Free,Cancelled,0,0
EVT-002516,CUST-01322,2024-03-17,cancel,Pro,Cancelled,15,0
EVT-003475,CUST-01859,2024-03-17,downgrade,Pro,Free,15,0
EVT-003718,CUST-02005,2024-03-17,upgrade,Free,Pro,0,15
EVT-003961,CUST-02143,2024-03-17,signup,,Free,0,0
EVT-004001,CUST-02166,2024-03-17,signup,,Pro,0,15
EVT-004013,CUST-02172,2024-03-17,signup,,Free,0,0
EVT-004047,CUST-02190,2024-03-17,signup,,Pro,0,15
EVT-004088,CUST-02217,2024-03-17,signup,,Pro,0,15
EVT-004103,CUST-02227,2024-03-17,signup,,Free,0,0
EVT-004125,CUST-02241,2024-03-17,signup,,Pro,0,15
EVT-004162,CUST-02264,2024-03-17,signup,,Free,0,0
EVT-004188,CUST-02277,2024-03-17,signup,,Free,0,0
EVT-004190,CUST-02278,2024-03-17,signup,,Pro,0,15
EVT-004233,CUST-02305,2024-03-17,signup,,Free,0,0
EVT-004306,CUST-02351,2024-03-17,signup,,Free,0,0
EVT-004340,CUST-02369,2024-03-17,signup,,Free,0,0
EVT-004361,CUST-02383,2024-03-17,signup,,Free,0,0
EVT-001731,CUST-00894,2024-03-18,upgrade,Free,Pro,0,15
EVT-002069,CUST-01077,2024-03-18,upgrade,Pro,Business,15,49
EVT-002503,CUST-01314,2024-03-18,cancel,Pro,Cancelled,15,0
EVT-003501,CUST-01874,2024-03-18,cancel,Free,Cancelled,0,0
EVT-003896,CUST-02107,2024-03-18,upgrade,Free,Pro,0,15
EVT-003925,CUST-02122,2024-03-18,cancel,Free,Cancelled,0,0
EVT-003936,CUST-02129,2024-03-18,cancel,Free,Cancelled,0,0
EVT-003984,CUST-02156,2024-03-18,signup,,Pro,0,15
EVT-004030,CUST-02181,2024-03-18,signup,,Pro,0,15
EVT-004055,CUST-02195,2024-03-18,signup,,Pro,0,15
EVT-004084,CUST-02214,2024-03-18,signup,,Enterprise,0,199
EVT-004241,CUST-02310,2024-03-18,signup,,Pro,0,15
EVT-004250,CUST-02316,2024-03-18,signup,,Free,0,0
EVT-004275,CUST-02329,2024-03-18,signup,,Enterprise,0,199
EVT-004357,CUST-02381,2024-03-18,signup,,Free,0,0
EVT-004365,CUST-02385,2024-03-18,signup,,Business,0,49
EVT-004378,CUST-02393,2024-03-18,signup,,Free,0,0
EVT-000290,CUST-00144,2024-03-19,cancel,Free,Cancelled,0,0
EVT-000529,CUST-00268,2024-03-19,upgrade,Pro,Business,15,49
EVT-001102,CUST-00564,2024-03-19,upgrade,Pro,Business,15,49
EVT-001534,CUST-00789,2024-03-19,upgrade,Pro,Business,15,49
EVT-001757,CUST-00908,2024-03-19,cancel,Pro,Cancelled,15,0
EVT-003146,CUST-01666,2024-03-19,upgrade,Pro,Business,15,49
EVT-004024,CUST-02177,2024-03-19,signup,,Pro,0,15
EVT-004059,CUST-02198,2024-03-19,signup,,Free,0,0
EVT-004060,CUST-02199,2024-03-19,signup,,Free,0,0
EVT-004090,CUST-02218,2024-03-19,signup,,Free,0,0
EVT-004095,CUST-02221,2024-03-19,signup,,Free,0,0
EVT-004129,CUST-02243,2024-03-19,signup,,Pro,0,15
EVT-004230,CUST-02303,2024-03-19,signup,,Free,0,0
EVT-004272,CUST-02327,2024-03-19,signup,,Free,0,0
EVT-004288,CUST-02338,2024-03-19,signup,,Free,0,0
EVT-004307,CUST-02352,2024-03-19,signup,,Pro,0,15
EVT-004326,CUST-02362,2024-03-19,signup,,Business,0,49
EVT-004359,CUST-02382,2024-03-19,signup,,Free,0,0
EVT-004383,CUST-02396,2024-03-19,signup,,Free,0,0
EVT-004388,CUST-02399,2024-03-19,signup,,Pro,0,15
EVT-001037,CUST-00529,2024-03-20,downgrade,Pro,Free,15,0
EVT-002039,CUST-01062,2024-03-20,upgrade,Free,Pro,0,15
EVT-002091,CUST-01088,2024-03-20,cancel,Pro,Cancelled,15,0
EVT-002692,CUST-01414,2024-03-20,cancel,Free,Cancelled,0,0
EVT-003598,CUST-01933,2024-03-20,cancel,Pro,Cancelled,15,0
EVT-003850,CUST-02081,2024-03-20,cancel,Pro,Cancelled,15,0
EVT-003990,CUST-02159,2024-03-20,signup,,Free,0,0
EVT-004043,CUST-02188,2024-03-20,signup,,Free,0,0
EVT-004057,CUST-02197,2024-03-20,signup,,Free,0,0
EVT-004108,CUST-02230,2024-03-20,signup,,Free,0,0
EVT-004121,CUST-02239,2024-03-20,signup,,Pro,0,15
EVT-004228,CUST-02302,2024-03-20,signup,,Pro,0,15
EVT-004246,CUST-02313,2024-03-20,signup,,Free,0,0
EVT-004276,CUST-02330,2024-03-20,signup,,Free,0,0
EVT-004313,CUST-02355,2024-03-20,signup,,Pro,0,15
EVT-004377,CUST-02392,2024-03-20,signup,,Pro,0,15
EVT-003274,CUST-01740,2024-03-21,upgrade,Pro,Business,15,49
EVT-003310,CUST-01761,2024-03-21,cancel,Free,Cancelled,0,0
EVT-003493,CUST-01869,2024-03-21,cancel,Free,Cancelled,0,0
EVT-003899,CUST-02108,2024-03-21,cancel,Free,Cancelled,0,0
EVT-003978,CUST-02153,2024-03-21,signup,,Pro,0,15
EVT-003988,CUST-02158,2024-03-21,signup,,Free,0,0
EVT-004008,CUST-02169,2024-03-21,signup,,Pro,0,15
EVT-004068,CUST-02204,2024-03-21,signup,,Pro,0,15
EVT-004093,CUST-02220,2024-03-21,signup,,Pro,0,15
EVT-004154,CUST-02258,2024-03-21,signup,,Pro,0,15
EVT-004164,CUST-02265,2024-03-21,signup,,Free,0,0
EVT-004169,CUST-02267,2024-03-21,signup,,Free,0,0
EVT-004174,CUST-02271,2024-03-21,signup,,Pro,0,15
EVT-004245,CUST-02312,2024-03-21,signup,,Pro,0,15
EVT-004255,CUST-02318,2024-03-21,signup,,Pro,0,15
EVT-004290,CUST-02340,2024-03-21,signup,,Pro,0,15
EVT-004291,CUST-02341,2024-03-21,signup,,Pro,0,15
EVT-002087,CUST-01086,2024-03-22,cancel,Free,Cancelled,0,0
EVT-002650,CUST-01391,2024-03-22,cancel,Pro,Cancelled,15,0
EVT-002879,CUST-01516,2024-03-22,cancel,Free,Cancelled,0,0
EVT-002947,CUST-01555,2024-03-22,cancel,Pro,Cancelled,15,0
EVT-003266,CUST-01735,2024-03-22,cancel,Free,Cancelled,0,0
EVT-003620,CUST-01947,2024-03-22,upgrade,Free,Pro,0,15
EVT-003622,CUST-01948,2024-03-22,cancel,Pro,Cancelled,15,0
EVT-003737,CUST-02015,2024-03-22,upgrade,Free,Pro,0,15
EVT-003846,CUST-02078,2024-03-22,cancel,Pro,Cancelled,15,0
EVT-003954,CUST-02139,2024-03-22,cancel,Pro,Cancelled,15,0
EVT-003963,CUST-02144,2024-03-22,signup,,Pro,0,15
EVT-004083,CUST-02213,2024-03-22,signup,,Pro,0,15
EVT-004170,CUST-02268,2024-03-22,signup,,Business,0,49
EVT-004274,CUST-02328,2024-03-22,signup,,Pro,0,15
EVT-004286,CUST-02337,2024-03-22,signup,,Free,0,0
EVT-004300,CUST-02346,2024-03-22,signup,,Business,0,49
EVT-004375,CUST-02390,2024-03-22,signup,,Free,0,0
EVT-003292,CUST-01750,2024-03-23,cancel,Free,Cancelled,0,0
EVT-003547,CUST-01901,2024-03-23,upgrade,Free,Pro,0,15
EVT-003692,CUST-01990,2024-03-23,cancel,Free,Cancelled,0,0
EVT-004039,CUST-02186,2024-03-23,signup,,Pro,0,15
EVT-004053,CUST-02194,2024-03-23,signup,,Free,0,0
EVT-004085,CUST-02215,2024-03-23,signup,,Business,0,49
EVT-004115,CUST-02235,2024-03-23,signup,,Pro,0,15
EVT-004194,CUST-02280,2024-03-23,signup,,Pro,0,15
EVT-004199,CUST-02283,2024-03-23,signup,,Free,0,0
EVT-004236,CUST-02307,2024-03-23,signup,,Pro,0,15
EVT-004243,CUST-02311,2024-03-23,signup,,Pro,0,15
EVT-002025,CUST-01055,2024-03-24,cancel,Pro,Cancelled,15,0
EVT-002120,CUST-01107,2024-03-24,upgrade,Pro,Business,15,49
EVT-003915,CUST-02116,2024-03-24,cancel,Pro,Cancelled,15,0
EVT-003945,CUST-02135,2024-03-24,upgrade,Free,Pro,0,15
EVT-003980,CUST-02154,2024-03-24,signup,,Free,0,0
EVT-004005,CUST-02168,2024-03-24,signup,,Pro,0,15
EVT-004049,CUST-02192,2024-03-24,signup,,Free,0,0
EVT-004116,CUST-02236,2024-03-24,signup,,Pro,0,15
EVT-004141,CUST-02249,2024-03-24,signup,,Free,0,0
EVT-004202,CUST-02285,2024-03-24,signup,,Business,0,49
EVT-004267,CUST-02324,2024-03-24,signup,,Pro,0,15
EVT-004347,CUST-02374,2024-03-24,signup,,Pro,0,15
EVT-001257,CUST-00645,2024-03-25,cancel,Pro,Cancelled,15,0
EVT-002235,CUST-01166,2024-03-25,cancel,Pro,Cancelled,15,0
EVT-002919,CUST-01539,2024-03-25,cancel,Pro,Cancelled,15,0
EVT-003005,CUST-01585,2024-03-25,cancel,Free,Cancelled,0,0
EVT-004137,CUST-02247,2024-03-25,signup,,Business,0,49
EVT-004179,CUST-02273,2024-03-25,signup,,Pro,0,15
EVT-004196,CUST-02281,2024-03-25,signup,,Free,0,0
EVT-004203,CUST-02286,2024-03-25,signup,,Free,0,0
EVT-001709,CUST-00882,2024-03-26,cancel,Free,Cancelled,0,0
EVT-002173,CUST-01135,2024-03-26,cancel,Free,Cancelled,0,0
EVT-002575,CUST-01352,2024-03-26,cancel,Pro,Cancelled,15,0
EVT-002582,CUST-01356,2024-03-26,downgrade,Pro,Free,15,0
EVT-003297,CUST-01753,2024-03-26,cancel,Free,Cancelled,0,0
EVT-003527,CUST-01887,2024-03-26,cancel,Business,Cancelled,49,0
EVT-003625,CUST-01950,2024-03-26,upgrade,Free,Pro,0,15
EVT-003653,CUST-01966,2024-03-26,cancel,Pro,Cancelled,15,0
EVT-003835,CUST-02071,2024-03-26,cancel,Free,Cancelled,0,0
EVT-004011,CUST-02171,2024-03-26,signup,,Pro,0,15
EVT-004015,CUST-02173,2024-03-26,signup,,Free,0,0
EVT-004020,CUST-02175,2024-03-26,signup,,Free,0,0
EVT-004117,CUST-02237,2024-03-26,signup,,Pro,0,15
EVT-004184,CUST-02275,2024-03-26,signup,,Pro,0,15
EVT-004265,CUST-02323,2024-03-26,signup,,Free,0,0
EVT-004281,CUST-02333,2024-03-26,signup,,Enterprise,0,199
EVT-004317,CUST-02358,2024-03-26,signup,,Pro,0,15
EVT-004320,CUST-02359,2024-03-26,signup,,Pro,0,15
EVT-004335,CUST-02367,2024-03-26,signup,,Pro,0,15
EVT-004385,CUST-02397,2024-03-26,signup,,Free,0,0
EVT-001504,CUST-00772,2024-03-27,cancel,Pro,Cancelled,15,0
EVT-003064,CUST-01619,2024-03-27,cancel,Free,Cancelled,0,0
EVT-003116,CUST-01652,2024-03-27,cancel,Free,Cancelled,0,0
EVT-003363,CUST-01793,2024-03-27,upgrade,Free,Pro,0,15
EVT-003735,CUST-02014,2024-03-27,cancel,Free,Cancelled,0,0
EVT-003964,CUST-02145,2024-03-27,signup,,Pro,0,15
EVT-004048,CUST-02191,2024-03-27,signup,,Pro,0,15
EVT-004062,CUST-02200,2024-03-27,signup,,Pro,0,15
EVT-004111,CUST-02232,2024-03-27,signup,,Pro,0,15
EVT-004152,CUST-02257,2024-03-27,signup,,Business,0,49
EVT-004198,CUST-02282,2024-03-27,signup,,Free,0,0
EVT-004207,CUST-02289,2024-03-27,signup,,Pro,0,15
EVT-004247,CUST-02314,2024-03-27,signup,,Pro,0,15
EVT-004283,CUST-02335,2024-03-27,signup,,Pro,0,15
EVT-004304,CUST-02350,2024-03-27,signup,,Free,0,0
EVT-004314,CUST-02356,2024-03-27,signup,,Business,0,49
EVT-004387,CUST-02398,2024-03-27,signup,,Pro,0,15
EVT-000983,CUST-00500,2024-04-01,cancel,Business,Cancelled,49,0
EVT-001707,CUST-00881,2024-04-01,cancel,Pro,Cancelled,15,0
EVT-002123,CUST-01108,2024-04-01,cancel,Enterprise,Cancelled,199,0
EVT-002539,CUST-01333,2024-04-01,upgrade,Pro,Business,15,49
EVT-002761,CUST-01452,2024-04-01,upgrade,Business,Enterprise,49,199
EVT-003182,CUST-01686,2024-04-01,cancel,Pro,Cancelled,15,0
EVT-003868,CUST-02091,2024-04-01,downgrade,Pro,Free,15,0
EVT-004153,CUST-02257,2024-04-01,cancel,Business,Cancelled,49,0
EVT-004389,CUST-02400,2024-04-01,signup,,Pro,0,15
EVT-004431,CUST-02424,2024-04-01,signup,,Free,0,0
EVT-004457,CUST-02437,2024-04-01,signup,,Pro,0,15
EVT-004482,CUST-02453,2024-04-01,signup,,Enterprise,0,199
EVT-004502,CUST-02468,2024-04-01,signup,,Pro,0,15
EVT-004512,CUST-02474,2024-04-01,signup,,Free,0,0
EVT-004518,CUST-02478,2024-04-01,signup,,Free,0,0
EVT-004560,CUST-02506,2024-04-01,signup,,Free,0,0
EVT-004622,CUST-02547,2024-04-01,signup,,Pro,0,15
EVT-004626,CUST-02550,2024-04-01,signup,,Pro,0,15
EVT-004663,CUST-02573,2024-04-01,signup,,Free,0,0
EVT-004693,CUST-02590,2024-04-01,signup,,Business,0,49
EVT-004728,CUST-02610,2024-04-01,signup,,Pro,0,15
EVT-000912,CUST-00466,2024-04-02,upgrade,Business,Enterprise,49,199
EVT-001161,CUST-00594,2024-04-02,cancel,Pro,Cancelled,15,0
EVT-002253,CUST-01176,2024-04-02,cancel,Pro,Cancelled,15,0
EVT-003864,CUST-02089,2024-04-02,upgrade,Free,Pro,0,15
EVT-003897,CUST-02107,2024-04-02,cancel,Pro,Cancelled,15,0
EVT-003904,CUST-02111,2024-04-02,cancel,Pro,Cancelled,15,0
EVT-003987,CUST-02157,2024-04-02,cancel,Free,Cancelled,0,0
EVT-004211,CUST-02291,2024-04-02,cancel,Free,Cancelled,0,0
EVT-004461,CUST-02440,2024-04-02,signup,,Pro,0,15
EVT-004486,CUST-02457,2024-04-02,signup,,Pro,0,15
EVT-004516,CUST-02476,2024-04-02,signup,,Pro,0,15
EVT-004529,CUST-02485,2024-04-02,signup,,Business,0,49
EVT-004547,CUST-02497,2024-04-02,signup,,Pro,0,15
EVT-004570,CUST-02512,2024-04-02,signup,,Pro,0,15
EVT-004580,CUST-02518,2024-04-02,signup,,Free,0,0
EVT-004602,CUST-02534,2024-04-02,signup,,Pro,0,15
EVT-004654,CUST-02568,2024-04-02,signup,,Pro,0,15
EVT-004714,CUST-02603,2024-04-02,signup,,Pro,0,15
EVT-004724,CUST-02608,2024-04-02,signup,,Business,0,49
EVT-004733,CUST-02613,2024-04-02,signup,,Pro,0,15
EVT-004786,CUST-02645,2024-04-02,signup,,Pro,0,15
EVT-000337,CUST-00168,2024-04-03,cancel,Free,Cancelled,0,0
EVT-000531,CUST-00269,2024-04-03,cancel,Free,Cancelled,0,0
EVT-000671,CUST-00342,2024-04-03,cancel,Business,Cancelled,49,0
EVT-000752,CUST-00383,2024-04-03,cancel,Business,Cancelled,49,0
EVT-000975,CUST-00497,2024-04-03,upgrade,Free,Pro,0,15
EVT-002027,CUST-01056,2024-04-03,cancel,Free,Cancelled,0,0
EVT-003787,CUST-02041,2024-04-03,cancel,Free,Cancelled,0,0
EVT-003923,CUST-02121,2024-04-03,cancel,Business,Cancelled,49,0
EVT-004044,CUST-02188,2024-04-03,cancel,Free,Cancelled,0,0
EVT-004160,CUST-02262,2024-04-03,cancel,Free,Cancelled,0,0
EVT-004217,CUST-02294,2024-04-03,cancel,Free,Cancelled,0,0
EVT-004399,CUST-02406,2024-04-03,signup,,Pro,0,15
EVT-004462,CUST-02441,2024-04-03,signup,,Free,0,0
EVT-004472,CUST-02447,2024-04-03,signup,,Pro,0,15
EVT-004488,CUST-02459,2024-04-03,signup,,Business,0,49
EVT-004668,CUST-02575,2024-04-03,signup,,Business,0,49
EVT-004684,CUST-02585,2024-04-03,signup,,Free,0,0
EVT-004718,CUST-02605,2024-04-03,signup,,Pro,0,15
EVT-004732,CUST-02612,2024-04-03,signup,,Business,0,49
EVT-004759,CUST-02629,2024-04-03,signup,,Free,0,0
EVT-004809,CUST-02659,2024-04-03,signup,,Free,0,0
EVT-004813,CUST-02662,2024-04-03,signup,,Free,0,0
EVT-000681,CUST-00348,2024-04-04,cancel,Free,Cancelled,0,0
EVT-000955,CUST-00487,2024-04-04,cancel,Free,Cancelled,0,0
EVT-001002,CUST-00510,2024-04-04,cancel,Pro,Cancelled,15,0
EVT-001924,CUST-01001,2024-04-04,upgrade,Pro,Business,15,49
EVT-003752,CUST-02023,2024-04-04,cancel,Free,Cancelled,0,0
EVT-004081,CUST-02211,2024-04-04,cancel,Free,Cancelled,0,0
EVT-004336,CUST-02367,2024-04-04,downgrade,Pro,Free,15,0
EVT-004440,CUST-02429,2024-04-04,signup,,Pro,0,15
EVT-004517,CUST-02477,2024-04-04,signup,,Free,0,0
EVT-004608,CUST-02539,2024-04-04,signup,,Free,0,0
EVT-004642,CUST-02560,2024-04-04,signup,,Free,0,0
EVT-004672,CUST-02578,2024-04-04,signup,,Pro,0,15
EVT-004706,CUST-02598,2024-04-04,signup,,Free,0,0
EVT-004763,CUST-02632,2024-04-04,signup,,Pro,0,15
EVT-004804,CUST-02656,2024-04-04,signup,,Free,0,0
EVT-004828,CUST-02670,2024-04-04,signup,,Pro,0,15
EVT-000695,CUST-00354,2024-04-05,cancel,Business,Cancelled,49,0
EVT-001017,CUST-00518,2024-04-05,downgrade,Pro,Free,15,0
EVT-003095,CUST-01638,2024-04-05,cancel,Business,Cancelled,49,0
EVT-003593,CUST-01930,2024-04-05,cancel,Pro,Cancelled,15,0
EVT-003668,CUST-01977,2024-04-05,cancel,Free,Cancelled,0,0
EVT-003919,CUST-02118,2024-04-05,cancel,Free,Cancelled,0,0
EVT-004334,CUST-02366,2024-04-05,downgrade,Pro,Free,15,0
EVT-004453,CUST-02435,2024-04-05,signup,,Free,0,0
EVT-004468,CUST-02445,2024-04-05,signup,,Free,0,0
EVT-004575,CUST-02515,2024-04-05,signup,,Free,0,0
EVT-004597,CUST-02531,2024-04-05,signup,,Business,0,49
EVT-004669,CUST-02576,2024-04-05,signup,,Free,0,0
EVT-004734,CUST-02614,2024-04-05,signup,,Free,0,0
EVT-004787,CUST-02646,2024-04-05,signup,,Pro,0,15
EVT-004839,CUST-02676,2024-04-05,signup,,Free,0,0
EVT-001507,CUST-00774,2024-04-06,downgrade,Pro,Free,15,0
EVT-002327,CUST-01218,2024-04-06,upgrade,Pro,Business,15,49
EVT-004197,CUST-02281,2024-04-06,cancel,Free,Cancelled,0,0
EVT-004394,CUST-02403,2024-04-06,signup,,Business,0,49
EVT-004466,CUST-02444,2024-04-06,signup,,Free,0,0
EVT-004523,CUST-02481,2024-04-06,signup,,Pro,0,15
EVT-004543,CUST-02494,2024-04-06,signup,,Pro,0,15
EVT-004550,CUST-02499,2024-04-06,signup,,Free,0,0
EVT-004558,CUST-02505,2024-04-06,signup,,Pro,0,15
EVT-004616,CUST-02544,2024-04-06,signup,,Free,0,0
EVT-004618,CUST-02545,2024-04-06,signup,,Free,0,0
EVT-004660,CUST-02571,2024-04-06,signup,,Pro,0,15
EVT-004688,CUST-02587,2024-04-06,signup,,Pro,0,15
EVT-000704,CUST-00358,2024-04-07,cancel,Pro,Cancelled,15,0
EVT-002639,CUST-01385,2024-04-07,cancel,Business,Cancelled,49,0
EVT-002732,CUST-01436,2024-04-07,cancel,Free,Cancelled,0,0
EVT-003032,CUST-01600,2024-04-07,upgrade,Free,Pro,0,15
EVT-003039,CUST-01604,2024-04-07,cancel,Business,Cancelled,49,0
EVT-003446,CUST-01842,2024-04-07,upgrade,Free,Pro,0,15
EVT-003877,CUST-02096,2024-04-07,upgrade,Free,Pro,0,15
EVT-003989,CUST-02158,2024-04-07,cancel,Free,Cancelled,0,0
EVT-004400,CUST-02407,2024-04-07,signup,,Pro,0,15
EVT-004493,CUST-02463,2024-04-07,signup,,Pro,0,15
EVT-004503,CUST-02469,2024-04-07,signup,,Enterprise,0,199
EVT-004605,CUST-02536,2024-04-07,signup,,Pro,0,15
EVT-004823,CUST-02667,2024-04-07,signup,,Pro,0,15
EVT-001350,CUST-00692,2024-04-08,cancel,Pro,Cancelled,15,0
EVT-001884,CUST-00978,2024-04-08,cancel,Free,Cancelled,0,0
EVT-003505,CUST-01876,2024-04-08,upgrade,Free,Pro,0,15
EVT-004339,CUST-02368,2024-04-08,cancel,Pro,Cancelled,15,0
EVT-004417,CUST-02415,2024-04-08,signup,,Free,0,0
EVT-004463,CUST-02442,2024-04-08,signup,,Pro,0,15
EVT-004464,CUST-02443,2024-04-08,signup,,Pro,0,15
EVT-004505,CUST-02471,2024-04-08,signup,,Pro,0,15
EVT-004588,CUST-02525,2024-04-08,signup,,Pro,0,15
EVT-004670,CUST-02577,2024-04-08,signup,,Free,0,0
EVT-004674,CUST-02580,2024-04-08,signup,,Free,0,0
EVT-004797,CUST-02652,2024-04-08,signup,,Free,0,0
EVT-004807,CUST-02658,2024-04-08,signup,,Free,0,0
EVT-004810,CUST-02660,2024-04-08,signup,,Free,0,0
EVT-000867,CUST-00441,2024-04-09,cancel,Pro,Cancelled,15,0
EVT-002634,CUST-01383,2024-04-09,cancel,Free,Cancelled,0,0
EVT-003650,CUST-01964,2024-04-09,cancel,Free,Cancelled,0,0
EVT-003827,CUST-02066,2024-04-09,cancel,Pro,Cancelled,15,0
EVT-004256,CUST-02318,2024-04-09,cancel,Pro,Cancelled,15,0
EVT-004460,CUST-02439,2024-04-09,signup,,Business,0,49
EVT-004489,CUST-02460,2024-04-09,signup,,Free,0,0
EVT-004509,CUST-02473,2024-04-09,signup,,Free,0,0
EVT-004541,CUST-02493,2024-04-09,signup,,Free,0,0
EVT-004551,CUST-02500,2024-04-09,signup,,Business,0,49
EVT-004577,CUST-02516,2024-04-09,signup,,Free,0,0
EVT-004583,CUST-02521,2024-04-09,signup,,Free,0,0
EVT-004587,CUST-02524,2024-04-09,signup,,Free,0,0
EVT-004666,CUST-02574,2024-04-09,signup,,Free,0,0
EVT-004791,CUST-02649,2024-04-09,signup,,Pro,0,15
EVT-004795,CUST-02651,2024-04-09,signup,,Business,0,49
EVT-000328,CUST-00164,2024-04-10,cancel,Free,Cancelled,0,0
EVT-000330,CUST-00165,2024-04-10,cancel,Free,Cancelled,0,0
EVT-002893,CUST-01524,2024-04-10,cancel,Free,Cancelled,0,0
EVT-003549,CUST-01902,2024-04-10,upgrade,Pro,Business,15,49
EVT-003715,CUST-02003,2024-04-10,upgrade,Free,Pro,0,15
EVT-003833,CUST-02070,2024-04-10,cancel,Free,Cancelled,0,0
EVT-004052,CUST-02193,2024-04-10,cancel,Free,Cancelled,0,0
EVT-004437,CUST-02427,2024-04-10,signup,,Free,0,0
EVT-004447,CUST-02432,2024-04-10,signup,,Pro,0,15
EVT-004449,CUST-02433,2024-04-10,signup,,Free,0,0
EVT-004451,CUST-02434,2024-04-10,signup,,Free,0,0
EVT-004525,CUST-02482,2024-04-10,signup,,Pro,0,15
EVT-004531,CUST-02487,2024-04-10,signup,,Pro,0,15
EVT-004579,CUST-02517,2024-04-10,signup,,Free,0,0
EVT-004591,CUST-02527,2024-04-10,signup,,Pro,0,15
EVT-004629,CUST-02552,2024-04-10,signup,,Free,0,0
EVT-004800,CUST-02654,2024-04-10,signup,,Pro,0,15
EVT-001030,CUST-00525,2024-04-11,cancel,Pro,Cancelled,15,0
EVT-002585,CUST-01357,2024-04-11,cancel,Free,Cancelled,0,0
EVT-003537,CUST-01894,2024-04-11,cancel,Free,Cancelled,0,0
EVT-003742,CUST-02018,2024-04-11,cancel,Free,Cancelled,0,0
EVT-004061,CUST-02199,2024-04-11,cancel,Free,Cancelled,0,0
EVT-004366,CUST-02385,2024-04-11,cancel,Business,Cancelled,49,0
EVT-004459,CUST-02438,2024-04-11,signup,,Free,0,0
EVT-004484,CUST-02455,2024-04-11,signup,,Free,0,0
EVT-004487,CUST-02458,2024-04-11,signup,,Enterprise,0,199
EVT-004520,CUST-02479,2024-04-11,signup,,Business,0,49
EVT-004536,CUST-02490,2024-04-11,signup,,Free,0,0
EVT-004585,CUST-02522,2024-04-11,signup,,Pro,0,15
EVT-004620,CUST-02546,2024-04-11,signup,,Free,0,0
EVT-004680,CUST-02583,2024-04-11,signup,,Free,0,0
EVT-004699,CUST-02594,2024-04-11,signup,,Pro,0,15
EVT-004755,CUST-02627,2024-04-11,signup,,Free,0,0
EVT-004774,CUST-02638,2024-04-11,signup,,Pro,0,15
EVT-004779,CUST-02641,2024-04-11,signup,,Free,0,0
EVT-000358,CUST-00178,2024-04-12,upgrade,Business,Enterprise,49,199
EVT-000875,CUST-00445,2024-04-12,cancel,Business,Cancelled,49,0
EVT-002333,CUST-01221,2024-04-12,cancel,Free,Cancelled,0,0
EVT-003783,CUST-02039,2024-04-12,cancel,Free,Cancelled,0,0
EVT-004186,CUST-02276,2024-04-12,upgrade,Free,Pro,0,15
EVT-004595,CUST-02530,2024-04-12,signup,,Pro,0,15
EVT-004603,CUST-02535,2024-04-12,signup,,Pro,0,15
EVT-004701,CUST-02595,2024-04-12,signup,,Free,0,0
EVT-004722,CUST-02607,2024-04-12,signup,,Pro,0,15
EVT-004730,CUST-02611,2024-04-12,signup,,Free,0,0
EVT-004783,CUST-02643,2024-04-12,signup,,Pro,0,15
EVT-004799,CUST-02653,2024-04-12,signup,,Free,0,0
EVT-004834,CUST-02673,2024-04-12,signup,,Pro,0,15
EVT-000773,CUST-00394,2024-04-13,cancel,Free,Cancelled,0,0
EVT-002213,CUST-01155,2024-04-13,downgrade,Pro,Free,15,0
EVT-002822,CUST-01483,2024-04-13,downgrade,Pro,Free,15,0
EVT-003112,CUST-01650,2024-04-13,upgrade,Pro,Business,15,49
EVT-003585,CUST-01925,2024-04-13,cancel,Free,Cancelled,0,0
EVT-003635,CUST-01955,2024-04-13,cancel,Free,Cancelled,0,0
EVT-003831,CUST-02069,2024-04-13,cancel,Free,Cancelled,0,0
EVT-003950,CUST-02137,2024-04-13,cancel,Free,Cancelled,0,0
EVT-004427,CUST-02421,2024-04-13,signup,,Pro,0,15
EVT-004428,CUST-02422,2024-04-13,signup,,Pro,0,15
EVT-004429,CUST-02423,2024-04-13,signup,,Free,0,0
EVT-004478,CUST-02451,2024-04-13,signup,,Pro,0,15
EVT-004530,CUST-02486,2024-04-13,signup,,Free,0,0
EVT-004632,CUST-02554,2024-04-13,signup,,Pro,0,15
EVT-004686,CUST-02586,2024-04-13,signup,,Free,0,0
EVT-004695,CUST-02592,2024-04-13,signup,,Free,0,0
EVT-004768,CUST-02635,2024-04-13,signup,,Free,0,0
EVT-004826,CUST-02668,2024-04-13,signup,,Pro,0,15
EVT-000775,CUST-00395,2024-04-14,upgrade,Free,Pro,0,15
EVT-000813,CUST-00415,2024-04-14,upgrade,Pro,Business,15,49
EVT-001382,CUST-00709,2024-04-14,cancel,Pro,Cancelled,15,0
EVT-004032,CUST-02182,2024-04-14,cancel,Free,Cancelled,0,0
EVT-004521,CUST-02480,2024-04-14,signup,,Pro,0,15
EVT-004532,CUST-02488,2024-04-14,signup,,Free,0,0
EVT-004598,CUST-02532,2024-04-14,signup,,Pro,0,15
EVT-004607,CUST-02538,2024-04-14,signup,,Pro,0,15
EVT-004630,CUST-02553,2024-04-14,signup,,Pro,0,15
EVT-004659,CUST-02570,2024-04-14,signup,,Business,0,49
EVT-004761,CUST-02630,2024-04-14,signup,,Pro,0,15
EVT-004784,CUST-02644,2024-04-14,signup,,Pro,0,15
EVT-001961,CUST-01021,2024-04-15,cancel,Free,Cancelled,0,0
EVT-003303,CUST-01757,2024-04-15,upgrade,Free,Pro,0,15
EVT-003491,CUST-01868,2024-04-15,upgrade,Free,Pro,0,15
EVT-003612,CUST-01942,2024-04-15,cancel,Free,Cancelled,0,0
EVT-003885,CUST-02101,2024-04-15,cancel,Business,Cancelled,49,0
EVT-004425,CUST-02419,2024-04-15,signup,,Free,0,0
EVT-004476,CUST-02449,2024-04-15,signup,,Pro,0,15
EVT-004514,CUST-02475,2024-04-15,signup,,Free,0,0
EVT-004528,CUST-02484,2024-04-15,signup,,Free,0,0
EVT-004606,CUST-02537,2024-04-15,signup,,Enterprise,0,199
EVT-004615,CUST-02543,2024-04-15,signup,,Pro,0,15
EVT-004646,CUST-02562,2024-04-15,signup,,Pro,0,15
EVT-004682,CUST-02584,2024-04-15,signup,,Business,0,49
EVT-004690,CUST-02588,2024-04-15,signup,,Free,0,0
EVT-004720,CUST-02606,2024-04-15,signup,,Free,0,0
EVT-004743,CUST-02619,2024-04-15,signup,,Pro,0,15
EVT-004750,CUST-02623,2024-04-15,signup,,Pro,0,15
EVT-003617,CUST-01945,2024-04-16,cancel,Pro,Cancelled,15,0
EVT-004204,CUST-02286,2024-04-16,cancel,Free,Cancelled,0,0
EVT-004258,CUST-02319,2024-04-16,cancel,Pro,Cancelled,15,0
EVT-004263,CUST-02322,2024-04-16,upgrade,Free,Pro,0,15
EVT-004402,CUST-02408,2024-04-16,signup,,Pro,0,15
EVT-004421,CUST-02417,2024-04-16,signup,,Free,0,0
EVT-004470,CUST-02446,2024-04-16,signup,,Pro,0,15
EVT-004548,CUST-02498,2024-04-16,signup,,Free,0,0
EVT-004562,CUST-02507,2024-04-16,signup,,Pro,0,15
EVT-004609,CUST-02540,2024-04-16,signup,,Free,0,0
EVT-004653,CUST-02567,2024-04-16,signup,,Business,0,49
EVT-004696,CUST-02593,2024-04-16,signup,,Free,0,0
EVT-004742,CUST-02618,2024-04-16,signup,,Free,0,0
EVT-004754,CUST-02626,2024-04-16,signup,,Enterprise,0,199
EVT-004811,CUST-02661,2024-04-16,signup,,Pro,0,15
EVT-004830,CUST-02671,2024-04-16,signup,,Pro,0,15
EVT-000438,CUST-00219,2024-04-17,cancel,Free,Cancelled,0,0
EVT-001169,CUST-00599,2024-04-17,cancel,Pro,Cancelled,15,0
EVT-001870,CUST-00970,2024-04-17,upgrade,Pro,Business,15,49
EVT-002495,CUST-01310,2024-04-17,cancel,Free,Cancelled,0,0
EVT-003137,CUST-01662,2024-04-17,upgrade,Pro,Business,15,49
EVT-003558,CUST-01908,2024-04-17,cancel,Pro,Cancelled,15,0
EVT-003602,CUST-01935,2024-04-17,upgrade,Free,Pro,0,15
EVT-003646,CUST-01962,2024-04-17,cancel,Pro,Cancelled,15,0
EVT-003817,CUST-02059,2024-04-17,upgrade,Free,Pro,0,15
EVT-003852,CUST-02082,2024-04-17,cancel,Pro,Cancelled,15,0
EVT-004004,CUST-02167,2024-04-17,cancel,Free,Cancelled,0,0
EVT-004092,CUST-02219,2024-04-17,cancel,Free,Cancelled,0,0
EVT-004128,CUST-02242,2024-04-17,upgrade,Free,Pro,0,15
EVT-004260,CUST-02320,2024-04-17,cancel,Pro,Cancelled,15,0
EVT-004396,CUST-02404,2024-04-17,signup,,Pro,0,15
EVT-004406,CUST-02410,2024-04-17,signup,,Free,0,0
EVT-004433,CUST-02425,2024-04-17,signup,,Free,0,0
EVT-004477,CUST-02450,2024-04-17,signup,,Free,0,0
EVT-004553,CUST-02502,2024-04-17,signup,,Free,0,0
EVT-004623,CUST-02548,2024-04-17,signup,,Free,0,0
EVT-004648,CUST-02563,2024-04-17,signup,,Free,0,0
EVT-004650,CUST-02565,2024-04-17,signup,,Pro,0,15
EVT-004673,CUST-02579,2024-04-17,signup,,Pro,0,15
EVT-004692,CUST-02589,2024-04-17,signup,,Free,0,0
EVT-004751,CUST-02624,2024-04-17,signup,,Pro,0,15
EVT-004836,CUST-02674,2024-04-17,signup,,Free,0,0
EVT-000159,CUST-00082,2024-04-18,cancel,Pro,Cancelled,15,0
EVT-003543,CUST-01898,2024-04-18,upgrade,Free,Pro,0,15
EVT-003906,CUST-02112,2024-04-18,downgrade,Pro,Free,15,0
EVT-003973,CUST-02150,2024-04-18,cancel,Pro,Cancelled,15,0
EVT-004495,CUST-02464,2024-04-18,signup,,Free,0,0
EVT-004500,CUST-02467,2024-04-18,signup,,Free,0,0
EVT-004567,CUST-02510,2024-04-18,signup,,Pro,0,15
EVT-004633,CUST-02555,2024-04-18,signup,,Pro,0,15
EVT-004661,CUST-02572,2024-04-18,signup,,Pro,0,15
EVT-004704,CUST-02597,2024-04-18,signup,,Free,0,0
EVT-004708,CUST-02599,2024-04-18,signup,,Free,0,0
EVT-004713,CUST-02602,2024-04-18,signup,,Free,0,0
EVT-004788,CUST-02647,2024-04-18,signup,,Free,0,0
EVT-004832,CUST-02672,2024-04-18,signup,,Business,0,49
EVT-000154,CUST-00080,2024-04-19,upgrade,Pro,Business,15,49
EVT-002654,CUST-01394,2024-04-19,cancel,Free,Cancelled,0,0
EVT-002842,CUST-01494,2024-04-19,cancel,Pro,Cancelled,15,0
EVT-003773,CUST-02034,2024-04-19,cancel,Free,Cancelled,0,0
EVT-003777,CUST-02036,2024-04-19,cancel,Free,Cancelled,0,0
EVT-003892,CUST-02104,2024-04-19,cancel,Pro,Cancelled,15,0
EVT-004200,CUST-02283,2024-04-19,cancel,Free,Cancelled,0,0
EVT-004348,CUST-02374,2024-04-19,cancel,Pro,Cancelled,15,0
EVT-004370,CUST-02387,2024-04-19,cancel,Pro,Cancelled,15,0
EVT-004392,CUST-02402,2024-04-19,signup,,Pro,0,15
EVT-004412,CUST-02413,2024-04-19,signup,,Pro,0,15
EVT-004499,CUST-02466,2024-04-19,signup,,Free,0,0
EVT-004556,CUST-02504,2024-04-19,signup,,Free,0,0
EVT-004564,CUST-02508,2024-04-19,signup,,Enterprise,0,199
EVT-004565,CUST-02509,2024-04-19,signup,,Free,0,0
EVT-004589,CUST-02526,2024-04-19,signup,,Pro,0,15
EVT-004636,CUST-02557,2024-04-19,signup,,Free,0,0
EVT-004652,CUST-02566,2024-04-19,signup,,Free,0,0
EVT-004762,CUST-02631,2024-04-19,signup,,Pro,0,15
EVT-004817,CUST-02664,2024-04-19,signup,,Pro,0,15
EVT-001648,CUST-00849,2024-04-20,downgrade,Pro,Free,15,0
EVT-002132,CUST-01113,2024-04-20,cancel,Business,Cancelled,49,0
EVT-002613,CUST-01371,2024-04-20,upgrade,Pro,Business,15,49
EVT-003242,CUST-01721,2024-04-20,cancel,Free,Cancelled,0,0
EVT-003993,CUST-02161,2024-04-20,cancel,Free,Cancelled,0,0
EVT-004435,CUST-02426,2024-04-20,signup,,Free,0,0
EVT-004439,CUST-02428,2024-04-20,signup,,Pro,0,15
EVT-004455,CUST-02436,2024-04-20,signup,,Free,0,0
EVT-004491,CUST-02462,2024-04-20,signup,,Pro,0,15
EVT-004544,CUST-02495,2024-04-20,signup,,Pro,0,15
EVT-004568,CUST-02511,2024-04-20,signup,,Pro,0,15
EVT-004625,CUST-02549,2024-04-20,signup,,Business,0,49
EVT-004771,CUST-02636,2024-04-20,signup,,Free,0,0
EVT-000349,CUST-00174,2024-04-21,upgrade,Free,Pro,0,15
EVT-002101,CUST-01094,2024-04-21,cancel,Pro,Cancelled,15,0
EVT-002934,CUST-01547,2024-04-21,cancel,Free,Cancelled,0,0
EVT-003277,CUST-01742,2024-04-21,cancel,Free,Cancelled,0,0
EVT-003563,CUST-01910,2024-04-21,cancel,Pro,Cancelled,15,0
EVT-003675,CUST-01981,2024-04-21,cancel,Free,Cancelled,0,0
EVT-003844,CUST-02077,2024-04-21,cancel,Free,Cancelled,0,0
EVT-004358,CUST-02381,2024-04-21,cancel,Free,Cancelled,0,0
EVT-004490,CUST-02461,2024-04-21,signup,,Pro,0,15
EVT-004534,CUST-02489,2024-04-21,signup,,Enterprise,0,199
EVT-004554,CUST-02503,2024-04-21,signup,,Pro,0,15
EVT-004571,CUST-02513,2024-04-21,signup,,Free,0,0
EVT-004592,CUST-02528,2024-04-21,signup,,Free,0,0
EVT-004600,CUST-02533,2024-04-21,signup,,Free,0,0
EVT-004644,CUST-02561,2024-04-21,signup,,Free,0,0
EVT-004649,CUST-02564,2024-04-21,signup,,Free,0,0
EVT-004717,CUST-02604,2024-04-21,signup,,Free,0,0
EVT-004736,CUST-02615,2024-04-21,signup,,Free,0,0
EVT-004740,CUST-02617,2024-04-21,signup,,Free,0,0
EVT-004757,CUST-02628,2024-04-21,signup,,Pro,0,15
EVT-004775,CUST-02639,2024-04-21,signup,,Pro,0,15
EVT-004802,CUST-02655,2024-04-21,signup,,Free,0,0
EVT-004837,CUST-02675,2024-04-21,signup,,Free,0,0
EVT-000926,CUST-00473,2024-04-22,upgrade,Pro,Business,15,49
EVT-001726,CUST-00891,2024-04-22,upgrade,Business,Enterprise,49,199
EVT-002339,CUST-01224,2024-04-22,downgrade,Pro,Free,15,0
EVT-002885,CUST-01519,2024-04-22,cancel,Free,Cancelled,0,0
EVT-003364,CUST-01793,2024-04-22,downgrade,Pro,Free,15,0
EVT-004397,CUST-02405,2024-04-22,signup,,Pro,0,15
EVT-004411,CUST-02412,2024-04-22,signup,,Pro,0,15
EVT-004426,CUST-02420,2024-04-22,signup,,Free,0,0
EVT-004573,CUST-02514,2024-04-22,signup,,Free,0,0
EVT-004638,CUST-02558,2024-04-22,signup,,Free,0,0
EVT-004656,CUST-02569,2024-04-22,signup,,Pro,0,15
EVT-004748,CUST-02622,2024-04-22,signup,,Free,0,0
EVT-004765,CUST-02633,2024-04-22,signup,,Pro,0,15
EVT-004767,CUST-02634,2024-04-22,signup,,Pro,0,15
EVT-004772,CUST-02637,2024-04-22,signup,,Pro,0,15
EVT-004793,CUST-02650,2024-04-22,signup,,Pro,0,15
EVT-004805,CUST-02657,2024-04-22,signup,,Pro,0,15
EVT-000414,CUST-00209,2024-04-23,cancel,Business,Cancelled,49,0
EVT-000770,CUST-00392,2024-04-23,upgrade,Pro,Business,15,49
EVT-001026,CUST-00523,2024-04-23,cancel,Pro,Cancelled,15,0
EVT-003353,CUST-01787,2024-04-23,cancel,Free,Cancelled,0,0
EVT-003809,CUST-02054,2024-04-23,cancel,Free,Cancelled,0,0
EVT-004391,CUST-02401,2024-04-23,signup,,Pro,0,15
EVT-004424,CUST-02418,2024-04-23,signup,,Enterprise,0,199
EVT-004483,CUST-02454,2024-04-23,signup,,Enterprise,0,199
EVT-004497,CUST-02465,2024-04-23,signup,,Pro,0,15
EVT-004526,CUST-02483,2024-04-23,signup,,Free,0,0
EVT-004611,CUST-02541,2024-04-23,signup,,Business,0,49
EVT-004628,CUST-02551,2024-04-23,signup,,Business,0,49
EVT-004634,CUST-02556,2024-04-23,signup,,Pro,0,15
EVT-004752,CUST-02625,2024-04-23,signup,,Free,0,0
EVT-004815,CUST-02663,2024-04-23,signup,,Free,0,0
EVT-004827,CUST-02669,2024-04-23,signup,,Pro,0,15
EVT-001302,CUST-00670,2024-04-24,cancel,Pro,Cancelled,15,0
EVT-002943,CUST-01552,2024-04-24,cancel,Free,Cancelled,0,0
EVT-003124,CUST-01656,2024-04-24,cancel,Business,Cancelled,49,0
EVT-003240,CUST-01720,2024-04-24,cancel,Free,Cancelled,0,0
EVT-003399,CUST-01814,2024-04-24,cancel,Free,Cancelled,0,0
EVT-003702,CUST-01996,2024-04-24,upgrade,Free,Pro,0,15
EVT-004010,CUST-02170,2024-04-24,cancel,Free,Cancelled,0,0
EVT-004414,CUST-02414,2024-04-24,signup,,Free,0,0
EVT-004485,CUST-02456,2024-04-24,signup,,Pro,0,15
EVT-004507,CUST-02472,2024-04-24,signup,,Free,0,0
EVT-004545,CUST-02496,2024-04-24,signup,,Free,0,0
EVT-004694,CUST-02591,2024-04-24,signup,,Pro,0,15
EVT-004712,CUST-02601,2024-04-24,signup,,Enterprise,0,199
EVT-004777,CUST-02640,2024-04-24,signup,,Free,0,0
EVT-004819,CUST-02665,2024-04-24,signup,,Pro,0,15
EVT-004821,CUST-02666,2024-04-24,signup,,Free,0,0
EVT-000183,CUST-00093,2024-04-25,downgrade,Business,Pro,49,15
EVT-001462,CUST-00750,2024-04-25,upgrade,Pro,Business,15,49
EVT-002505,CUST-01315,2024-04-25,downgrade,Business,Pro,49,15
EVT-003879,CUST-02097,2024-04-25,cancel,Pro,Cancelled,15,0
EVT-004087,CUST-02216,2024-04-25,cancel,Pro,Cancelled,15,0
EVT-004292,CUST-02341,2024-04-25,cancel,Pro,Cancelled,15,0
EVT-004404,CUST-02409,2024-04-25,signup,,Free,0,0
EVT-004420,CUST-02416,2024-04-25,signup,,Pro,0,15
EVT-004474,CUST-02448,2024-04-25,signup,,Business,0,49
EVT-004540,CUST-02492,2024-04-25,signup,,Business,0,49
EVT-004552,CUST-02501,2024-04-25,signup,,Pro,0,15
EVT-004582,CUST-02520,2024-04-25,signup,,Pro,0,15
EVT-004679,CUST-02582,2024-04-25,signup,,Free,0,0
EVT-004738,CUST-02616,2024-04-25,signup,,Free,0,0
EVT-004746,CUST-02621,2024-04-25,signup,,Free,0,0
EVT-001317,CUST-00677,2024-04-26,upgrade,Free,Pro,0,15
EVT-003626,CUST-01950,2024-04-26,upgrade,Pro,Business,15,49
EVT-003956,CUST-02140,2024-04-26,upgrade,Free,Pro,0,15
EVT-004034,CUST-02183,2024-04-26,cancel,Free,Cancelled,0,0
EVT-004445,CUST-02431,2024-04-26,signup,,Pro,0,15
EVT-004480,CUST-02452,2024-04-26,signup,,Pro,0,15
EVT-004504,CUST-02470,2024-04-26,signup,,Business,0,49
EVT-004538,CUST-02491,2024-04-26,signup,,Pro,0,15
EVT-004581,CUST-02519,2024-04-26,signup,,Enterprise,0,199
EVT-004710,CUST-02600,2024-04-26,signup,,Free,0,0
EVT-004726,CUST-02609,2024-04-26,signup,,Pro,0,15
EVT-004745,CUST-02620,2024-04-26,signup,,Business,0,49
EVT-004781,CUST-02642,2024-04-26,signup,,Free,0,0
EVT-001565,CUST-00804,2024-04-27,cancel,Pro,Cancelled,15,0
EVT-002260,CUST-01179,2024-04-27,downgrade,Pro,Free,15,0
EVT-003219,CUST-01708,2024-04-27,cancel,Free,Cancelled,0,0
EVT-003333,CUST-01775,2024-04-27,upgrade,Free,Pro,0,15
EVT-003642,CUST-01960,2024-04-27,cancel,Free,Cancelled,0,0
EVT-003971,CUST-02149,2024-04-27,cancel,Free,Cancelled,0,0
EVT-004058,CUST-02197,2024-04-27,cancel,Free,Cancelled,0,0
EVT-004409,CUST-02411,2024-04-27,signup,,Free,0,0
EVT-004442,CUST-02430,2024-04-27,signup,,Free,0,0
EVT-004586,CUST-02523,2024-04-27,signup,,Business,0,49
EVT-004594,CUST-02529,2024-04-27,signup,,Free,0,0
EVT-004613,CUST-02542,2024-04-27,signup,,Free,0,0
EVT-004641,CUST-02559,2024-04-27,signup,,Pro,0,15
EVT-004676,CUST-02581,2024-04-27,signup,,Pro,0,15
EVT-004703,CUST-02596,2024-04-27,signup,,Free,0,0
EVT-004789,CUST-02648,2024-04-27,signup,,Pro,0,15
EVT-000731,CUST-00371,2024-05-01,cancel,Free,Cancelled,0,0
EVT-001400,CUST-00719,2024-05-01,cancel,Free,Cancelled,0,0
EVT-002198,CUST-01147,2024-05-01,cancel,Pro,Cancelled,15,0
EVT-002546,CUST-01336,2024-05-01,cancel,Business,Cancelled,49,0
EVT-002644,CUST-01387,2024-05-01,cancel,Pro,Cancelled,15,0
EVT-002679,CUST-01408,2024-05-01,cancel,Free,Cancelled,0,0
EVT-003203,CUST-01699,2024-05-01,cancel,Pro,Cancelled,15,0
EVT-003807,CUST-02053,2024-05-01,cancel,Free,Cancelled,0,0
EVT-004920,CUST-02726,2024-05-01,signup,,Pro,0,15
EVT-004929,CUST-02731,2024-05-01,signup,,Pro,0,15
EVT-004935,CUST-02736,2024-05-01,signup,,Pro,0,15
EVT-005072,CUST-02819,2024-05-01,signup,,Free,0,0
EVT-005087,CUST-02829,2024-05-01,signup,,Business,0,49
EVT-005099,CUST-02836,2024-05-01,signup,,Pro,0,15
EVT-005113,CUST-02845,2024-05-01,signup,,Free,0,0
EVT-005249,CUST-02929,2024-05-01,signup,,Pro,0,15
EVT-005306,CUST-02967,2024-05-01,signup,,Free,0,0
EVT-002810,CUST-01476,2024-05-02,cancel,Pro,Cancelled,15,0
EVT-004132,CUST-02244,2024-05-02,upgrade,Free,Pro,0,15
EVT-004189,CUST-02277,2024-05-02,cancel,Free,Cancelled,0,0
EVT-004390,CUST-02400,2024-05-02,upgrade,Pro,Business,15,49
EVT-004422,CUST-02417,2024-05-02,upgrade,Free,Pro,0,15
EVT-004535,CUST-02489,2024-05-02,cancel,Enterprise,Cancelled,199,0
EVT-004643,CUST-02560,2024-05-02,upgrade,Free,Pro,0,15
EVT-004651,CUST-02565,2024-05-02,cancel,Pro,Cancelled,15,0
EVT-004881,CUST-02702,2024-05-02,signup,,Pro,0,15
EVT-004930,CUST-02732,2024-05-02,signup,,Pro,0,15
EVT-004953,CUST-02748,2024-05-02,signup,,Business,0,49
EVT-004971,CUST-02760,2024-05-02,signup,,Pro,0,15
EVT-004974,CUST-02762,2024-05-02,signup,,Business,0,49
EVT-005020,CUST-02788,2024-05-02,signup,,Free,0,0
EVT-005078,CUST-02823,2024-05-02,signup,,Free,0,0
EVT-005085,CUST-02828,2024-05-02,signup,,Free,0,0
EVT-005118,CUST-02848,2024-05-02,signup,,Pro,0,15
EVT-005123,CUST-02851,2024-05-02,signup,,Pro,0,15
EVT-005221,CUST-02912,2024-05-02,signup,,Pro,0,15
EVT-005299,CUST-02963,2024-05-02,signup,,Free,0,0
EVT-001210,CUST-00621,2024-05-03,cancel,Free,Cancelled,0,0
EVT-001616,CUST-00832,2024-05-03,cancel,Free,Cancelled,0,0
EVT-003328,CUST-01772,2024-05-03,cancel,Pro,Cancelled,15,0
EVT-004522,CUST-02480,2024-05-03,cancel,Pro,Cancelled,15,0
EVT-004555,CUST-02503,2024-05-03,upgrade,Pro,Business,15,49
EVT-004664,CUST-02573,2024-05-03,upgrade,Free,Pro,0,15
EVT-004871,CUST-02696,2024-05-03,signup,,Business,0,49
EVT-004890,CUST-02708,2024-05-03,signup,,Free,0,0
EVT-004909,CUST-02720,2024-05-03,signup,,Free,0,0
EVT-004936,CUST-02737,2024-05-03,signup,,Free,0,0
EVT-004957,CUST-02751,2024-05-03,signup,,Free,0,0
EVT-004978,CUST-02764,2024-05-03,signup,,Free,0,0
EVT-004982,CUST-02765,2024-05-03,signup,,Pro,0,15
EVT-005009,CUST-02782,2024-05-03,signup,,Free,0,0
EVT-005058,CUST-02811,2024-05-03,signup,,Business,0,49
EVT-005059,CUST-02812,2024-05-03,signup,,Pro,0,15
EVT-005095,CUST-02834,2024-05-03,signup,,Free,0,0
EVT-005115,CUST-02846,2024-05-03,signup,,Pro,0,15
EVT-005158,CUST-02874,2024-05-03,signup,,Free,0,0
EVT-005216,CUST-02908,2024-05-03,signup,,Pro,0,15
EVT-005277,CUST-02947,2024-05-03,signup,,Free,0,0
EVT-003001,CUST-01584,2024-05-04,upgrade,Pro,Business,15,49
EVT-003177,CUST-01683,2024-05-04,upgrade,Pro,Business,15,49
EVT-003350,CUST-01786,2024-05-04,upgrade,Pro,Business,15,49
EVT-003952,CUST-02138,2024-05-04,cancel,Free,Cancelled,0,0
EVT-004384,CUST-02396,2024-05-04,cancel,Free,Cancelled,0,0
EVT-004401,CUST-02407,2024-05-04,cancel,Pro,Cancelled,15,0
EVT-004697,CUST-02593,2024-05-04,upgrade,Free,Pro,0,15
EVT-004911,CUST-02721,2024-05-04,signup,,Pro,0,15
EVT-004969,CUST-02759,2024-05-04,signup,,Free,0,0
EVT-004976,CUST-02763,2024-05-04,signup,,Free,0,0
EVT-005062,CUST-02814,2024-05-04,signup,,Free,0,0
EVT-005128,CUST-02854,2024-05-04,signup,,Free,0,0
EVT-005130,CUST-02855,2024-05-04,signup,,Pro,0,15
EVT-005152,CUST-02871,2024-05-04,signup,,Free,0,0
EVT-005185,CUST-02890,2024-05-04,signup,,Free,0,0
EVT-005226,CUST-02915,2024-05-04,signup,,Free,0,0
EVT-005237,CUST-02921,2024-05-04,signup,,Pro,0,15
EVT-005287,CUST-02954,2024-05-04,signup,,Free,0,0
EVT-001721,CUST-00888,2024-05-05,upgrade,Free,Pro,0,15
EVT-002501,CUST-01313,2024-05-05,cancel,Pro,Cancelled,15,0
EVT-004242,CUST-02310,2024-05-05,cancel,Pro,Cancelled,15,0
EVT-004362,CUST-02383,2024-05-05,cancel,Free,Cancelled,0,0
EVT-004576,CUST-02515,2024-05-05,cancel,Free,Cancelled,0,0
EVT-004617,CUST-02544,2024-05-05,cancel,Free,Cancelled,0,0
EVT-004677,CUST-02581,2024-05-05,upgrade,Pro,Business,15,49
EVT-004904,CUST-02717,2024-05-05,signup,,Business,0,49
EVT-004939,CUST-02739,2024-05-05,signup,,Business,0,49
EVT-004943,CUST-02742,2024-05-05,signup,,Free,0,0
EVT-004987,CUST-02768,2024-05-05,signup,,Business,0,49
EVT-004998,CUST-02775,2024-05-05,signup,,Enterprise,0,199
EVT-005022,CUST-02789,2024-05-05,signup,,Free,0,0
EVT-005030,CUST-02794,2024-05-05,signup,,Pro,0,15
EVT-005040,CUST-02800,2024-05-05,signup,,Free,0,0
EVT-005049,CUST-02805,2024-05-05,signup,,Pro,0,15
EVT-005060,CUST-02813,2024-05-05,signup,,Pro,0,15
EVT-005097,CUST-02835,2024-05-05,signup,,Free,0,0
EVT-005244,CUST-02925,2024-05-05,signup,,Free,0,0
EVT-005260,CUST-02935,2024-05-05,signup,,Pro,0,15
EVT-005295,CUST-02960,2024-05-05,signup,,Free,0,0
EVT-005310,CUST-02969,2024-05-05,signup,,Enterprise,0,199
EVT-000935,CUST-00477,2024-05-06,upgrade,Pro,Business,15,49
EVT-001219,CUST-00625,2024-05-06,cancel,Business,Cancelled,49,0
EVT-001816,CUST-00939,2024-05-06,cancel,Free,Cancelled,0,0
EVT-001954,CUST-01017,2024-05-06,upgrade,Pro,Business,15,49
EVT-002683,CUST-01410,2024-05-06,cancel,Free,Cancelled,0,0
EVT-003244,CUST-01722,2024-05-06,cancel,Pro,Cancelled,15,0
EVT-003711,CUST-02001,2024-05-06,upgrade,Pro,Business,15,49
EVT-003799,CUST-02048,2024-05-06,upgrade,Free,Pro,0,15
EVT-004864,CUST-02692,2024-05-06,signup,,Free,0,0
EVT-004874,CUST-02698,2024-05-06,signup,,Pro,0,15
EVT-004912,CUST-02722,2024-05-06,signup,,Free,0,0
EVT-004916,CUST-02724,2024-05-06,signup,,Free,0,0
EVT-004963,CUST-02755,2024-05-06,signup,,Pro,0,15
EVT-005015,CUST-02785,2024-05-06,signup,,Free,0,0
EVT-005024,CUST-02790,2024-05-06,signup,,Pro,0,15
EVT-005052,CUST-02807,2024-05-06,signup,,Free,0,0
EVT-005131,CUST-02856,2024-05-06,signup,,Pro,0,15
EVT-005139,CUST-02863,2024-05-06,signup,,Free,0,0
EVT-005146,CUST-02867,2024-05-06,signup,,Free,0,0
EVT-005154,CUST-02872,2024-05-06,signup,,Free,0,0
EVT-005267,CUST-02940,2024-05-06,signup,,Pro,0,15
EVT-001395,CUST-00717,2024-05-07,upgrade,Free,Pro,0,15
EVT-003045,CUST-01608,2024-05-07,cancel,Pro,Cancelled,15,0
EVT-003979,CUST-02153,2024-05-07,downgrade,Pro,Free,15,0
EVT-003983,CUST-02155,2024-05-07,cancel,Pro,Cancelled,15,0
EVT-004023,CUST-02176,2024-05-07,cancel,Free,Cancelled,0,0
EVT-004183,CUST-02274,2024-05-07,cancel,Free,Cancelled,0,0
EVT-004294,CUST-02342,2024-05-07,cancel,Free,Cancelled,0,0
EVT-004593,CUST-02528,2024-05-07,cancel,Free,Cancelled,0,0
EVT-004820,CUST-02665,2024-05-07,cancel,Pro,Cancelled,15,0
EVT-004857,CUST-02687,2024-05-07,signup,,Pro,0,15
EVT-004879,CUST-02701,2024-05-07,signup,,Pro,0,15
EVT-004898,CUST-02713,2024-05-07,signup,,Free,0,0
EVT-004899,CUST-02714,2024-05-07,signup,,Free,0,0
EVT-004964,CUST-02756,2024-05-07,signup,,Pro,0,15
EVT-004986,CUST-02767,2024-05-07,signup,,Business,0,49
EVT-005001,CUST-02777,2024-05-07,signup,,Free,0,0
EVT-005039,CUST-02799,2024-05-07,signup,,Pro,0,15
EVT-005120,CUST-02849,2024-05-07,signup,,Pro,0,15
EVT-005164,CUST-02877,2024-05-07,signup,,Free,0,0
EVT-005246,CUST-02927,2024-05-07,signup,,Pro,0,15
EVT-005271,CUST-02943,2024-05-07,signup,,Pro,0,15
EVT-005291,CUST-02956,2024-05-07,signup,,Free,0,0
EVT-001284,CUST-00659,2024-05-08,cancel,Free,Cancelled,0,0
EVT-002816,CUST-01480,2024-05-08,cancel,Pro,Cancelled,15,0
EVT-004026,CUST-02178,2024-05-08,cancel,Free,Cancelled,0,0
EVT-004074,CUST-02207,2024-05-08,cancel,Pro,Cancelled,15,0
EVT-004165,CUST-02265,2024-05-08,upgrade,Free,Pro,0,15
EVT-004847,CUST-02681,2024-05-08,signup,,Business,0,49
EVT-004854,CUST-02685,2024-05-08,signup,,Free,0,0
EVT-004949,CUST-02746,2024-05-08,signup,,Free,0,0
EVT-004966,CUST-02757,2024-05-08,signup,,Free,0,0
EVT-005035,CUST-02797,2024-05-08,signup,,Free,0,0
EVT-005070,CUST-02818,2024-05-08,signup,,Free,0,0
EVT-005081,CUST-02825,2024-05-08,signup,,Free,0,0
EVT-005091,CUST-02832,2024-05-08,signup,,Free,0,0
EVT-005108,CUST-02842,2024-05-08,signup,,Pro,0,15
EVT-005149,CUST-02869,2024-05-08,signup,,Pro,0,15
EVT-005262,CUST-02937,2024-05-08,signup,,Free,0,0
EVT-000728,CUST-00370,2024-05-09,downgrade,Business,Pro,49,15
EVT-002192,CUST-01144,2024-05-09,cancel,Free,Cancelled,0,0
EVT-002827,CUST-01486,2024-05-09,cancel,Free,Cancelled,0,0
EVT-003021,CUST-01595,2024-05-09,cancel,Enterprise,Cancelled,199,0
EVT-004386,CUST-02397,2024-05-09,upgrade,Free,Pro,0,15
EVT-004501,CUST-02467,2024-05-09,cancel,Free,Cancelled,0,0
EVT-004691,CUST-02588,2024-05-09,cancel,Free,Cancelled,0,0
EVT-004723,CUST-02607,2024-05-09,downgrade,Pro,Free,15,0
EVT-004725,CUST-02608,2024-05-09,cancel,Business,Cancelled,49,0
EVT-004758,CUST-02628,2024-05-09,cancel,Pro,Cancelled,15,0
EVT-004869,CUST-02695,2024-05-09,signup,,Free,0,0
EVT-004972,CUST-02761,2024-05-09,signup,,Free,0,0
EVT-005103,CUST-02839,2024-05-09,signup,,Pro,0,15
EVT-005168,CUST-02879,2024-05-09,signup,,Pro,0,15
EVT-005170,CUST-02880,2024-05-09,signup,,Free,0,0
EVT-005196,CUST-02896,2024-05-09,signup,,Free,0,0
EVT-005206,CUST-02902,2024-05-09,signup,,Free,0,0
EVT-005235,CUST-02920,2024-05-09,signup,,Free,0,0
EVT-005257,CUST-02933,2024-05-09,signup,,Free,0,0
EVT-000577,CUST-00294,2024-05-10,cancel,Pro,Cancelled,15,0
EVT-002460,CUST-01290,2024-05-10,cancel,Free,Cancelled,0,0
EVT-003431,CUST-01832,2024-05-10,cancel,Pro,Cancelled,15,0
EVT-004021,CUST-02175,2024-05-10,cancel,Free,Cancelled,0,0
EVT-004432,CUST-02424,2024-05-10,cancel,Free,Cancelled,0,0
EVT-004637,CUST-02557,2024-05-10,upgrade,Free,Pro,0,15
EVT-004888,CUST-02707,2024-05-10,signup,,Pro,0,15
EVT-004999,CUST-02776,2024-05-10,signup,,Free,0,0
EVT-005006,CUST-02779,2024-05-10,signup,,Pro,0,15
EVT-005066,CUST-02816,2024-05-10,signup,,Pro,0,15
EVT-005125,CUST-02852,2024-05-10,signup,,Pro,0,15
EVT-005126,CUST-02853,2024-05-10,signup,,Pro,0,15
EVT-005162,CUST-02876,2024-05-10,signup,,Business,0,49
EVT-005198,CUST-02897,2024-05-10,signup,,Pro,0,15
EVT-005240,CUST-02923,2024-05-10,signup,,Pro,0,15
EVT-005248,CUST-02928,2024-05-10,signup,,Free,0,0
EVT-005251,CUST-02930,2024-05-10,signup,,Free,0,0
EVT-000487,CUST-00245,2024-05-11,cancel,Business,Cancelled,49,0
EVT-000564,CUST-00288,2024-05-11,cancel,Pro,Cancelled,15,0
EVT-001552,CUST-00798,2024-05-11,upgrade,Pro,Business,15,49
EVT-001672,CUST-00863,2024-05-11,downgrade,Pro,Free,15,0
EVT-003330,CUST-01773,2024-05-11,cancel,Pro,Cancelled,15,0
EVT-003552,CUST-01904,2024-05-11,upgrade,Free,Pro,0,15
EVT-003754,CUST-02024,2024-05-11,cancel,Free,Cancelled,0,0
EVT-004381,CUST-02394,2024-05-11,upgrade,Pro,Business,15,49
EVT-004546,CUST-02496,2024-05-11,cancel,Free,Cancelled,0,0
EVT-004944,CUST-02743,2024-05-11,signup,,Free,0,0
EVT-004946,CUST-02744,2024-05-11,signup,,Pro,0,15
EVT-004996,CUST-02774,2024-05-11,signup,,Free,0,0
EVT-005101,CUST-02837,2024-05-11,signup,,Business,0,49
EVT-005112,CUST-02844,2024-05-11,signup,,Free,0,0
EVT-005143,CUST-02865,2024-05-11,signup,,Pro,0,15
EVT-005156,CUST-02873,2024-05-11,signup,,Free,0,0
EVT-005210,CUST-02904,2024-05-11,signup,,Pro,0,15
EVT-005311,CUST-02970,2024-05-11,signup,,Free,0,0
EVT-000614,CUST-00314,2024-05-12,cancel,Pro,Cancelled,15,0
EVT-001249,CUST-00641,2024-05-12,downgrade,Pro,Free,15,0
EVT-001689,CUST-00872,2024-05-12,upgrade,Pro,Business,15,49
EVT-002997,CUST-01581,2024-05-12,downgrade,Pro,Free,15,0
EVT-003767,CUST-02031,2024-05-12,upgrade,Free,Pro,0,15
EVT-004621,CUST-02546,2024-05-12,cancel,Free,Cancelled,0,0
EVT-004739,CUST-02616,2024-05-12,cancel,Free,Cancelled,0,0
EVT-004866,CUST-02693,2024-05-12,signup,,Pro,0,15
EVT-004894,CUST-02710,2024-05-12,signup,,Free,0,0
EVT-004932,CUST-02734,2024-05-12,signup,,Free,0,0
EVT-005082,CUST-02826,2024-05-12,signup,,Pro,0,15
EVT-005110,CUST-02843,2024-05-12,signup,,Free,0,0
EVT-005133,CUST-02858,2024-05-12,signup,,Pro,0,15
EVT-005134,CUST-02859,2024-05-12,signup,,Free,0,0
EVT-005135,CUST-02860,2024-05-12,signup,,Pro,0,15
EVT-005187,CUST-02891,2024-05-12,signup,,Business,0,49
EVT-005193,CUST-02894,2024-05-12,signup,,Free,0,0
EVT-005242,CUST-02924,2024-05-12,signup,,Free,0,0
EVT-005312,CUST-02971,2024-05-12,signup,,Business,0,49
EVT-003158,CUST-01671,2024-05-13,upgrade,Free,Pro,0,15
EVT-003212,CUST-01704,2024-05-13,upgrade,Pro,Business,15,49
EVT-003790,CUST-02043,2024-05-13,cancel,Free,Cancelled,0,0
EVT-004187,CUST-02276,2024-05-13,cancel,Pro,Cancelled,15,0
EVT-004850,CUST-02683,2024-05-13,signup,,Business,0,49
EVT-004947,CUST-02745,2024-05-13,signup,,Pro,0,15
EVT-004961,CUST-02754,2024-05-13,signup,,Free,0,0
EVT-005011,CUST-02783,2024-05-13,signup,,Free,0,0
EVT-005025,CUST-02791,2024-05-13,signup,,Free,0,0
EVT-005037,CUST-02798,2024-05-13,signup,,Pro,0,15
EVT-005042,CUST-02801,2024-05-13,signup,,Free,0,0
EVT-005102,CUST-02838,2024-05-13,signup,,Pro,0,15
EVT-005268,CUST-02941,2024-05-13,signup,,Pro,0,15
EVT-005276,CUST-02946,2024-05-13,signup,,Pro,0,15
EVT-005284,CUST-02952,2024-05-13,signup,,Pro,0,15
EVT-001970,CUST-01025,2024-05-14,downgrade,Business,Pro,49,15
EVT-001976,CUST-01028,2024-05-14,cancel,Free,Cancelled,0,0
EVT-002033,CUST-01059,2024-05-14,cancel,Free,Cancelled,0,0
EVT-002583,CUST-01356,2024-05-14,cancel,Free,Cancelled,0,0
EVT-002840,CUST-01493,2024-05-14,cancel,Free,Cancelled,0,0
EVT-003335,CUST-01776,2024-05-14,cancel,Free,Cancelled,0,0
EVT-003386,CUST-01807,2024-05-14,cancel,Pro,Cancelled,15,0
EVT-004012,CUST-02171,2024-05-14,cancel,Pro,Cancelled,15,0
EVT-004325,CUST-02361,2024-05-14,cancel,Free,Cancelled,0,0
EVT-004846,CUST-02680,2024-05-14,signup,,Pro,0,15
EVT-004892,CUST-02709,2024-05-14,signup,,Pro,0,15
EVT-004926,CUST-02729,2024-05-14,signup,,Business,0,49
EVT-004931,CUST-02733,2024-05-14,signup,,Pro,0,15
EVT-004959,CUST-02753,2024-05-14,signup,,Free,0,0
EVT-005003,CUST-02778,2024-05-14,signup,,Free,0,0
EVT-005080,CUST-02824,2024-05-14,signup,,Enterprise,0,199
EVT-005141,CUST-02864,2024-05-14,signup,,Pro,0,15
EVT-005166,CUST-02878,2024-05-14,signup,,Pro,0,15
EVT-005171,CUST-02881,2024-05-14,signup,,Pro,0,15
EVT-005173,CUST-02882,2024-05-14,signup,,Free,0,0
EVT-005211,CUST-02905,2024-05-14,signup,,Pro,0,15
EVT-005261,CUST-02936,2024-05-14,signup,,Pro,0,15
EVT-005269,CUST-02942,2024-05-14,signup,,Enterprise,0,199
EVT-005285,CUST-02953,2024-05-14,signup,,Free,0,0
EVT-005297,CUST-02962,2024-05-14,signup,,Pro,0,15
EVT-001105,CUST-00565,2024-05-15,cancel,Free,Cancelled,0,0
EVT-002003,CUST-01044,2024-05-15,cancel,Free,Cancelled,0,0
EVT-004456,CUST-02436,2024-05-15,cancel,Free,Cancelled,0,0
EVT-004572,CUST-02513,2024-05-15,cancel,Free,Cancelled,0,0
EVT-004896,CUST-02711,2024-05-15,signup,,Pro,0,15
EVT-004968,CUST-02758,2024-05-15,signup,,Pro,0,15
EVT-005208,CUST-02903,2024-05-15,signup,,Pro,0,15
EVT-005213,CUST-02906,2024-05-15,signup,,Free,0,0
EVT-005220,CUST-02911,2024-05-15,signup,,Business,0,49
EVT-005253,CUST-02931,2024-05-15,signup,,Pro,0,15
EVT-005292,CUST-02957,2024-05-15,signup,,Pro,0,15
EVT-002787,CUST-01465,2024-05-16,upgrade,Pro,Business,15,49
EVT-003301,CUST-01756,2024-05-16,cancel,Free,Cancelled,0,0
EVT-004273,CUST-02327,2024-05-16,cancel,Free,Cancelled,0,0
EVT-004822,CUST-02666,2024-05-16,cancel,Free,Cancelled,0,0
EVT-004862,CUST-02691,2024-05-16,signup,,Free,0,0
EVT-004933,CUST-02735,2024-05-16,signup,,Free,0,0
EVT-004954,CUST-02749,2024-05-16,signup,,Pro,0,15
EVT-005178,CUST-02886,2024-05-16,signup,,Pro,0,15
EVT-005181,CUST-02888,2024-05-16,signup,,Free,0,0
EVT-005219,CUST-02910,2024-05-16,signup,,Enterprise,0,199
EVT-005245,CUST-02926,2024-05-16,signup,,Business,0,49
EVT-005278,CUST-02948,2024-05-16,signup,,Free,0,0
EVT-005294,CUST-02959,2024-05-16,signup,,Business,0,49
EVT-005301,CUST-02964,2024-05-16,signup,,Free,0,0
EVT-003522,CUST-01885,2024-05-17,cancel,Free,Cancelled,0,0
EVT-004430,CUST-02423,2024-05-17,cancel,Free,Cancelled,0,0
EVT-004835,CUST-02673,2024-05-17,cancel,Pro,Cancelled,15,0
EVT-004885,CUST-02705,2024-05-17,signup,,Free,0,0
EVT-005013,CUST-02784,2024-05-17,signup,,Free,0,0
EVT-005028,CUST-02792,2024-05-17,signup,,Business,0,49
EVT-005090,CUST-02831,2024-05-17,signup,,Pro,0,15
EVT-005117,CUST-02847,2024-05-17,signup,,Pro,0,15
EVT-005132,CUST-02857,2024-05-17,signup,,Business,0,49
EVT-005177,CUST-02885,2024-05-17,signup,,Free,0,0
EVT-005183,CUST-02889,2024-05-17,signup,,Pro,0,15
EVT-005202,CUST-02900,2024-05-17,signup,,Business,0,49
EVT-005296,CUST-02961,2024-05-17,signup,,Free,0,0
EVT-005308,CUST-02968,2024-05-17,signup,,Pro,0,15
EVT-000947,CUST-00483,2024-05-18,upgrade,Free,Pro,0,15
EVT-002568,CUST-01349,2024-05-18,cancel,Free,Cancelled,0,0
EVT-002610,CUST-01370,2024-05-18,cancel,Free,Cancelled,0,0
EVT-002925,CUST-01542,2024-05-18,cancel,Free,Cancelled,0,0
EVT-002977,CUST-01570,2024-05-18,cancel,Free,Cancelled,0,0
EVT-003379,CUST-01802,2024-05-18,cancel,Free,Cancelled,0,0
EVT-003560,CUST-01909,2024-05-18,upgrade,Free,Pro,0,15
EVT-004163,CUST-02264,2024-05-18,cancel,Free,Cancelled,0,0
EVT-004721,CUST-02606,2024-05-18,upgrade,Free,Pro,0,15
EVT-004798,CUST-02652,2024-05-18,cancel,Free,Cancelled,0,0
EVT-005214,CUST-02907,2024-05-18,signup,,Free,0,0
EVT-005255,CUST-02932,2024-05-18,signup,,Pro,0,15
EVT-005274,CUST-02945,2024-05-18,signup,,Free,0,0
EVT-005282,CUST-02950,2024-05-18,signup,,Pro,0,15
EVT-002662,CUST-01398,2024-05-19,cancel,Pro,Cancelled,15,0
EVT-002901,CUST-01528,2024-05-19,cancel,Free,Cancelled,0,0
EVT-003709,CUST-02000,2024-05-19,cancel,Pro,Cancelled,15,0
EVT-004806,CUST-02657,2024-05-19,cancel,Pro,Cancelled,15,0
EVT-004842,CUST-02677,2024-05-19,signup,,Free,0,0
EVT-004883,CUST-02703,2024-05-19,signup,,Pro,0,15
EVT-004908,CUST-02719,2024-05-19,signup,,Free,0,0
EVT-004937,CUST-02738,2024-05-19,signup,,Pro,0,15
EVT-005051,CUST-02806,2024-05-19,signup,,Pro,0,15
EVT-005074,CUST-02820,2024-05-19,signup,,Pro,0,15
EVT-005223,CUST-02913,2024-05-19,signup,,Free,0,0
EVT-005239,CUST-02922,2024-05-19,signup,,Pro,0,15
EVT-005264,CUST-02938,2024-05-19,signup,,Pro,0,15
EVT-005266,CUST-02939,2024-05-19,signup,,Pro,0,15
EVT-004627,CUST-02550,2024-05-20,cancel,Pro,Cancelled,15,0
EVT-004747,CUST-02621,2024-05-20,cancel,Free,Cancelled,0,0
EVT-004845,CUST-02679,2024-05-20,signup,,Enterprise,0,199
EVT-004859,CUST-02689,2024-05-20,signup,,Free,0,0
EVT-004906,CUST-02718,2024-05-20,signup,,Free,0,0
EVT-004955,CUST-02750,2024-05-20,signup,,Free,0,0
EVT-004990,CUST-02770,2024-05-20,signup,,Pro,0,15
EVT-005017,CUST-02786,2024-05-20,signup,,Pro,0,15
EVT-005046,CUST-02803,2024-05-20,signup,,Pro,0,15
EVT-005151,CUST-02870,2024-05-20,signup,,Enterprise,0,199
EVT-005175,CUST-02883,2024-05-20,signup,,Pro,0,15
EVT-005176,CUST-02884,2024-05-20,signup,,Pro,0,15
EVT-005189,CUST-02892,2024-05-20,signup,,Free,0,0
EVT-005230,CUST-02917,2024-05-20,signup,,Enterprise,0,199
EVT-005258,CUST-02934,2024-05-20,signup,,Pro,0,15
EVT-000122,CUST-00066,2024-05-21,cancel,Free,Cancelled,0,0
EVT-000971,CUST-00495,2024-05-21,cancel,Free,Cancelled,0,0
EVT-002476,CUST-01299,2024-05-21,upgrade,Pro,Business,15,49
EVT-002571,CUST-01350,2024-05-21,cancel,Pro,Cancelled,15,0
EVT-002806,CUST-01474,2024-05-21,upgrade,Pro,Business,15,49
EVT-003679,CUST-01983,2024-05-21,cancel,Pro,Cancelled,15,0
EVT-003967,CUST-02147,2024-05-21,cancel,Pro,Cancelled,15,0
EVT-004372,CUST-02388,2024-05-21,cancel,Free,Cancelled,0,0
EVT-004872,CUST-02697,2024-05-21,signup,,Pro,0,15
EVT-004941,CUST-02741,2024-05-21,signup,,Free,0,0
EVT-004951,CUST-02747,2024-05-21,signup,,Pro,0,15
EVT-004993,CUST-02772,2024-05-21,signup,,Business,0,49
EVT-005055,CUST-02809,2024-05-21,signup,,Pro,0,15
EVT-005076,CUST-02822,2024-05-21,signup,,Free,0,0
EVT-005083,CUST-02827,2024-05-21,signup,,Free,0,0
EVT-005144,CUST-02866,2024-05-21,signup,,Pro,0,15
EVT-005160,CUST-02875,2024-05-21,signup,,Free,0,0
EVT-005195,CUST-02895,2024-05-21,signup,,Pro,0,15
EVT-005205,CUST-02901,2024-05-21,signup,,Enterprise,0,199
EVT-000854,CUST-00435,2024-05-22,downgrade,Pro,Free,15,0
EVT-002246,CUST-01172,2024-05-22,upgrade,Pro,Business,15,49
EVT-002831,CUST-01488,2024-05-22,cancel,Pro,Cancelled,15,0
EVT-002954,CUST-01559,2024-05-22,downgrade,Business,Pro,49,15
EVT-003025,CUST-01597,2024-05-22,cancel,Pro,Cancelled,15,0
EVT-003060,CUST-01617,2024-05-22,cancel,Pro,Cancelled,15,0
EVT-003890,CUST-02103,2024-05-22,cancel,Pro,Cancelled,15,0
EVT-004566,CUST-02509,2024-05-22,cancel,Free,Cancelled,0,0
EVT-004727,CUST-02609,2024-05-22,cancel,Pro,Cancelled,15,0
EVT-004887,CUST-02706,2024-05-22,signup,,Pro,0,15
EVT-004922,CUST-02727,2024-05-22,signup,,Pro,0,15
EVT-004924,CUST-02728,2024-05-22,signup,,Free,0,0
EVT-004940,CUST-02740,2024-05-22,signup,,Pro,0,15
EVT-005029,CUST-02793,2024-05-22,signup,,Business,0,49
EVT-005047,CUST-02804,2024-05-22,signup,,Free,0,0
EVT-005088,CUST-02830,2024-05-22,signup,,Free,0,0
EVT-005122,CUST-02850,2024-05-22,signup,,Enterprise,0,199
EVT-005138,CUST-02862,2024-05-22,signup,,Free,0,0
EVT-005273,CUST-02944,2024-05-22,signup,,Free,0,0
EVT-002724,CUST-01431,2024-05-23,upgrade,Pro,Business,15,49
EVT-003279,CUST-01743,2024-05-23,upgrade,Free,Pro,0,15
EVT-003416,CUST-01824,2024-05-23,cancel,Free,Cancelled,0,0
EVT-004403,CUST-02408,2024-05-23,cancel,Pro,Cancelled,15,0
EVT-004958,CUST-02752,2024-05-23,signup,,Pro,0,15
EVT-004988,CUST-02769,2024-05-23,signup,,Pro,0,15
EVT-005007,CUST-02780,2024-05-23,signup,,Pro,0,15
EVT-005053,CUST-02808,2024-05-23,signup,,Free,0,0
EVT-005056,CUST-02810,2024-05-23,signup,,Pro,0,15
EVT-005064,CUST-02815,2024-05-23,signup,,Free,0,0
EVT-005068,CUST-02817,2024-05-23,signup,,Free,0,0
EVT-005180,CUST-02887,2024-05-23,signup,,Pro,0,15
EVT-005201,CUST-02899,2024-05-23,signup,,Business,0,49
EVT-005228,CUST-02916,2024-05-23,signup,,Pro,0,15
EVT-005293,CUST-02958,2024-05-23,signup,,Enterprise,0,199
EVT-001359,CUST-00697,2024-05-24,cancel,Pro,Cancelled,15,0
EVT-002110,CUST-01100,2024-05-24,upgrade,Pro,Business,15,49
EVT-004028,CUST-02179,2024-05-24,cancel,Free,Cancelled,0,0
EVT-004215,CUST-02293,2024-05-24,cancel,Pro,Cancelled,15,0
EVT-004574,CUST-02514,2024-05-24,cancel,Free,Cancelled,0,0
EVT-004741,CUST-02617,2024-05-24,cancel,Free,Cancelled,0,0
EVT-004848,CUST-02682,2024-05-24,signup,,Business,0,49
EVT-004855,CUST-02686,2024-05-24,signup,,Pro,0,15
EVT-004858,CUST-02688,2024-05-24,signup,,Business,0,49
EVT-004877,CUST-02700,2024-05-24,signup,,Pro,0,15
EVT-004884,CUST-02704,2024-05-24,signup,,Free,0,0
EVT-004902,CUST-02716,2024-05-24,signup,,Pro,0,15
EVT-004914,CUST-02723,2024-05-24,signup,,Free,0,0
EVT-004994,CUST-02773,2024-05-24,signup,,Pro,0,15
EVT-005044,CUST-02802,2024-05-24,signup,,Pro,0,15
EVT-005094,CUST-02833,2024-05-24,signup,,Pro,0,15
EVT-005104,CUST-02840,2024-05-24,signup,,Pro,0,15
EVT-005200,CUST-02898,2024-05-24,signup,,Free,0,0
EVT-005217,CUST-02909,2024-05-24,signup,,Free,0,0
EVT-005225,CUST-02914,2024-05-24,signup,,Enterprise,0,199
EVT-005280,CUST-02949,2024-05-24,signup,,Free,0,0
EVT-005283,CUST-02951,2024-05-24,signup,,Free,0,0
EVT-001418,CUST-00728,2024-05-25,upgrade,Pro,Business,15,49
EVT-003069,CUST-01622,2024-05-25,cancel,Free,Cancelled,0,0
EVT-003866,CUST-02090,2024-05-25,downgrade,Business,Pro,49,15
EVT-004928,CUST-02730,2024-05-25,signup,,Free,0,0
EVT-005034,CUST-02796,2024-05-25,signup,,Free,0,0
EVT-005147,CUST-02868,2024-05-25,signup,,Pro,0,15
EVT-005191,CUST-02893,2024-05-25,signup,,Pro,0,15
EVT-005233,CUST-02919,2024-05-25,signup,,Free,0,0
EVT-005288,CUST-02955,2024-05-25,signup,,Free,0,0
EVT-000969,CUST-00494,2024-05-26,upgrade,Free,Pro,0,15
EVT-002064,CUST-01075,2024-05-26,downgrade,Business,Pro,49,15
EVT-004407,CUST-02410,2024-05-26,upgrade,Free,Pro,0,15
EVT-004861,CUST-02690,2024-05-26,signup,,Free,0,0
EVT-004897,CUST-02712,2024-05-26,signup,,Pro,0,15
EVT-004918,CUST-02725,2024-05-26,signup,,Pro,0,15
EVT-004984,CUST-02766,2024-05-26,signup,,Pro,0,15
EVT-005008,CUST-02781,2024-05-26,signup,,Business,0,49
EVT-005032,CUST-02795,2024-05-26,signup,,Free,0,0
EVT-005075,CUST-02821,2024-05-26,signup,,Pro,0,15
EVT-005303,CUST-02965,2024-05-26,signup,,Pro,0,15
EVT-002557,CUST-01342,2024-05-27,cancel,Pro,Cancelled,15,0
EVT-003283,CUST-01745,2024-05-27,cancel,Business,Cancelled,49,0
EVT-004308,CUST-02352,2024-05-27,cancel,Pro,Cancelled,15,0
EVT-004790,CUST-02648,2024-05-27,cancel,Pro,Cancelled,15,0
EVT-004843,CUST-02678,2024-05-27,signup,,Free,0,0
EVT-004852,CUST-02684,2024-05-27,signup,,Pro,0,15
EVT-004867,CUST-02694,2024-05-27,signup,,Free,0,0
EVT-004875,CUST-02699,2024-05-27,signup,,Pro,0,15
EVT-004901,CUST-02715,2024-05-27,signup,,Free,0,0
EVT-004991,CUST-02771,2024-05-27,signup,,Pro,0,15
EVT-005019,CUST-02787,2024-05-27,signup,,Free,0,0
EVT-005106,CUST-02841,2024-05-27,signup,,Free,0,0
EVT-005136,CUST-02861,2024-05-27,signup,,Pro,0,15
EVT-005231,CUST-02918,2024-05-27,signup,,Pro,0,15
EVT-005304,CUST-02966,2024-05-27,signup,,Free,0,0
EVT-001469,CUST-00754,2024-06-01,upgrade,Free,Pro,0,15
EVT-001578,CUST-00810,2024-06-01,cancel,Free,Cancelled,0,0
EVT-001663,CUST-00857,2024-06-01,cancel,Free,Cancelled,0,0
EVT-003450,CUST-01844,2024-06-01,upgrade,Pro,Business,15,49
EVT-003508,CUST-01877,2024-06-01,cancel,Free,Cancelled,0,0
EVT-003525,CUST-01886,2024-06-01,cancel,Pro,Cancelled,15,0
EVT-004002,CUST-02166,2024-06-01,cancel,Pro,Cancelled,15,0
EVT-004519,CUST-02478,2024-06-01,cancel,Free,Cancelled,0,0
EVT-004749,CUST-02622,2024-06-01,cancel,Free,Cancelled,0,0
EVT-005317,CUST-02974,2024-06-01,signup,,Pro,0,15
EVT-005435,CUST-03051,2024-06-01,signup,,Business,0,49
EVT-005438,CUST-03053,2024-06-01,signup,,Free,0,0
EVT-005485,CUST-03082,2024-06-01,signup,,Pro,0,15
EVT-005549,CUST-03124,2024-06-01,signup,,Free,0,0
EVT-005623,CUST-03171,2024-06-01,signup,,Free,0,0
EVT-005689,CUST-03215,2024-06-01,signup,,Pro,0,15
EVT-005728,CUST-03241,2024-06-01,signup,,Pro,0,15
EVT-001318,CUST-00677,2024-06-02,downgrade,Pro,Free,15,0
EVT-002674,CUST-01405,2024-06-02,cancel,Free,Cancelled,0,0
EVT-004393,CUST-02402,2024-06-02,cancel,Pro,Cancelled,15,0
EVT-004604,CUST-02535,2024-06-02,cancel,Pro,Cancelled,15,0
EVT-004624,CUST-02548,2024-06-02,upgrade,Free,Pro,0,15
EVT-004962,CUST-02754,2024-06-02,cancel,Free,Cancelled,0,0
EVT-005203,CUST-02900,2024-06-02,downgrade,Business,Pro,49,15
EVT-005373,CUST-03011,2024-06-02,signup,,Pro,0,15
EVT-005407,CUST-03032,2024-06-02,signup,,Business,0,49
EVT-005424,CUST-03043,2024-06-02,signup,,Pro,0,15
EVT-005566,CUST-03134,2024-06-02,signup,,Free,0,0
EVT-005646,CUST-03186,2024-06-02,signup,,Free,0,0
EVT-005696,CUST-03221,2024-06-02,signup,,Free,0,0
EVT-005722,CUST-03237,2024-06-02,signup,,Pro,0,15
EVT-000246,CUST-00123,2024-06-03,cancel,Pro,Cancelled,15,0
EVT-003883,CUST-02100,2024-06-03,cancel,Business,Cancelled,49,0
EVT-004731,CUST-02611,2024-06-03,cancel,Free,Cancelled,0,0
EVT-005215,CUST-02907,2024-06-03,cancel,Free,Cancelled,0,0
EVT-005319,CUST-02976,2024-06-03,signup,,Pro,0,15
EVT-005394,CUST-03024,2024-06-03,signup,,Free,0,0
EVT-005397,CUST-03026,2024-06-03,signup,,Free,0,0
EVT-005481,CUST-03079,2024-06-03,signup,,Enterprise,0,199
EVT-005624,CUST-03172,2024-06-03,signup,,Free,0,0
EVT-005726,CUST-03239,2024-06-03,signup,,Pro,0,15
EVT-003140,CUST-01663,2024-06-04,upgrade,Pro,Business,15,49
EVT-003233,CUST-01716,2024-06-04,upgrade,Pro,Business,15,49
EVT-004177,CUST-02272,2024-06-04,downgrade,Pro,Free,15,0
EVT-004310,CUST-02353,2024-06-04,cancel,Free,Cancelled,0,0
EVT-004760,CUST-02629,2024-06-04,cancel,Free,Cancelled,0,0
EVT-004801,CUST-02654,2024-06-04,cancel,Pro,Cancelled,15,0
EVT-005077,CUST-02822,2024-06-04,cancel,Free,Cancelled,0,0
EVT-005238,CUST-02921,2024-06-04,cancel,Pro,Cancelled,15,0
EVT-005318,CUST-02975,2024-06-04,signup,,Free,0,0
EVT-005321,CUST-02977,2024-06-04,signup,,Free,0,0
EVT-005361,CUST-03003,2024-06-04,signup,,Free,0,0
EVT-005390,CUST-03021,2024-06-04,signup,,Free,0,0
EVT-005444,CUST-03056,2024-06-04,signup,,Free,0,0
EVT-005460,CUST-03065,2024-06-04,signup,,Free,0,0
EVT-005462,CUST-03066,2024-06-04,signup,,Pro,0,15
EVT-005537,CUST-03116,2024-06-04,signup,,Pro,0,15
EVT-005568,CUST-03136,2024-06-04,signup,,Enterprise,0,199
EVT-005573,CUST-03140,2024-06-04,signup,,Free,0,0
EVT-005609,CUST-03163,2024-06-04,signup,,Free,0,0
EVT-005617,CUST-03167,2024-06-04,signup,,Pro,0,15
EVT-005660,CUST-03196,2024-06-04,signup,,Pro,0,15
EVT-005708,CUST-03229,2024-06-04,signup,,Pro,0,15
EVT-003907,CUST-02112,2024-06-05,cancel,Free,Cancelled,0,0
EVT-004042,CUST-02187,2024-06-05,cancel,Free,Cancelled,0,0
EVT-004229,CUST-02302,2024-06-05,cancel,Pro,Cancelled,15,0
EVT-005224,CUST-02913,2024-06-05,cancel,Free,Cancelled,0,0
EVT-005357,CUST-03001,2024-06-05,signup,,Free,0,0
EVT-005375,CUST-03012,2024-06-05,signup,,Free,0,0
EVT-005413,CUST-03036,2024-06-05,signup,,Pro,0,15
EVT-005474,CUST-03074,2024-06-05,signup,,Pro,0,15
EVT-005491,CUST-03087,2024-06-05,signup,,Free,0,0
EVT-005532,CUST-03113,2024-06-05,signup,,Business,0,49
EVT-005569,CUST-03137,2024-06-05,signup,,Pro,0,15
EVT-005588,CUST-03150,2024-06-05,signup,,Pro,0,15
EVT-005603,CUST-03159,2024-06-05,signup,,Pro,0,15
EVT-005712,CUST-03232,2024-06-05,signup,,Business,0,49
EVT-005724,CUST-03238,2024-06-05,signup,,Pro,0,15
EVT-000736,CUST-00374,2024-06-06,upgrade,Free,Pro,0,15
EVT-001827,CUST-00945,2024-06-06,downgrade,Pro,Free,15,0
EVT-002196,CUST-01146,2024-06-06,cancel,Free,Cancelled,0,0
EVT-002594,CUST-01362,2024-06-06,cancel,Free,Cancelled,0,0
EVT-003252,CUST-01726,2024-06-06,upgrade,Pro,Business,15,49
EVT-003727,CUST-02009,2024-06-06,cancel,Free,Cancelled,0,0
EVT-004268,CUST-02324,2024-06-06,upgrade,Pro,Business,15,49
EVT-004948,CUST-02745,2024-06-06,cancel,Pro,Cancelled,15,0
EVT-005073,CUST-02819,2024-06-06,cancel,Free,Cancelled,0,0
EVT-005254,CUST-02931,2024-06-06,cancel,Pro,Cancelled,15,0
EVT-005286,CUST-02953,2024-06-06,cancel,Free,Cancelled,0,0
EVT-005366,CUST-03007,2024-06-06,signup,,Free,0,0
EVT-005381,CUST-03016,2024-06-06,signup,,Pro,0,15
EVT-005404,CUST-03030,2024-06-06,signup,,Pro,0,15
EVT-005415,CUST-03037,2024-06-06,signup,,Free,0,0
EVT-005467,CUST-03069,2024-06-06,signup,,Free,0,0
EVT-005475,CUST-03075,2024-06-06,signup,,Free,0,0
EVT-005488,CUST-03085,2024-06-06,signup,,Enterprise,0,199
EVT-005557,CUST-03128,2024-06-06,signup,,Free,0,0
EVT-005730,CUST-03243,2024-06-06,signup,,Enterprise,0,199
EVT-000826,CUST-00419,2024-06-07,upgrade,Pro,Business,15,49
EVT-001911,CUST-00992,2024-06-07,cancel,Free,Cancelled,0,0
EVT-003089,CUST-01635,2024-06-07,cancel,Free,Cancelled,0,0
EVT-003281,CUST-01744,2024-06-07,cancel,Free,Cancelled,0,0
EVT-003929,CUST-02124,2024-06-07,upgrade,Pro,Business,15,49
EVT-004006,CUST-02168,2024-06-07,upgrade,Pro,Business,15,49
EVT-004136,CUST-02246,2024-06-07,cancel,Free,Cancelled,0,0
EVT-004498,CUST-02465,2024-06-07,cancel,Pro,Cancelled,15,0
EVT-004764,CUST-02632,2024-06-07,cancel,Pro,Cancelled,15,0
EVT-005337,CUST-02987,2024-06-07,signup,,Enterprise,0,199
EVT-005344,CUST-02991,2024-06-07,signup,,Business,0,49
EVT-005406,CUST-03031,2024-06-07,signup,,Pro,0,15
EVT-005411,CUST-03035,2024-06-07,signup,,Free,0,0
EVT-005425,CUST-03044,2024-06-07,signup,,Free,0,0
EVT-005458,CUST-03064,2024-06-07,signup,,Pro,0,15
EVT-005465,CUST-03068,2024-06-07,signup,,Free,0,0
EVT-005480,CUST-03078,2024-06-07,signup,,Free,0,0
EVT-005516,CUST-03103,2024-06-07,signup,,Business,0,49
EVT-005570,CUST-03138,2024-06-07,signup,,Free,0,0
EVT-005587,CUST-03149,2024-06-07,signup,,Free,0,0
EVT-005599,CUST-03156,2024-06-07,signup,,Business,0,49
EVT-005611,CUST-03164,2024-06-07,signup,,Pro,0,15
EVT-005655,CUST-03193,2024-06-07,signup,,Enterprise,0,199
EVT-005685,CUST-03212,2024-06-07,signup,,Pro,0,15
EVT-000392,CUST-00196,2024-06-08,cancel,Pro,Cancelled,15,0
EVT-001341,CUST-00688,2024-06-08,cancel,Business,Cancelled,49,0
EVT-002358,CUST-01235,2024-06-08,cancel,Free,Cancelled,0,0
EVT-003476,CUST-01859,2024-06-08,cancel,Free,Cancelled,0,0
EVT-003746,CUST-02020,2024-06-08,cancel,Pro,Cancelled,15,0
EVT-003948,CUST-02136,2024-06-08,cancel,Free,Cancelled,0,0
EVT-004569,CUST-02511,2024-06-08,cancel,Pro,Cancelled,15,0
EVT-004662,CUST-02572,2024-06-08,cancel,Pro,Cancelled,15,0
EVT-005045,CUST-02802,2024-06-08,cancel,Pro,Cancelled,15,0
EVT-005096,CUST-02834,2024-06-08,cancel,Free,Cancelled,0,0
EVT-005391,CUST-03022,2024-06-08,signup,,Enterprise,0,199
EVT-005436,CUST-03052,2024-06-08,signup,,Pro,0,15
EVT-005455,CUST-03062,2024-06-08,signup,,Pro,0,15
EVT-005540,CUST-03118,2024-06-08,signup,,Pro,0,15
EVT-005545,CUST-03121,2024-06-08,signup,,Pro,0,15
EVT-005561,CUST-03130,2024-06-08,signup,,Free,0,0
EVT-005578,CUST-03143,2024-06-08,signup,,Pro,0,15
EVT-005591,CUST-03152,2024-06-08,signup,,Pro,0,15
EVT-005620,CUST-03169,2024-06-08,signup,,Free,0,0
EVT-005629,CUST-03175,2024-06-08,signup,,Pro,0,15
EVT-005643,CUST-03183,2024-06-08,signup,,Pro,0,15
EVT-005651,CUST-03190,2024-06-08,signup,,Free,0,0
EVT-005652,CUST-03191,2024-06-08,signup,,Free,0,0
EVT-005690,CUST-03216,2024-06-08,signup,,Pro,0,15
EVT-005692,CUST-03218,2024-06-08,signup,,Free,0,0
EVT-005707,CUST-03228,2024-06-08,signup,,Enterprise,0,199
EVT-001013,CUST-00516,2024-06-09,cancel,Pro,Cancelled,15,0
EVT-001098,CUST-00562,2024-06-09,upgrade,Free,Pro,0,15
EVT-004467,CUST-02444,2024-06-09,upgrade,Free,Pro,0,15
EVT-004475,CUST-02448,2024-06-09,cancel,Business,Cancelled,49,0
EVT-004533,CUST-02488,2024-06-09,cancel,Free,Cancelled,0,0
EVT-004915,CUST-02723,2024-06-09,cancel,Free,Cancelled,0,0
EVT-005086,CUST-02828,2024-06-09,cancel,Free,Cancelled,0,0
EVT-005309,CUST-02968,2024-06-09,cancel,Pro,Cancelled,15,0
EVT-005314,CUST-02972,2024-06-09,signup,,Free,0,0
EVT-005327,CUST-02981,2024-06-09,signup,,Pro,0,15
EVT-005353,CUST-02998,2024-06-09,signup,,Pro,0,15
EVT-005378,CUST-03014,2024-06-09,signup,,Pro,0,15
EVT-005392,CUST-03023,2024-06-09,signup,,Pro,0,15
EVT-005497,CUST-03090,2024-06-09,signup,,Free,0,0
EVT-005499,CUST-03092,2024-06-09,signup,,Pro,0,15
EVT-005522,CUST-03107,2024-06-09,signup,,Pro,0,15
EVT-005554,CUST-03126,2024-06-09,signup,,Pro,0,15
EVT-005572,CUST-03139,2024-06-09,signup,,Pro,0,15
EVT-005575,CUST-03141,2024-06-09,signup,,Free,0,0
EVT-005576,CUST-03142,2024-06-09,signup,,Free,0,0
EVT-005674,CUST-03205,2024-06-09,signup,,Free,0,0
EVT-005675,CUST-03206,2024-06-09,signup,,Free,0,0
EVT-005702,CUST-03224,2024-06-09,signup,,Business,0,49
EVT-000114,CUST-00061,2024-06-10,cancel,Free,Cancelled,0,0
EVT-003425,CUST-01828,2024-06-10,cancel,Pro,Cancelled,15,0
EVT-003606,CUST-01938,2024-06-10,upgrade,Business,Enterprise,49,199
EVT-003686,CUST-01987,2024-06-10,cancel,Free,Cancelled,0,0
EVT-004919,CUST-02725,2024-06-10,cancel,Pro,Cancelled,15,0
EVT-005155,CUST-02872,2024-06-10,cancel,Free,Cancelled,0,0
EVT-005379,CUST-03015,2024-06-10,signup,,Pro,0,15
EVT-005383,CUST-03017,2024-06-10,signup,,Free,0,0
EVT-005422,CUST-03042,2024-06-10,signup,,Pro,0,15
EVT-005511,CUST-03099,2024-06-10,signup,,Free,0,0
EVT-005513,CUST-03100,2024-06-10,signup,,Pro,0,15
EVT-005514,CUST-03101,2024-06-10,signup,,Free,0,0
EVT-005546,CUST-03122,2024-06-10,signup,,Free,0,0
EVT-005585,CUST-03148,2024-06-10,signup,,Free,0,0
EVT-005602,CUST-03158,2024-06-10,signup,,Free,0,0
EVT-005606,CUST-03161,2024-06-10,signup,,Free,0,0
EVT-005703,CUST-03225,2024-06-10,signup,,Free,0,0
EVT-005716,CUST-03235,2024-06-10,signup,,Free,0,0
EVT-001063,CUST-00543,2024-06-11,cancel,Business,Cancelled,49,0
EVT-001482,CUST-00762,2024-06-11,cancel,Free,Cancelled,0,0
EVT-003397,CUST-01813,2024-06-11,cancel,Pro,Cancelled,15,0
EVT-003958,CUST-02141,2024-06-11,cancel,Free,Cancelled,0,0
EVT-004234,CUST-02305,2024-06-11,cancel,Free,Cancelled,0,0
EVT-004667,CUST-02574,2024-06-11,cancel,Free,Cancelled,0,0
EVT-005002,CUST-02777,2024-06-11,cancel,Free,Cancelled,0,0
EVT-005084,CUST-02827,2024-06-11,cancel,Free,Cancelled,0,0
EVT-005298,CUST-02962,2024-06-11,upgrade,Pro,Business,15,49
EVT-005388,CUST-03020,2024-06-11,signup,,Free,0,0
EVT-005503,CUST-03095,2024-06-11,signup,,Free,0,0
EVT-005613,CUST-03165,2024-06-11,signup,,Free,0,0
EVT-005711,CUST-03231,2024-06-11,signup,,Free,0,0
EVT-005727,CUST-03240,2024-06-11,signup,,Pro,0,15
EVT-001424,CUST-00730,2024-06-12,downgrade,Enterprise,Business,199,49
EVT-001638,CUST-00844,2024-06-12,cancel,Business,Cancelled,49,0
EVT-002012,CUST-01048,2024-06-12,downgrade,Pro,Free,15,0
EVT-002168,CUST-01132,2024-06-12,downgrade,Business,Pro,49,15
EVT-002522,CUST-01325,2024-06-12,upgrade,Free,Pro,0,15
EVT-004150,CUST-02255,2024-06-12,downgrade,Pro,Free,15,0
EVT-004180,CUST-02273,2024-06-12,upgrade,Pro,Business,15,49
EVT-004415,CUST-02414,2024-06-12,upgrade,Free,Pro,0,15
EVT-004436,CUST-02426,2024-06-12,cancel,Free,Cancelled,0,0
EVT-004744,CUST-02619,2024-06-12,cancel,Pro,Cancelled,15,0
EVT-004925,CUST-02728,2024-06-12,cancel,Free,Cancelled,0,0
EVT-005038,CUST-02798,2024-06-12,cancel,Pro,Cancelled,15,0
EVT-005332,CUST-02984,2024-06-12,signup,,Free,0,0
EVT-005349,CUST-02995,2024-06-12,signup,,Pro,0,15
EVT-005387,CUST-03019,2024-06-12,signup,,Pro,0,15
EVT-005399,CUST-03027,2024-06-12,signup,,Business,0,49
EVT-005417,CUST-03039,2024-06-12,signup,,Free,0,0
EVT-005508,CUST-03097,2024-06-12,signup,,Free,0,0
EVT-005517,CUST-03104,2024-06-12,signup,,Pro,0,15
EVT-005529,CUST-03111,2024-06-12,signup,,Pro,0,15
EVT-005548,CUST-03123,2024-06-12,signup,,Pro,0,15
EVT-005614,CUST-03166,2024-06-12,signup,,Pro,0,15
EVT-005657,CUST-03194,2024-06-12,signup,,Free,0,0
EVT-001996,CUST-01040,2024-06-13,upgrade,Pro,Business,15,49
EVT-002796,CUST-01469,2024-06-13,cancel,Pro,Cancelled,15,0
EVT-003369,CUST-01795,2024-06-13,cancel,Free,Cancelled,0,0
EVT-003405,CUST-01817,2024-06-13,cancel,Pro,Cancelled,15,0
EVT-003631,CUST-01953,2024-06-13,cancel,Pro,Cancelled,15,0
EVT-003696,CUST-01992,2024-06-13,cancel,Free,Cancelled,0,0
EVT-004130,CUST-02243,2024-06-13,cancel,Pro,Cancelled,15,0
EVT-004315,CUST-02356,2024-06-13,cancel,Business,Cancelled,49,0
EVT-005354,CUST-02999,2024-06-13,signup,,Pro,0,15
EVT-005377,CUST-03013,2024-06-13,signup,,Pro,0,15
EVT-005384,CUST-03018,2024-06-13,signup,,Pro,0,15
EVT-005443,CUST-03055,2024-06-13,signup,,Pro,0,15
EVT-005451,CUST-03060,2024-06-13,signup,,Free,0,0
EVT-005519,CUST-03105,2024-06-13,signup,,Business,0,49
EVT-005621,CUST-03170,2024-06-13,signup,,Pro,0,15
EVT-005706,CUST-03227,2024-06-13,signup,,Pro,0,15
EVT-005729,CUST-03242,2024-06-13,signup,,Pro,0,15
EVT-002881,CUST-01517,2024-06-14,cancel,Free,Cancelled,0,0
EVT-003529,CUST-01888,2024-06-14,cancel,Free,Cancelled,0,0
EVT-003699,CUST-01994,2024-06-14,cancel,Free,Cancelled,0,0
EVT-004508,CUST-02472,2024-06-14,upgrade,Free,Pro,0,15
EVT-004794,CUST-02650,2024-06-14,cancel,Pro,Cancelled,15,0
EVT-004816,CUST-02663,2024-06-14,upgrade,Free,Pro,0,15
EVT-004868,CUST-02694,2024-06-14,cancel,Free,Cancelled,0,0
EVT-004889,CUST-02707,2024-06-14,cancel,Pro,Cancelled,15,0
EVT-005186,CUST-02890,2024-06-14,upgrade,Free,Pro,0,15
EVT-005402,CUST-03029,2024-06-14,signup,,Free,0,0
EVT-005446,CUST-03057,2024-06-14,signup,,Business,0,49
EVT-005477,CUST-03076,2024-06-14,signup,,Free,0,0
EVT-005484,CUST-03081,2024-06-14,signup,,Free,0,0
EVT-005487,CUST-03084,2024-06-14,signup,,Pro,0,15
EVT-005524,CUST-03108,2024-06-14,signup,,Free,0,0
EVT-005551,CUST-03125,2024-06-14,signup,,Pro,0,15
EVT-005626,CUST-03173,2024-06-14,signup,,Pro,0,15
EVT-005631,CUST-03176,2024-06-14,signup,,Pro,0,15
EVT-005649,CUST-03189,2024-06-14,signup,,Free,0,0
EVT-003707,CUST-01999,2024-06-15,cancel,Free,Cancelled,0,0
EVT-004323,CUST-02360,2024-06-15,cancel,Pro,Cancelled,15,0
EVT-005119,CUST-02848,2024-06-15,cancel,Pro,Cancelled,15,0
EVT-005218,CUST-02909,2024-06-15,upgrade,Free,Pro,0,15
EVT-005322,CUST-02978,2024-06-15,signup,,Free,0,0
EVT-005325,CUST-02980,2024-06-15,signup,,Pro,0,15
EVT-005348,CUST-02994,2024-06-15,signup,,Pro,0,15
EVT-005448,CUST-03058,2024-06-15,signup,,Free,0,0
EVT-005498,CUST-03091,2024-06-15,signup,,Business,0,49
EVT-005500,CUST-03093,2024-06-15,signup,,Pro,0,15
EVT-005581,CUST-03145,2024-06-15,signup,,Pro,0,15
EVT-005645,CUST-03185,2024-06-15,signup,,Pro,0,15
EVT-005698,CUST-03222,2024-06-15,signup,,Free,0,0
EVT-005733,CUST-03245,2024-06-15,signup,,Free,0,0
EVT-001208,CUST-00620,2024-06-16,cancel,Free,Cancelled,0,0
EVT-003221,CUST-01709,2024-06-16,upgrade,Free,Pro,0,15
EVT-003256,CUST-01729,2024-06-16,cancel,Free,Cancelled,0,0
EVT-003395,CUST-01812,2024-06-16,cancel,Free,Cancelled,0,0
EVT-004208,CUST-02289,2024-06-16,cancel,Pro,Cancelled,15,0
EVT-004705,CUST-02597,2024-06-16,cancel,Free,Cancelled,0,0
EVT-004766,CUST-02633,2024-06-16,cancel,Pro,Cancelled,15,0
EVT-005419,CUST-03040,2024-06-16,signup,,Pro,0,15
EVT-005420,CUST-03041,2024-06-16,signup,,Free,0,0
EVT-005426,CUST-03045,2024-06-16,signup,,Free,0,0
EVT-005470,CUST-03071,2024-06-16,signup,,Pro,0,15
EVT-005482,CUST-03080,2024-06-16,signup,,Free,0,0
EVT-005496,CUST-03089,2024-06-16,signup,,Free,0,0
EVT-005634,CUST-03178,2024-06-16,signup,,Pro,0,15
EVT-005653,CUST-03192,2024-06-16,signup,,Pro,0,15
EVT-005684,CUST-03211,2024-06-16,signup,,Pro,0,15
EVT-005715,CUST-03234,2024-06-16,signup,,Pro,0,15
EVT-000990,CUST-00504,2024-06-17,cancel,Free,Cancelled,0,0
EVT-002320,CUST-01215,2024-06-17,cancel,Business,Cancelled,49,0
EVT-002348,CUST-01228,2024-06-17,cancel,Pro,Cancelled,15,0
EVT-004337,CUST-02367,2024-06-17,cancel,Free,Cancelled,0,0
EVT-004458,CUST-02437,2024-06-17,cancel,Pro,Cancelled,15,0
EVT-004492,CUST-02462,2024-06-17,upgrade,Pro,Business,15,49
EVT-005111,CUST-02843,2024-06-17,cancel,Free,Cancelled,0,0
EVT-005396,CUST-03025,2024-06-17,signup,,Pro,0,15
EVT-005408,CUST-03033,2024-06-17,signup,,Pro,0,15
EVT-005453,CUST-03061,2024-06-17,signup,,Free,0,0
EVT-005468,CUST-03070,2024-06-17,signup,,Free,0,0
EVT-005506,CUST-03096,2024-06-17,signup,,Free,0,0
EVT-005510,CUST-03098,2024-06-17,signup,,Free,0,0
EVT-005520,CUST-03106,2024-06-17,signup,,Free,0,0
EVT-005618,CUST-03168,2024-06-17,signup,,Free,0,0
EVT-005658,CUST-03195,2024-06-17,signup,,Pro,0,15
EVT-005665,CUST-03200,2024-06-17,signup,,Free,0,0
EVT-005682,CUST-03210,2024-06-17,signup,,Free,0,0
EVT-005705,CUST-03226,2024-06-17,signup,,Pro,0,15
EVT-002932,CUST-01546,2024-06-18,cancel,Free,Cancelled,0,0
EVT-003191,CUST-01693,2024-06-18,cancel,Pro,Cancelled,15,0
EVT-004038,CUST-02185,2024-06-18,cancel,Pro,Cancelled,15,0
EVT-004647,CUST-02562,2024-06-18,cancel,Pro,Cancelled,15,0
EVT-004785,CUST-02644,2024-06-18,upgrade,Pro,Business,15,49
EVT-004814,CUST-02662,2024-06-18,cancel,Free,Cancelled,0,0
EVT-004970,CUST-02759,2024-06-18,cancel,Free,Cancelled,0,0
EVT-005289,CUST-02955,2024-06-18,upgrade,Free,Pro,0,15
EVT-005316,CUST-02973,2024-06-18,signup,,Pro,0,15
EVT-005363,CUST-03005,2024-06-18,signup,,Pro,0,15
EVT-005372,CUST-03010,2024-06-18,signup,,Free,0,0
EVT-005429,CUST-03046,2024-06-18,signup,,Pro,0,15
EVT-005431,CUST-03048,2024-06-18,signup,,Pro,0,15
EVT-005434,CUST-03050,2024-06-18,signup,,Business,0,49
EVT-005441,CUST-03054,2024-06-18,signup,,Free,0,0
EVT-005450,CUST-03059,2024-06-18,signup,,Free,0,0
EVT-005494,CUST-03088,2024-06-18,signup,,Pro,0,15
EVT-005528,CUST-03110,2024-06-18,signup,,Pro,0,15
EVT-005534,CUST-03114,2024-06-18,signup,,Free,0,0
EVT-005596,CUST-03155,2024-06-18,signup,,Pro,0,15
EVT-005633,CUST-03177,2024-06-18,signup,,Free,0,0
EVT-005636,CUST-03179,2024-06-18,signup,,Pro,0,15
EVT-005638,CUST-03180,2024-06-18,signup,,Free,0,0
EVT-005661,CUST-03197,2024-06-18,signup,,Free,0,0
EVT-001004,CUST-00511,2024-06-19,cancel,Free,Cancelled,0,0
EVT-001914,CUST-00993,2024-06-19,cancel,Pro,Cancelled,15,0
EVT-003758,CUST-02026,2024-06-19,cancel,Pro,Cancelled,15,0
EVT-004513,CUST-02474,2024-06-19,cancel,Free,Cancelled,0,0
EVT-004735,CUST-02614,2024-06-19,cancel,Free,Cancelled,0,0
EVT-005333,CUST-02985,2024-06-19,signup,,Free,0,0
EVT-005345,CUST-02992,2024-06-19,signup,,Business,0,49
EVT-005486,CUST-03083,2024-06-19,signup,,Free,0,0
EVT-005515,CUST-03102,2024-06-19,signup,,Business,0,49
EVT-005564,CUST-03133,2024-06-19,signup,,Free,0,0
EVT-005580,CUST-03144,2024-06-19,signup,,Enterprise,0,199
EVT-005583,CUST-03146,2024-06-19,signup,,Enterprise,0,199
EVT-005666,CUST-03201,2024-06-19,signup,,Pro,0,15
EVT-000120,CUST-00065,2024-06-20,cancel,Pro,Cancelled,15,0
EVT-002181,CUST-01139,2024-06-20,cancel,Free,Cancelled,0,0
EVT-003128,CUST-01658,2024-06-20,cancel,Pro,Cancelled,15,0
EVT-004071,CUST-02206,2024-06-20,upgrade,Free,Pro,0,15
EVT-004443,CUST-02430,2024-06-20,upgrade,Free,Pro,0,15
EVT-004539,CUST-02491,2024-06-20,upgrade,Pro,Business,15,49
EVT-005335,CUST-02986,2024-06-20,signup,,Pro,0,15
EVT-005356,CUST-03000,2024-06-20,signup,,Free,0,0
EVT-005370,CUST-03009,2024-06-20,signup,,Free,0,0
EVT-005430,CUST-03047,2024-06-20,signup,,Free,0,0
EVT-005457,CUST-03063,2024-06-20,signup,,Pro,0,15
EVT-005531,CUST-03112,2024-06-20,signup,,Pro,0,15
EVT-005562,CUST-03131,2024-06-20,signup,,Pro,0,15
EVT-005589,CUST-03151,2024-06-20,signup,,Free,0,0
EVT-005628,CUST-03174,2024-06-20,signup,,Pro,0,15
EVT-005642,CUST-03182,2024-06-20,signup,,Business,0,49
EVT-000579,CUST-00295,2024-06-21,cancel,Pro,Cancelled,15,0
EVT-001214,CUST-00623,2024-06-21,cancel,Pro,Cancelled,15,0
EVT-001241,CUST-00637,2024-06-21,upgrade,Free,Pro,0,15
EVT-001486,CUST-00764,2024-06-21,cancel,Pro,Cancelled,15,0
EVT-004225,CUST-02300,2024-06-21,upgrade,Free,Pro,0,15
EVT-004253,CUST-02317,2024-06-21,downgrade,Pro,Free,15,0
EVT-004452,CUST-02434,2024-06-21,cancel,Free,Cancelled,0,0
EVT-004853,CUST-02684,2024-06-21,upgrade,Pro,Business,15,49
EVT-005121,CUST-02849,2024-06-21,cancel,Pro,Cancelled,15,0
EVT-005323,CUST-02979,2024-06-21,signup,,Pro,0,15
EVT-005350,CUST-02996,2024-06-21,signup,,Free,0,0
EVT-005559,CUST-03129,2024-06-21,signup,,Free,0,0
EVT-005648,CUST-03188,2024-06-21,signup,,Pro,0,15
EVT-005670,CUST-03203,2024-06-21,signup,,Free,0,0
EVT-005688,CUST-03214,2024-06-21,signup,,Free,0,0
EVT-005700,CUST-03223,2024-06-21,signup,,Pro,0,15
EVT-005713,CUST-03233,2024-06-21,signup,,Pro,0,15
EVT-000432,CUST-00217,2024-06-22,cancel,Free,Cancelled,0,0
EVT-002587,CUST-01358,2024-06-22,cancel,Free,Cancelled,0,0
EVT-003351,CUST-01786,2024-06-22,cancel,Business,Cancelled,49,0
EVT-003657,CUST-01969,2024-06-22,cancel,Pro,Cancelled,15,0
EVT-003869,CUST-02091,2024-06-22,cancel,Free,Cancelled,0,0
EVT-003962,CUST-02143,2024-06-22,cancel,Free,Cancelled,0,0
EVT-004729,CUST-02610,2024-06-22,cancel,Pro,Cancelled,15,0
EVT-005328,CUST-02982,2024-06-22,signup,,Free,0,0
EVT-005416,CUST-03038,2024-06-22,signup,,Free,0,0
EVT-005433,CUST-03049,2024-06-22,signup,,Pro,0,15
EVT-005463,CUST-03067,2024-06-22,signup,,Free,0,0
EVT-005472,CUST-03073,2024-06-22,signup,,Pro,0,15
EVT-005538,CUST-03117,2024-06-22,signup,,Pro,0,15
EVT-005542,CUST-03119,2024-06-22,signup,,Business,0,49
EVT-005662,CUST-03198,2024-06-22,signup,,Free,0,0
EVT-005672,CUST-03204,2024-06-22,signup,,Free,0,0
EVT-005735,CUST-03246,2024-06-22,signup,,Free,0,0
EVT-002432,CUST-01276,2024-06-23,downgrade,Pro,Free,15,0
EVT-002975,CUST-01569,2024-06-23,cancel,Free,Cancelled,0,0
EVT-004510,CUST-02473,2024-06-23,upgrade,Free,Pro,0,15
EVT-004687,CUST-02586,2024-06-23,cancel,Free,Cancelled,0,0
EVT-004840,CUST-02676,2024-06-23,upgrade,Free,Pro,0,15
EVT-004934,CUST-02735,2024-06-23,cancel,Free,Cancelled,0,0
EVT-004979,CUST-02764,2024-06-23,upgrade,Free,Pro,0,15
EVT-005346,CUST-02993,2024-06-23,signup,,Free,0,0
EVT-005501,CUST-03094,2024-06-23,signup,,Free,0,0
EVT-005536,CUST-03115,2024-06-23,signup,,Pro,0,15
EVT-005584,CUST-03147,2024-06-23,signup,,Pro,0,15
EVT-005604,CUST-03160,2024-06-23,signup,,Free,0,0
EVT-005647,CUST-03187,2024-06-23,signup,,Pro,0,15
EVT-005677,CUST-03207,2024-06-23,signup,,Pro,0,15
EVT-005680,CUST-03209,2024-06-23,signup,,Free,0,0
EVT-005720,CUST-03236,2024-06-23,signup,,Business,0,49
EVT-002690,CUST-01413,2024-06-24,upgrade,Free,Pro,0,15
EVT-003260,CUST-01731,2024-06-24,cancel,Free,Cancelled,0,0
EVT-003633,CUST-01954,2024-06-24,cancel,Free,Cancelled,0,0
EVT-004351,CUST-02376,2024-06-24,cancel,Business,Cancelled,49,0
EVT-004956,CUST-02750,2024-06-24,cancel,Free,Cancelled,0,0
EVT-005145,CUST-02866,2024-06-24,cancel,Pro,Cancelled,15,0
EVT-005330,CUST-02983,2024-06-24,signup,,Business,0,49
EVT-005338,CUST-02988,2024-06-24,signup,,Free,0,0
EVT-005359,CUST-03002,2024-06-24,signup,,Free,0,0
EVT-005471,CUST-03072,2024-06-24,signup,,Enterprise,0,199
EVT-005526,CUST-03109,2024-06-24,signup,,Pro,0,15
EVT-005594,CUST-03154,2024-06-24,signup,,Free,0,0
EVT-005664,CUST-03199,2024-06-24,signup,,Pro,0,15
EVT-005731,CUST-03244,2024-06-24,signup,,Pro,0,15
EVT-001614,CUST-00831,2024-06-25,cancel,Free,Cancelled,0,0
EVT-002777,CUST-01460,2024-06-25,downgrade,Pro,Free,15,0
EVT-003167,CUST-01676,2024-06-25,upgrade,Free,Pro,0,15
EVT-004330,CUST-02364,2024-06-25,cancel,Pro,Cancelled,15,0
EVT-004405,CUST-02409,2024-06-25,cancel,Free,Cancelled,0,0
EVT-004542,CUST-02493,2024-06-25,upgrade,Free,Pro,0,15
EVT-004831,CUST-02671,2024-06-25,cancel,Pro,Cancelled,15,0
EVT-005342,CUST-02990,2024-06-25,signup,,Free,0,0
EVT-005352,CUST-02997,2024-06-25,signup,,Free,0,0
EVT-005400,CUST-03028,2024-06-25,signup,,Free,0,0
EVT-005409,CUST-03034,2024-06-25,signup,,Business,0,49
EVT-005479,CUST-03077,2024-06-25,signup,,Business,0,49
EVT-005555,CUST-03127,2024-06-25,signup,,Free,0,0
EVT-005567,CUST-03135,2024-06-25,signup,,Pro,0,15
EVT-005607,CUST-03162,2024-06-25,signup,,Free,0,0
EVT-005640,CUST-03181,2024-06-25,signup,,Free,0,0
EVT-005668,CUST-03202,2024-06-25,signup,,Free,0,0
EVT-005679,CUST-03208,2024-06-25,signup,,Pro,0,15
EVT-005694,CUST-03219,2024-06-25,signup,,Pro,0,15
EVT-005709,CUST-03230,2024-06-25,signup,,Free,0,0
EVT-000776,CUST-00395,2024-06-26,cancel,Pro,Cancelled,15,0
EVT-002175,CUST-01136,2024-06-26,upgrade,Free,Pro,0,15
EVT-002276,CUST-01188,2024-06-26,cancel,Pro,Cancelled,15,0
EVT-002739,CUST-01439,2024-06-26,cancel,Pro,Cancelled,15,0
EVT-003740,CUST-02017,2024-06-26,cancel,Free,Cancelled,0,0
EVT-003805,CUST-02052,2024-06-26,upgrade,Business,Enterprise,49,199
EVT-004279,CUST-02331,2024-06-26,cancel,Pro,Cancelled,15,0
EVT-004537,CUST-02490,2024-06-26,cancel,Free,Cancelled,0,0
EVT-005016,CUST-02785,2024-06-26,cancel,Free,Cancelled,0,0
EVT-005065,CUST-02815,2024-06-26,cancel,Free,Cancelled,0,0
EVT-005197,CUST-02896,2024-06-26,cancel,Free,Cancelled,0,0
EVT-005340,CUST-02989,2024-06-26,signup,,Pro,0,15
EVT-005362,CUST-03004,2024-06-26,signup,,Pro,0,15
EVT-005364,CUST-03006,2024-06-26,signup,,Pro,0,15
EVT-005368,CUST-03008,2024-06-26,signup,,Pro,0,15
EVT-005489,CUST-03086,2024-06-26,signup,,Free,0,0
EVT-005543,CUST-03120,2024-06-26,signup,,Pro,0,15
EVT-005563,CUST-03132,2024-06-26,signup,,Business,0,49
EVT-005644,CUST-03184,2024-06-26,signup,,Free,0,0
EVT-005686,CUST-03213,2024-06-26,signup,,Pro,0,15
EVT-005691,CUST-03217,2024-06-26,signup,,Business,0,49
EVT-005695,CUST-03220,2024-06-26,signup,,Free,0,0
EVT-001668,CUST-00861,2024-06-27,cancel,Pro,Cancelled,15,0
EVT-001685,CUST-00870,2024-06-27,cancel,Pro,Cancelled,15,0
EVT-002736,CUST-01438,2024-06-27,cancel,Business,Cancelled,49,0
EVT-004715,CUST-02603,2024-06-27,upgrade,Pro,Business,15,49
EVT-004880,CUST-02701,2024-06-27,cancel,Pro,Cancelled,15,0
EVT-005023,CUST-02789,2024-06-27,cancel,Free,Cancelled,0,0
EVT-005041,CUST-02800,2024-06-27,cancel,Free,Cancelled,0,0
EVT-005592,CUST-03153,2024-06-27,signup,,Free,0,0
EVT-005601,CUST-03157,2024-06-27,signup,,Pro,0,15
EVT-001510,CUST-00775,2024-07-01,cancel,Business,Cancelled,49,0
EVT-002534,CUST-01331,2024-07-01,cancel,Pro,Cancelled,15,0
EVT-003027,CUST-01598,2024-07-01,downgrade,Pro,Free,15,0
EVT-003595,CUST-01931,2024-07-01,upgrade,Pro,Business,15,49
EVT-003719,CUST-02005,2024-07-01,cancel,Pro,Cancelled,15,0
EVT-003814,CUST-02057,2024-07-01,upgrade,Pro,Business,15,49
EVT-004318,CUST-02358,2024-07-01,upgrade,Pro,Business,15,49
EVT-004655,CUST-02568,2024-07-01,cancel,Pro,Cancelled,15,0
EVT-004737,CUST-02615,2024-07-01,cancel,Free,Cancelled,0,0
EVT-005797,CUST-03290,2024-07-01,signup,,Free,0,0
EVT-005801,CUST-03293,2024-07-01,signup,,Pro,0,15
EVT-005953,CUST-03397,2024-07-01,signup,,Free,0,0
EVT-006016,CUST-03438,2024-07-01,signup,,Pro,0,15
EVT-006028,CUST-03446,2024-07-01,signup,,Pro,0,15
EVT-000801,CUST-00410,2024-07-02,cancel,Pro,Cancelled,15,0
EVT-002966,CUST-01565,2024-07-02,downgrade,Pro,Free,15,0
EVT-005456,CUST-03062,2024-07-02,cancel,Pro,Cancelled,15,0
EVT-005527,CUST-03109,2024-07-02,cancel,Pro,Cancelled,15,0
EVT-005714,CUST-03233,2024-07-02,cancel,Pro,Cancelled,15,0
EVT-005778,CUST-03276,2024-07-02,signup,,Free,0,0
EVT-005783,CUST-03279,2024-07-02,signup,,Business,0,49
EVT-005789,CUST-03284,2024-07-02,signup,,Free,0,0
EVT-005812,CUST-03301,2024-07-02,signup,,Pro,0,15
EVT-005843,CUST-03323,2024-07-02,signup,,Pro,0,15
EVT-005848,CUST-03327,2024-07-02,signup,,Pro,0,15
EVT-005898,CUST-03360,2024-07-02,signup,,Pro,0,15
EVT-005914,CUST-03370,2024-07-02,signup,,Pro,0,15
EVT-005952,CUST-03396,2024-07-02,signup,,Pro,0,15
EVT-005966,CUST-03405,2024-07-02,signup,,Free,0,0
EVT-006012,CUST-03435,2024-07-02,signup,,Free,0,0
EVT-006066,CUST-03471,2024-07-02,signup,,Pro,0,15
EVT-000380,CUST-00190,2024-07-03,downgrade,Enterprise,Business,199,49
EVT-000761,CUST-00387,2024-07-03,upgrade,Free,Pro,0,15
EVT-000936,CUST-00477,2024-07-03,upgrade,Business,Enterprise,49,199
EVT-003228,CUST-01713,2024-07-03,cancel,Free,Cancelled,0,0
EVT-004096,CUST-02221,2024-07-03,cancel,Free,Cancelled,0,0
EVT-004124,CUST-02240,2024-07-03,cancel,Free,Cancelled,0,0
EVT-004355,CUST-02379,2024-07-03,cancel,Free,Cancelled,0,0
EVT-004434,CUST-02425,2024-07-03,cancel,Free,Cancelled,0,0
EVT-004973,CUST-02761,2024-07-03,cancel,Free,Cancelled,0,0
EVT-005445,CUST-03056,2024-07-03,cancel,Free,Cancelled,0,0
EVT-005595,CUST-03154,2024-07-03,cancel,Free,Cancelled,0,0
EVT-005869,CUST-03342,2024-07-03,signup,,Pro,0,15
EVT-005884,CUST-03351,2024-07-03,signup,,Free,0,0
EVT-005923,CUST-03375,2024-07-03,signup,,Pro,0,15
EVT-000821,CUST-00417,2024-07-04,cancel,Business,Cancelled,49,0
EVT-001292,CUST-00664,2024-07-04,cancel,Pro,Cancelled,15,0
EVT-004271,CUST-02326,2024-07-04,upgrade,Pro,Business,15,49
EVT-005100,CUST-02836,2024-07-04,cancel,Pro,Cancelled,15,0
EVT-005174,CUST-02882,2024-07-04,cancel,Free,Cancelled,0,0
EVT-005447,CUST-03057,2024-07-04,cancel,Business,Cancelled,49,0
EVT-005788,CUST-03283,2024-07-04,signup,,Enterprise,0,199
EVT-005832,CUST-03316,2024-07-04,signup,,Free,0,0
EVT-005934,CUST-03383,2024-07-04,signup,,Business,0,49
EVT-006015,CUST-03437,2024-07-04,signup,,Free,0,0
EVT-006044,CUST-03458,2024-07-04,signup,,Free,0,0
EVT-006046,CUST-03459,2024-07-04,signup,,Pro,0,15
EVT-002121,CUST-01107,2024-07-05,downgrade,Business,Pro,49,15
EVT-004146,CUST-02252,2024-07-05,cancel,Free,Cancelled,0,0
EVT-005669,CUST-03202,2024-07-05,cancel,Free,Cancelled,0,0
EVT-005673,CUST-03204,2024-07-05,cancel,Free,Cancelled,0,0
EVT-005770,CUST-03272,2024-07-05,signup,,Free,0,0
EVT-005816,CUST-03305,2024-07-05,signup,,Free,0,0
EVT-005853,CUST-03330,2024-07-05,signup,,Business,0,49
EVT-005855,CUST-03332,2024-07-05,signup,,Pro,0,15
EVT-005887,CUST-03353,2024-07-05,signup,,Free,0,0
EVT-005935,CUST-03384,2024-07-05,signup,,Pro,0,15
EVT-005941,CUST-03387,2024-07-05,signup,,Pro,0,15
EVT-005955,CUST-03398,2024-07-05,signup,,Pro,0,15
EVT-005967,CUST-03406,2024-07-05,signup,,Pro,0,15
EVT-005969,CUST-03408,2024-07-05,signup,,Pro,0,15
EVT-005988,CUST-03419,2024-07-05,signup,,Pro,0,15
EVT-006004,CUST-03429,2024-07-05,signup,,Free,0,0
EVT-006060,CUST-03466,2024-07-05,signup,,Pro,0,15
EVT-000318,CUST-00159,2024-07-06,cancel,Pro,Cancelled,15,0
EVT-001863,CUST-00966,2024-07-06,cancel,Free,Cancelled,0,0
EVT-002700,CUST-01418,2024-07-06,cancel,Free,Cancelled,0,0
EVT-003762,CUST-02028,2024-07-06,cancel,Pro,Cancelled,15,0
EVT-003875,CUST-02095,2024-07-06,cancel,Business,Cancelled,49,0
EVT-003910,CUST-02114,2024-07-06,cancel,Free,Cancelled,0,0
EVT-004675,CUST-02580,2024-07-06,cancel,Free,Cancelled,0,0
EVT-005033,CUST-02795,2024-07-06,cancel,Free,Cancelled,0,0
EVT-005232,CUST-02918,2024-07-06,cancel,Pro,Cancelled,15,0
EVT-005371,CUST-03009,2024-07-06,cancel,Free,Cancelled,0,0
EVT-005547,CUST-03122,2024-07-06,cancel,Free,Cancelled,0,0
EVT-005738,CUST-03248,2024-07-06,signup,,Pro,0,15
EVT-005804,CUST-03295,2024-07-06,signup,,Business,0,49
EVT-005806,CUST-03297,2024-07-06,signup,,Free,0,0
EVT-005817,CUST-03306,2024-07-06,signup,,Enterprise,0,199
EVT-005841,CUST-03321,2024-07-06,signup,,Pro,0,15
EVT-005846,CUST-03325,2024-07-06,signup,,Pro,0,15
EVT-005856,CUST-03333,2024-07-06,signup,,Free,0,0
EVT-005868,CUST-03341,2024-07-06,signup,,Pro,0,15
EVT-005878,CUST-03347,2024-07-06,signup,,Pro,0,15
EVT-005916,CUST-03371,2024-07-06,signup,,Free,0,0
EVT-005942,CUST-03388,2024-07-06,signup,,Free,0,0
EVT-005950,CUST-03394,2024-07-06,signup,,Business,0,49
EVT-005959,CUST-03401,2024-07-06,signup,,Free,0,0
EVT-006035,CUST-03452,2024-07-06,signup,,Free,0,0
EVT-000747,CUST-00380,2024-07-07,cancel,Free,Cancelled,0,0
EVT-004277,CUST-02330,2024-07-07,cancel,Free,Cancelled,0,0
EVT-005092,CUST-02832,2024-07-07,upgrade,Free,Pro,0,15
EVT-005259,CUST-02934,2024-07-07,cancel,Pro,Cancelled,15,0
EVT-005740,CUST-03249,2024-07-07,signup,,Free,0,0
EVT-005744,CUST-03252,2024-07-07,signup,,Pro,0,15
EVT-005747,CUST-03254,2024-07-07,signup,,Free,0,0
EVT-005750,CUST-03257,2024-07-07,signup,,Free,0,0
EVT-005759,CUST-03264,2024-07-07,signup,,Free,0,0
EVT-005764,CUST-03268,2024-07-07,signup,,Free,0,0
EVT-005814,CUST-03303,2024-07-07,signup,,Pro,0,15
EVT-005821,CUST-03309,2024-07-07,signup,,Pro,0,15
EVT-005847,CUST-03326,2024-07-07,signup,,Pro,0,15
EVT-005873,CUST-03344,2024-07-07,signup,,Pro,0,15
EVT-005973,CUST-03410,2024-07-07,signup,,Free,0,0
EVT-006009,CUST-03432,2024-07-07,signup,,Pro,0,15
EVT-003541,CUST-01897,2024-07-08,cancel,Pro,Cancelled,15,0
EVT-004077,CUST-02209,2024-07-08,cancel,Free,Cancelled,0,0
EVT-004166,CUST-02265,2024-07-08,upgrade,Pro,Business,15,49
EVT-004305,CUST-02350,2024-07-08,upgrade,Free,Pro,0,15
EVT-004838,CUST-02675,2024-07-08,upgrade,Free,Pro,0,15
EVT-005227,CUST-02915,2024-07-08,upgrade,Free,Pro,0,15
EVT-005324,CUST-02979,2024-07-08,upgrade,Pro,Business,15,49
EVT-005697,CUST-03221,2024-07-08,cancel,Free,Cancelled,0,0
EVT-005836,CUST-03318,2024-07-08,signup,,Pro,0,15
EVT-005844,CUST-03324,2024-07-08,signup,,Free,0,0
EVT-005859,CUST-03335,2024-07-08,signup,,Pro,0,15
EVT-005865,CUST-03339,2024-07-08,signup,,Free,0,0
EVT-005881,CUST-03349,2024-07-08,signup,,Pro,0,15
EVT-005932,CUST-03382,2024-07-08,signup,,Free,0,0
EVT-005991,CUST-03421,2024-07-08,signup,,Pro,0,15
EVT-006052,CUST-03462,2024-07-08,signup,,Free,0,0
EVT-000690,CUST-00352,2024-07-09,upgrade,Pro,Business,15,49
EVT-001508,CUST-00774,2024-07-09,upgrade,Free,Pro,0,15
EVT-003503,CUST-01875,2024-07-09,upgrade,Pro,Business,15,49
EVT-004413,CUST-02413,2024-07-09,cancel,Pro,Cancelled,15,0
EVT-004711,CUST-02600,2024-07-09,upgrade,Free,Pro,0,15
EVT-004882,CUST-02702,2024-07-09,upgrade,Pro,Business,15,49
EVT-004950,CUST-02746,2024-07-09,cancel,Free,Cancelled,0,0
EVT-005000,CUST-02776,2024-07-09,cancel,Free,Cancelled,0,0
EVT-005169,CUST-02879,2024-07-09,cancel,Pro,Cancelled,15,0
EVT-005199,CUST-02897,2024-07-09,upgrade,Pro,Business,15,49
EVT-005509,CUST-03097,2024-07-09,cancel,Free,Cancelled,0,0
EVT-005625,CUST-03172,2024-07-09,cancel,Free,Cancelled,0,0
EVT-005741,CUST-03250,2024-07-09,signup,,Free,0,0
EVT-005743,CUST-03251,2024-07-09,signup,,Business,0,49
EVT-005757,CUST-03263,2024-07-09,signup,,Free,0,0
EVT-005776,CUST-03275,2024-07-09,signup,,Free,0,0
EVT-005800,CUST-03292,2024-07-09,signup,,Free,0,0
EVT-005819,CUST-03308,2024-07-09,signup,,Free,0,0
EVT-005831,CUST-03315,2024-07-09,signup,,Pro,0,15
EVT-005886,CUST-03352,2024-07-09,signup,,Pro,0,15
EVT-005995,CUST-03424,2024-07-09,signup,,Pro,0,15
EVT-000377,CUST-00189,2024-07-10,cancel,Business,Cancelled,49,0
EVT-002600,CUST-01365,2024-07-10,cancel,Free,Cancelled,0,0
EVT-003172,CUST-01679,2024-07-10,cancel,Pro,Cancelled,15,0
EVT-004496,CUST-02464,2024-07-10,upgrade,Free,Pro,0,15
EVT-005107,CUST-02841,2024-07-10,cancel,Free,Cancelled,0,0
EVT-005229,CUST-02916,2024-07-10,upgrade,Pro,Business,15,49
EVT-005367,CUST-03007,2024-07-10,cancel,Free,Cancelled,0,0
EVT-005544,CUST-03120,2024-07-10,cancel,Pro,Cancelled,15,0
EVT-005866,CUST-03340,2024-07-10,signup,,Pro,0,15
EVT-005912,CUST-03369,2024-07-10,signup,,Pro,0,15
EVT-005961,CUST-03402,2024-07-10,signup,,Free,0,0
EVT-005998,CUST-03426,2024-07-10,signup,,Free,0,0
EVT-006002,CUST-03428,2024-07-10,signup,,Pro,0,15
EVT-006026,CUST-03445,2024-07-10,signup,,Free,0,0
EVT-006037,CUST-03454,2024-07-10,signup,,Free,0,0
EVT-006056,CUST-03464,2024-07-10,signup,,Free,0,0
EVT-000249,CUST-00125,2024-07-11,cancel,Free,Cancelled,0,0
EVT-001764,CUST-00912,2024-07-11,cancel,Business,Cancelled,49,0
EVT-001788,CUST-00924,2024-07-11,cancel,Pro,Cancelled,15,0
EVT-001795,CUST-00927,2024-07-11,cancel,Pro,Cancelled,15,0
EVT-001841,CUST-00953,2024-07-11,cancel,Free,Cancelled,0,0
EVT-003325,CUST-01770,2024-07-11,cancel,Free,Cancelled,0,0
EVT-004016,CUST-02173,2024-07-11,upgrade,Free,Pro,0,15
EVT-004549,CUST-02498,2024-07-11,cancel,Free,Cancelled,0,0
EVT-004778,CUST-02640,2024-07-11,upgrade,Free,Pro,0,15
EVT-005469,CUST-03070,2024-07-11,cancel,Free,Cancelled,0,0
EVT-005476,CUST-03075,2024-07-11,upgrade,Free,Pro,0,15
EVT-005701,CUST-03223,2024-07-11,upgrade,Pro,Business,15,49
EVT-005799,CUST-03291,2024-07-11,signup,,Enterprise,0,199
EVT-005813,CUST-03302,2024-07-11,signup,,Pro,0,15
EVT-005834,CUST-03317,2024-07-11,signup,,Pro,0,15
EVT-005854,CUST-03331,2024-07-11,signup,,Free,0,0
EVT-005858,CUST-03334,2024-07-11,signup,,Pro,0,15
EVT-005896,CUST-03359,2024-07-11,signup,,Free,0,0
EVT-005902,CUST-03363,2024-07-11,signup,,Pro,0,15
EVT-005956,CUST-03399,2024-07-11,signup,,Free,0,0
EVT-006064,CUST-03469,2024-07-11,signup,,Pro,0,15
EVT-002233,CUST-01165,2024-07-12,cancel,Pro,Cancelled,15,0
EVT-002988,CUST-01576,2024-07-12,upgrade,Pro,Business,15,49
EVT-005057,CUST-02810,2024-07-12,cancel,Pro,Cancelled,15,0
EVT-005116,CUST-02846,2024-07-12,cancel,Pro,Cancelled,15,0
EVT-005313,CUST-02971,2024-07-12,cancel,Business,Cancelled,49,0
EVT-005615,CUST-03166,2024-07-12,downgrade,Pro,Free,15,0
EVT-005659,CUST-03195,2024-07-12,upgrade,Pro,Business,15,49
EVT-005752,CUST-03259,2024-07-12,signup,,Pro,0,15
EVT-005796,CUST-03289,2024-07-12,signup,,Free,0,0
EVT-005808,CUST-03298,2024-07-12,signup,,Free,0,0
EVT-005993,CUST-03422,2024-07-12,signup,,Enterprise,0,199
EVT-006010,CUST-03433,2024-07-12,signup,,Free,0,0
EVT-006029,CUST-03447,2024-07-12,signup,,Free,0,0
EVT-006048,CUST-03460,2024-07-12,signup,,Pro,0,15
EVT-001263,CUST-00649,2024-07-13,upgrade,Free,Pro,0,15
EVT-004195,CUST-02280,2024-07-13,cancel,Pro,Cancelled,15,0
EVT-004671,CUST-02577,2024-07-13,cancel,Free,Cancelled,0,0
EVT-004856,CUST-02686,2024-07-13,cancel,Pro,Cancelled,15,0
EVT-005036,CUST-02797,2024-07-13,cancel,Free,Cancelled,0,0
EVT-005439,CUST-03053,2024-07-13,upgrade,Free,Pro,0,15
EVT-005490,CUST-03086,2024-07-13,upgrade,Free,Pro,0,15
EVT-005530,CUST-03111,2024-07-13,upgrade,Pro,Business,15,49
EVT-005748,CUST-03255,2024-07-13,signup,,Enterprise,0,199
EVT-005784,CUST-03280,2024-07-13,signup,,Pro,0,15
EVT-005825,CUST-03311,2024-07-13,signup,,Business,0,49
EVT-005880,CUST-03348,2024-07-13,signup,,Business,0,49
EVT-005905,CUST-03365,2024-07-13,signup,,Free,0,0
EVT-005910,CUST-03368,2024-07-13,signup,,Free,0,0
EVT-005939,CUST-03386,2024-07-13,signup,,Pro,0,15
EVT-005994,CUST-03423,2024-07-13,signup,,Free,0,0
EVT-006042,CUST-03457,2024-07-13,signup,,Free,0,0
EVT-006068,CUST-03472,2024-07-13,signup,,Business,0,49
EVT-001038,CUST-00529,2024-07-14,cancel,Free,Cancelled,0,0
EVT-002040,CUST-01062,2024-07-14,upgrade,Pro,Business,15,49
EVT-003231,CUST-01715,2024-07-14,cancel,Free,Cancelled,0,0
EVT-003246,CUST-01723,2024-07-14,cancel,Business,Cancelled,49,0
EVT-003820,CUST-02060,2024-07-14,cancel,Pro,Cancelled,15,0
EVT-004639,CUST-02558,2024-07-14,upgrade,Free,Pro,0,15
EVT-005089,CUST-02830,2024-07-14,cancel,Free,Cancelled,0,0
EVT-005252,CUST-02930,2024-07-14,cancel,Free,Cancelled,0,0
EVT-005302,CUST-02964,2024-07-14,cancel,Free,Cancelled,0,0
EVT-005605,CUST-03160,2024-07-14,cancel,Free,Cancelled,0,0
EVT-005751,CUST-03258,2024-07-14,signup,,Free,0,0
EVT-005765,CUST-03269,2024-07-14,signup,,Free,0,0
EVT-005785,CUST-03281,2024-07-14,signup,,Pro,0,15
EVT-005809,CUST-03299,2024-07-14,signup,,Free,0,0
EVT-005826,CUST-03312,2024-07-14,signup,,Pro,0,15
EVT-005907,CUST-03366,2024-07-14,signup,,Pro,0,15
EVT-005951,CUST-03395,2024-07-14,signup,,Pro,0,15
EVT-005982,CUST-03415,2024-07-14,signup,,Pro,0,15
EVT-006020,CUST-03441,2024-07-14,signup,,Pro,0,15
EVT-006032,CUST-03449,2024-07-14,signup,,Pro,0,15
EVT-006036,CUST-03453,2024-07-14,signup,,Business,0,49
EVT-000697,CUST-00355,2024-07-15,upgrade,Free,Pro,0,15
EVT-001749,CUST-00904,2024-07-15,cancel,Free,Cancelled,0,0
EVT-002862,CUST-01506,2024-07-15,cancel,Free,Cancelled,0,0
EVT-003193,CUST-01694,2024-07-15,downgrade,Pro,Free,15,0
EVT-004251,CUST-02316,2024-07-15,upgrade,Free,Pro,0,15
EVT-004454,CUST-02435,2024-07-15,cancel,Free,Cancelled,0,0
EVT-004681,CUST-02583,2024-07-15,cancel,Free,Cancelled,0,0
EVT-004977,CUST-02763,2024-07-15,cancel,Free,Cancelled,0,0
EVT-005161,CUST-02875,2024-07-15,cancel,Free,Cancelled,0,0
EVT-005376,CUST-03012,2024-07-15,upgrade,Free,Pro,0,15
EVT-005560,CUST-03129,2024-07-15,cancel,Free,Cancelled,0,0
EVT-005891,CUST-03355,2024-07-15,signup,,Business,0,49
EVT-005900,CUST-03361,2024-07-15,signup,,Business,0,49
EVT-005945,CUST-03390,2024-07-15,signup,,Free,0,0
EVT-005964,CUST-03404,2024-07-15,signup,,Free,0,0
EVT-005990,CUST-03420,2024-07-15,signup,,Pro,0,15
EVT-006050,CUST-03461,2024-07-15,signup,,Pro,0,15
EVT-001177,CUST-00603,2024-07-16,cancel,Free,Cancelled,0,0
EVT-002065,CUST-01075,2024-07-16,cancel,Pro,Cancelled,15,0
EVT-004942,CUST-02741,2024-07-16,cancel,Free,Cancelled,0,0
EVT-005610,CUST-03163,2024-07-16,cancel,Free,Cancelled,0,0
EVT-005612,CUST-03164,2024-07-16,cancel,Pro,Cancelled,15,0
EVT-005772,CUST-03273,2024-07-16,signup,,Free,0,0
EVT-005782,CUST-03278,2024-07-16,signup,,Business,0,49
EVT-005794,CUST-03288,2024-07-16,signup,,Pro,0,15
EVT-005862,CUST-03337,2024-07-16,signup,,Pro,0,15
EVT-001854,CUST-00961,2024-07-17,cancel,Free,Cancelled,0,0
EVT-004332,CUST-02365,2024-07-17,cancel,Free,Cancelled,0,0
EVT-004645,CUST-02561,2024-07-17,upgrade,Free,Pro,0,15
EVT-004833,CUST-02672,2024-07-17,cancel,Business,Cancelled,49,0
EVT-004913,CUST-02722,2024-07-17,cancel,Free,Cancelled,0,0
EVT-005071,CUST-02818,2024-07-17,cancel,Free,Cancelled,0,0
EVT-005204,CUST-02900,2024-07-17,cancel,Pro,Cancelled,15,0
EVT-005449,CUST-03058,2024-07-17,upgrade,Free,Pro,0,15
EVT-005754,CUST-03260,2024-07-17,signup,,Pro,0,15
EVT-005755,CUST-03261,2024-07-17,signup,,Pro,0,15
EVT-005769,CUST-03271,2024-07-17,signup,,Business,0,49
EVT-005850,CUST-03328,2024-07-17,signup,,Free,0,0
EVT-005871,CUST-03343,2024-07-17,signup,,Free,0,0
EVT-005876,CUST-03346,2024-07-17,signup,,Free,0,0
EVT-005926,CUST-03378,2024-07-17,signup,,Business,0,49
EVT-005938,CUST-03385,2024-07-17,signup,,Free,0,0
EVT-005944,CUST-03389,2024-07-17,signup,,Enterprise,0,199
EVT-005971,CUST-03409,2024-07-17,signup,,Pro,0,15
EVT-005979,CUST-03413,2024-07-17,signup,,Pro,0,15
EVT-006000,CUST-03427,2024-07-17,signup,,Business,0,49
EVT-006013,CUST-03436,2024-07-17,signup,,Free,0,0
EVT-006017,CUST-03439,2024-07-17,signup,,Free,0,0
EVT-006033,CUST-03450,2024-07-17,signup,,Pro,0,15
EVT-000155,CUST-00080,2024-07-18,upgrade,Business,Enterprise,49,199
EVT-000350,CUST-00174,2024-07-18,upgrade,Pro,Business,15,49
EVT-000980,CUST-00499,2024-07-18,downgrade,Pro,Free,15,0
EVT-003600,CUST-01934,2024-07-18,cancel,Pro,Cancelled,15,0
EVT-004450,CUST-02433,2024-07-18,cancel,Free,Cancelled,0,0
EVT-004967,CUST-02757,2024-07-18,cancel,Free,Cancelled,0,0
EVT-005098,CUST-02835,2024-07-18,cancel,Free,Cancelled,0,0
EVT-005153,CUST-02871,2024-07-18,cancel,Free,Cancelled,0,0
EVT-005182,CUST-02888,2024-07-18,cancel,Free,Cancelled,0,0
EVT-005483,CUST-03080,2024-07-18,upgrade,Free,Pro,0,15
EVT-005763,CUST-03267,2024-07-18,signup,,Pro,0,15
EVT-005839,CUST-03320,2024-07-18,signup,,Free,0,0
EVT-005863,CUST-03338,2024-07-18,signup,,Free,0,0
EVT-005903,CUST-03364,2024-07-18,signup,,Free,0,0
EVT-005909,CUST-03367,2024-07-18,signup,,Free,0,0
EVT-005983,CUST-03416,2024-07-18,signup,,Free,0,0
EVT-005986,CUST-03417,2024-07-18,signup,,Pro,0,15
EVT-005997,CUST-03425,2024-07-18,signup,,Pro,0,15
EVT-006011,CUST-03434,2024-07-18,signup,,Enterprise,0,199
EVT-000036,CUST-00019,2024-07-19,cancel,Business,Cancelled,49,0
EVT-002656,CUST-01395,2024-07-19,cancel,Free,Cancelled,0,0
EVT-003367,CUST-01794,2024-07-19,upgrade,Pro,Business,15,49
EVT-004379,CUST-02393,2024-07-19,cancel,Free,Cancelled,0,0
EVT-004515,CUST-02475,2024-07-19,cancel,Free,Cancelled,0,0
EVT-004975,CUST-02762,2024-07-19,cancel,Business,Cancelled,49,0
EVT-005401,CUST-03028,2024-07-19,upgrade,Free,Pro,0,15
EVT-005637,CUST-03179,2024-07-19,cancel,Pro,Cancelled,15,0
EVT-005736,CUST-03247,2024-07-19,signup,,Free,0,0
EVT-005802,CUST-03294,2024-07-19,signup,,Pro,0,15
EVT-005815,CUST-03304,2024-07-19,signup,,Free,0,0
EVT-005829,CUST-03314,2024-07-19,signup,,Free,0,0
EVT-005921,CUST-03374,2024-07-19,signup,,Free,0,0
EVT-005957,CUST-03400,2024-07-19,signup,,Free,0,0
EVT-005978,CUST-03412,2024-07-19,signup,,Business,0,49
EVT-006018,CUST-03440,2024-07-19,signup,,Business,0,49
EVT-006054,CUST-03463,2024-07-19,signup,,Pro,0,15
EVT-006065,CUST-03470,2024-07-19,signup,,Pro,0,15
EVT-000976,CUST-00497,2024-07-20,cancel,Pro,Cancelled,15,0
EVT-001702,CUST-00878,2024-07-20,upgrade,Pro,Business,15,49
EVT-002210,CUST-01154,2024-07-20,cancel,Free,Cancelled,0,0
EVT-004107,CUST-02229,2024-07-20,cancel,Business,Cancelled,49,0
EVT-005571,CUST-03138,2024-07-20,upgrade,Free,Pro,0,15
EVT-005641,CUST-03181,2024-07-20,upgrade,Free,Pro,0,15
EVT-005699,CUST-03222,2024-07-20,cancel,Free,Cancelled,0,0
EVT-005792,CUST-03286,2024-07-20,signup,,Pro,0,15
EVT-005793,CUST-03287,2024-07-20,signup,,Enterprise,0,199
EVT-005818,CUST-03307,2024-07-20,signup,,Pro,0,15
EVT-005861,CUST-03336,2024-07-20,signup,,Pro,0,15
EVT-005874,CUST-03345,2024-07-20,signup,,Free,0,0
EVT-005892,CUST-03356,2024-07-20,signup,,Business,0,49
EVT-005895,CUST-03358,2024-07-20,signup,,Free,0,0
EVT-005924,CUST-03376,2024-07-20,signup,,Business,0,49
EVT-002710,CUST-01423,2024-07-21,upgrade,Free,Pro,0,15
EVT-003023,CUST-01596,2024-07-21,cancel,Free,Cancelled,0,0
EVT-005305,CUST-02966,2024-07-21,cancel,Free,Cancelled,0,0
EVT-005552,CUST-03125,2024-07-21,upgrade,Pro,Business,15,49
EVT-005745,CUST-03253,2024-07-21,signup,,Pro,0,15
EVT-005851,CUST-03329,2024-07-21,signup,,Free,0,0
EVT-005931,CUST-03381,2024-07-21,signup,,Business,0,49
EVT-005981,CUST-03414,2024-07-21,signup,,Free,0,0
EVT-006034,CUST-03451,2024-07-21,signup,,Pro,0,15
EVT-006062,CUST-03468,2024-07-21,signup,,Free,0,0
EVT-001145,CUST-00585,2024-07-22,cancel,Free,Cancelled,0,0
EVT-001152,CUST-00589,2024-07-22,upgrade,Pro,Business,15,49
EVT-002955,CUST-01559,2024-07-22,cancel,Pro,Cancelled,15,0
EVT-004063,CUST-02200,2024-07-22,upgrade,Pro,Business,15,49
EVT-004408,CUST-02410,2024-07-22,upgrade,Pro,Business,15,49
EVT-005365,CUST-03006,2024-07-22,cancel,Pro,Cancelled,15,0
EVT-005466,CUST-03068,2024-07-22,cancel,Free,Cancelled,0,0
EVT-005504,CUST-03095,2024-07-22,upgrade,Free,Pro,0,15
EVT-005774,CUST-03274,2024-07-22,signup,,Pro,0,15
EVT-005780,CUST-03277,2024-07-22,signup,,Free,0,0
EVT-005823,CUST-03310,2024-07-22,signup,,Pro,0,15
EVT-005842,CUST-03322,2024-07-22,signup,,Enterprise,0,199
EVT-005893,CUST-03357,2024-07-22,signup,,Free,0,0
EVT-005925,CUST-03377,2024-07-22,signup,,Pro,0,15
EVT-005946,CUST-03391,2024-07-22,signup,,Pro,0,15
EVT-006031,CUST-03448,2024-07-22,signup,,Pro,0,15
EVT-001166,CUST-00597,2024-07-23,cancel,Pro,Cancelled,15,0
EVT-003938,CUST-02130,2024-07-23,cancel,Business,Cancelled,49,0
EVT-003977,CUST-02152,2024-07-23,cancel,Free,Cancelled,0,0
EVT-005190,CUST-02892,2024-07-23,cancel,Free,Cancelled,0,0
EVT-005558,CUST-03128,2024-07-23,cancel,Free,Cancelled,0,0
EVT-005593,CUST-03153,2024-07-23,cancel,Free,Cancelled,0,0
EVT-005630,CUST-03175,2024-07-23,cancel,Pro,Cancelled,15,0
EVT-005791,CUST-03285,2024-07-23,signup,,Free,0,0
EVT-005976,CUST-03411,2024-07-23,signup,,Pro,0,15
EVT-006008,CUST-03431,2024-07-23,signup,,Pro,0,15
EVT-006021,CUST-03442,2024-07-23,signup,,Business,0,49
EVT-006024,CUST-03444,2024-07-23,signup,,Business,0,49
EVT-002029,CUST-01057,2024-07-24,cancel,Free,Cancelled,0,0
EVT-002215,CUST-01156,2024-07-24,cancel,Pro,Cancelled,15,0
EVT-002226,CUST-01162,2024-07-24,cancel,Free,Cancelled,0,0
EVT-004122,CUST-02239,2024-07-24,cancel,Pro,Cancelled,15,0
EVT-004284,CUST-02335,2024-07-24,upgrade,Pro,Business,15,49
EVT-004698,CUST-02593,2024-07-24,cancel,Pro,Cancelled,15,0
EVT-004702,CUST-02595,2024-07-24,cancel,Free,Cancelled,0,0
EVT-005129,CUST-02854,2024-07-24,upgrade,Free,Pro,0,15
EVT-005525,CUST-03108,2024-07-24,cancel,Free,Cancelled,0,0
EVT-005787,CUST-03282,2024-07-24,signup,,Enterprise,0,199
EVT-005805,CUST-03296,2024-07-24,signup,,Pro,0,15
EVT-005811,CUST-03300,2024-07-24,signup,,Business,0,49
EVT-005838,CUST-03319,2024-07-24,signup,,Pro,0,15
EVT-005930,CUST-03380,2024-07-24,signup,,Pro,0,15
EVT-005949,CUST-03393,2024-07-24,signup,,Pro,0,15
EVT-005962,CUST-03403,2024-07-24,signup,,Free,0,0
EVT-005987,CUST-03418,2024-07-24,signup,,Pro,0,15
EVT-006040,CUST-03456,2024-07-24,signup,,Free,0,0
EVT-006061,CUST-03467,2024-07-24,signup,,Pro,0,15
EVT-002376,CUST-01244,2024-07-25,cancel,Free,Cancelled,0,0
EVT-002577,CUST-01353,2024-07-25,cancel,Free,Cancelled,0,0
EVT-003792,CUST-02044,2024-07-25,upgrade,Free,Pro,0,15
EVT-005382,CUST-03016,2024-07-25,cancel,Pro,Cancelled,15,0
EVT-005518,CUST-03104,2024-07-25,downgrade,Pro,Free,15,0
EVT-005749,CUST-03256,2024-07-25,signup,,Pro,0,15
EVT-005760,CUST-03265,2024-07-25,signup,,Business,0,49
EVT-005767,CUST-03270,2024-07-25,signup,,Pro,0,15
EVT-005919,CUST-03373,2024-07-25,signup,,Pro,0,15
EVT-005927,CUST-03379,2024-07-25,signup,,Pro,0,15
EVT-006039,CUST-03455,2024-07-25,signup,,Free,0,0
EVT-002720,CUST-01429,2024-07-26,cancel,Pro,Cancelled,15,0
EVT-003258,CUST-01730,2024-07-26,cancel,Free,Cancelled,0,0
EVT-003462,CUST-01851,2024-07-26,cancel,Pro,Cancelled,15,0
EVT-004007,CUST-02168,2024-07-26,cancel,Business,Cancelled,49,0
EVT-004193,CUST-02279,2024-07-26,cancel,Pro,Cancelled,15,0
EVT-004444,CUST-02430,2024-07-26,upgrade,Pro,Business,15,49
EVT-004756,CUST-02627,2024-07-26,cancel,Free,Cancelled,0,0
EVT-004824,CUST-02667,2024-07-26,upgrade,Pro,Business,15,49
EVT-005535,CUST-03114,2024-07-26,cancel,Free,Cancelled,0,0
EVT-005827,CUST-03313,2024-07-26,signup,,Free,0,0
EVT-005947,CUST-03392,2024-07-26,signup,,Free,0,0
EVT-001396,CUST-00717,2024-07-27,cancel,Pro,Cancelled,15,0
EVT-001952,CUST-01016,2024-07-27,upgrade,Pro,Business,15,49
EVT-002059,CUST-01072,2024-07-27,cancel,Free,Cancelled,0,0
EVT-003407,CUST-01818,2024-07-27,upgrade,Pro,Business,15,49
EVT-004254,CUST-02317,2024-07-27,cancel,Free,Cancelled,0,0
EVT-005124,CUST-02851,2024-07-27,cancel,Pro,Cancelled,15,0
EVT-005172,CUST-02881,2024-07-27,cancel,Pro,Cancelled,15,0
EVT-005590,CUST-03151,2024-07-27,cancel,Free,Cancelled,0,0
EVT-005683,CUST-03210,2024-07-27,cancel,Free,Cancelled,0,0
EVT-005756,CUST-03262,2024-07-27,signup,,Business,0,49
EVT-005762,CUST-03266,2024-07-27,signup,,Business,0,49
EVT-005883,CUST-03350,2024-07-27,signup,,Pro,0,15
EVT-005889,CUST-03354,2024-07-27,signup,,Pro,0,15
EVT-005901,CUST-03362,2024-07-27,signup,,Business,0,49
EVT-005918,CUST-03372,2024-07-27,signup,,Pro,0,15
EVT-005968,CUST-03407,2024-07-27,signup,,Free,0,0
EVT-006006,CUST-03430,2024-07-27,signup,,Pro,0,15
EVT-006022,CUST-03443,2024-07-27,signup,,Free,0,0
EVT-006059,CUST-03465,2024-07-27,signup,,Pro,0,15
EVT-001987,CUST-01035,2024-08-01,cancel,Free,Cancelled,0,0
EVT-003071,CUST-01623,2024-08-01,cancel,Pro,Cancelled,15,0
EVT-004776,CUST-02639,2024-08-01,cancel,Pro,Cancelled,15,0
EVT-005681,CUST-03209,2024-08-01,cancel,Free,Cancelled,0,0
EVT-005989,CUST-03419,2024-08-01,cancel,Pro,Cancelled,15,0
EVT-006081,CUST-03481,2024-08-01,signup,,Free,0,0
EVT-006095,CUST-03490,2024-08-01,signup,,Free,0,0
EVT-006097,CUST-03491,2024-08-01,signup,,Business,0,49
EVT-006125,CUST-03509,2024-08-01,signup,,Free,0,0
EVT-006143,CUST-03521,2024-08-01,signup,,Free,0,0
EVT-006236,CUST-03591,2024-08-01,signup,,Pro,0,15
EVT-006264,CUST-03609,2024-08-01,signup,,Pro,0,15
EVT-006291,CUST-03627,2024-08-01,signup,,Pro,0,15
EVT-006313,CUST-03640,2024-08-01,signup,,Pro,0,15
EVT-006321,CUST-03645,2024-08-01,signup,,Pro,0,15
EVT-006399,CUST-03699,2024-08-01,signup,,Free,0,0
EVT-006432,CUST-03721,2024-08-01,signup,,Pro,0,15
EVT-006468,CUST-03745,2024-08-01,signup,,Free,0,0
EVT-004105,CUST-02228,2024-08-02,cancel,Free,Cancelled,0,0
EVT-005507,CUST-03096,2024-08-02,cancel,Free,Cancelled,0,0
EVT-005943,CUST-03388,2024-08-02,cancel,Free,Cancelled,0,0
EVT-006072,CUST-03475,2024-08-02,signup,,Pro,0,15
EVT-006088,CUST-03486,2024-08-02,signup,,Free,0,0
EVT-006138,CUST-03517,2024-08-02,signup,,Free,0,0
EVT-006203,CUST-03565,2024-08-02,signup,,Pro,0,15
EVT-006219,CUST-03578,2024-08-02,signup,,Pro,0,15
EVT-006231,CUST-03587,2024-08-02,signup,,Pro,0,15
EVT-006232,CUST-03588,2024-08-02,signup,,Pro,0,15
EVT-006272,CUST-03616,2024-08-02,signup,,Enterprise,0,199
EVT-006320,CUST-03644,2024-08-02,signup,,Free,0,0
EVT-006370,CUST-03679,2024-08-02,signup,,Pro,0,15
EVT-006383,CUST-03687,2024-08-02,signup,,Free,0,0
EVT-006409,CUST-03705,2024-08-02,signup,,Free,0,0
EVT-006428,CUST-03718,2024-08-02,signup,,Free,0,0
EVT-002808,CUST-01475,2024-08-03,cancel,Pro,Cancelled,15,0
EVT-004863,CUST-02691,2024-08-03,cancel,Free,Cancelled,0,0
EVT-005315,CUST-02972,2024-08-03,cancel,Free,Cancelled,0,0
EVT-005374,CUST-03011,2024-08-03,downgrade,Pro,Free,15,0
EVT-005739,CUST-03248,2024-08-03,cancel,Pro,Cancelled,15,0
EVT-005917,CUST-03371,2024-08-03,cancel,Free,Cancelled,0,0
EVT-005999,CUST-03426,2024-08-03,cancel,Free,Cancelled,0,0
EVT-006120,CUST-03505,2024-08-03,signup,,Free,0,0
EVT-006173,CUST-03543,2024-08-03,signup,,Free,0,0
EVT-006247,CUST-03598,2024-08-03,signup,,Free,0,0
EVT-006307,CUST-03636,2024-08-03,signup,,Pro,0,15
EVT-006344,CUST-03661,2024-08-03,signup,,Free,0,0
EVT-006347,CUST-03664,2024-08-03,signup,,Free,0,0
EVT-006367,CUST-03677,2024-08-03,signup,,Pro,0,15
EVT-006401,CUST-03700,2024-08-03,signup,,Pro,0,15
EVT-006414,CUST-03708,2024-08-03,signup,,Pro,0,15
EVT-006479,CUST-03753,2024-08-03,signup,,Free,0,0
EVT-003512,CUST-01879,2024-08-04,cancel,Free,Cancelled,0,0
EVT-004665,CUST-02573,2024-08-04,cancel,Pro,Cancelled,15,0
EVT-004860,CUST-02689,2024-08-04,cancel,Free,Cancelled,0,0
EVT-005093,CUST-02832,2024-08-04,cancel,Pro,Cancelled,15,0
EVT-005329,CUST-02982,2024-08-04,cancel,Free,Cancelled,0,0
EVT-005734,CUST-03245,2024-08-04,cancel,Free,Cancelled,0,0
EVT-005875,CUST-03345,2024-08-04,upgrade,Free,Pro,0,15
EVT-006071,CUST-03474,2024-08-04,signup,,Pro,0,15
EVT-006148,CUST-03525,2024-08-04,signup,,Free,0,0
EVT-006153,CUST-03530,2024-08-04,signup,,Free,0,0
EVT-006164,CUST-03538,2024-08-04,signup,,Free,0,0
EVT-006166,CUST-03539,2024-08-04,signup,,Free,0,0
EVT-006180,CUST-03548,2024-08-04,signup,,Enterprise,0,199
EVT-006185,CUST-03551,2024-08-04,signup,,Pro,0,15
EVT-006187,CUST-03553,2024-08-04,signup,,Free,0,0
EVT-006198,CUST-03561,2024-08-04,signup,,Pro,0,15
EVT-006200,CUST-03563,2024-08-04,signup,,Free,0,0
EVT-006267,CUST-03612,2024-08-04,signup,,Pro,0,15
EVT-006284,CUST-03624,2024-08-04,signup,,Pro,0,15
EVT-006324,CUST-03648,2024-08-04,signup,,Pro,0,15
EVT-006353,CUST-03667,2024-08-04,signup,,Enterprise,0,199
EVT-006392,CUST-03694,2024-08-04,signup,,Free,0,0
EVT-006438,CUST-03726,2024-08-04,signup,,Free,0,0
EVT-006453,CUST-03736,2024-08-04,signup,,Pro,0,15
EVT-006456,CUST-03738,2024-08-04,signup,,Pro,0,15
EVT-000506,CUST-00255,2024-08-05,cancel,Business,Cancelled,49,0
EVT-001768,CUST-00914,2024-08-05,cancel,Free,Cancelled,0,0
EVT-002224,CUST-01161,2024-08-05,upgrade,Pro,Business,15,49
EVT-002629,CUST-01380,2024-08-05,cancel,Pro,Cancelled,15,0
EVT-004527,CUST-02483,2024-08-05,cancel,Free,Cancelled,0,0
EVT-005398,CUST-03026,2024-08-05,cancel,Free,Cancelled,0,0
EVT-005899,CUST-03360,2024-08-05,cancel,Pro,Cancelled,15,0
EVT-005984,CUST-03416,2024-08-05,upgrade,Free,Pro,0,15
EVT-006049,CUST-03460,2024-08-05,cancel,Pro,Cancelled,15,0
EVT-006109,CUST-03498,2024-08-05,signup,,Pro,0,15
EVT-006149,CUST-03526,2024-08-05,signup,,Free,0,0
EVT-006225,CUST-03582,2024-08-05,signup,,Pro,0,15
EVT-006273,CUST-03617,2024-08-05,signup,,Pro,0,15
EVT-006323,CUST-03647,2024-08-05,signup,,Pro,0,15
EVT-006405,CUST-03703,2024-08-05,signup,,Business,0,49
EVT-006431,CUST-03720,2024-08-05,signup,,Business,0,49
EVT-006489,CUST-03760,2024-08-05,signup,,Business,0,49
EVT-006493,CUST-03763,2024-08-05,signup,,Free,0,0
EVT-000099,CUST-00053,2024-08-06,cancel,Pro,Cancelled,15,0
EVT-002563,CUST-01346,2024-08-06,cancel,Pro,Cancelled,15,0
EVT-004321,CUST-02359,2024-08-06,upgrade,Pro,Business,15,49
EVT-004719,CUST-02605,2024-08-06,cancel,Pro,Cancelled,15,0
EVT-004753,CUST-02625,2024-08-06,cancel,Free,Cancelled,0,0
EVT-004980,CUST-02764,2024-08-06,downgrade,Pro,Free,15,0
EVT-005165,CUST-02877,2024-08-06,cancel,Free,Cancelled,0,0
EVT-005270,CUST-02942,2024-08-06,downgrade,Enterprise,Business,199,49
EVT-005704,CUST-03225,2024-08-06,cancel,Free,Cancelled,0,0
EVT-005766,CUST-03269,2024-08-06,cancel,Free,Cancelled,0,0
EVT-005954,CUST-03397,2024-08-06,cancel,Free,Cancelled,0,0
EVT-006041,CUST-03456,2024-08-06,cancel,Free,Cancelled,0,0
EVT-006100,CUST-03493,2024-08-06,signup,,Free,0,0
EVT-006179,CUST-03547,2024-08-06,signup,,Pro,0,15
EVT-006270,CUST-03614,2024-08-06,signup,,Pro,0,15
EVT-006426,CUST-03716,2024-08-06,signup,,Free,0,0
EVT-006475,CUST-03750,2024-08-06,signup,,Pro,0,15
EVT-000733,CUST-00372,2024-08-07,cancel,Free,Cancelled,0,0
EVT-001719,CUST-00887,2024-08-07,cancel,Business,Cancelled,49,0
EVT-003287,CUST-01747,2024-08-07,cancel,Pro,Cancelled,15,0
EVT-003629,CUST-01952,2024-08-07,cancel,Pro,Cancelled,15,0
EVT-005385,CUST-03018,2024-08-07,downgrade,Pro,Free,15,0
EVT-005616,CUST-03166,2024-08-07,cancel,Free,Cancelled,0,0
EVT-005693,CUST-03218,2024-08-07,cancel,Free,Cancelled,0,0
EVT-006150,CUST-03527,2024-08-07,signup,,Business,0,49
EVT-006197,CUST-03560,2024-08-07,signup,,Pro,0,15
EVT-006322,CUST-03646,2024-08-07,signup,,Free,0,0
EVT-006342,CUST-03660,2024-08-07,signup,,Pro,0,15
EVT-006415,CUST-03709,2024-08-07,signup,,Free,0,0
EVT-001705,CUST-00880,2024-08-08,cancel,Business,Cancelled,49,0
EVT-002704,CUST-01420,2024-08-08,cancel,Pro,Cancelled,15,0
EVT-004014,CUST-02172,2024-08-08,cancel,Free,Cancelled,0,0
EVT-004635,CUST-02556,2024-08-08,cancel,Pro,Cancelled,15,0
EVT-004818,CUST-02664,2024-08-08,cancel,Pro,Cancelled,15,0
EVT-004865,CUST-02692,2024-08-08,cancel,Free,Cancelled,0,0
EVT-005140,CUST-02863,2024-08-08,cancel,Free,Cancelled,0,0
EVT-005619,CUST-03168,2024-08-08,cancel,Free,Cancelled,0,0
EVT-005908,CUST-03366,2024-08-08,cancel,Pro,Cancelled,15,0
EVT-006155,CUST-03531,2024-08-08,signup,,Free,0,0
EVT-006194,CUST-03558,2024-08-08,signup,,Free,0,0
EVT-006233,CUST-03589,2024-08-08,signup,,Free,0,0
EVT-006242,CUST-03595,2024-08-08,signup,,Pro,0,15
EVT-006265,CUST-03610,2024-08-08,signup,,Enterprise,0,199
EVT-006279,CUST-03621,2024-08-08,signup,,Free,0,0
EVT-006337,CUST-03656,2024-08-08,signup,,Pro,0,15
EVT-006360,CUST-03673,2024-08-08,signup,,Free,0,0
EVT-006365,CUST-03676,2024-08-08,signup,,Free,0,0
EVT-006388,CUST-03690,2024-08-08,signup,,Pro,0,15
EVT-006488,CUST-03759,2024-08-08,signup,,Pro,0,15
EVT-001266,CUST-00650,2024-08-09,downgrade,Business,Pro,49,15
EVT-003323,CUST-01769,2024-08-09,cancel,Pro,Cancelled,15,0
EVT-003670,CUST-01978,2024-08-09,cancel,Free,Cancelled,0,0
EVT-004036,CUST-02184,2024-08-09,cancel,Free,Cancelled,0,0
EVT-004917,CUST-02724,2024-08-09,cancel,Free,Cancelled,0,0
EVT-005395,CUST-03024,2024-08-09,cancel,Free,Cancelled,0,0
EVT-005452,CUST-03060,2024-08-09,cancel,Free,Cancelled,0,0
EVT-005521,CUST-03106,2024-08-09,cancel,Free,Cancelled,0,0
EVT-006074,CUST-03477,2024-08-09,signup,,Free,0,0
EVT-006090,CUST-03487,2024-08-09,signup,,Enterprise,0,199
EVT-006170,CUST-03541,2024-08-09,signup,,Business,0,49
EVT-006220,CUST-03579,2024-08-09,signup,,Free,0,0
EVT-006238,CUST-03592,2024-08-09,signup,,Business,0,49
EVT-006243,CUST-03596,2024-08-09,signup,,Business,0,49
EVT-006314,CUST-03641,2024-08-09,signup,,Free,0,0
EVT-006345,CUST-03662,2024-08-09,signup,,Free,0,0
EVT-006391,CUST-03693,2024-08-09,signup,,Free,0,0
EVT-006462,CUST-03741,2024-08-09,signup,,Free,0,0
EVT-000957,CUST-00488,2024-08-10,upgrade,Free,Pro,0,15
EVT-002778,CUST-01460,2024-08-10,upgrade,Free,Pro,0,15
EVT-003912,CUST-02115,2024-08-10,downgrade,Pro,Free,15,0
EVT-004109,CUST-02230,2024-08-10,cancel,Free,Cancelled,0,0
EVT-004614,CUST-02542,2024-08-10,cancel,Free,Cancelled,0,0
EVT-005026,CUST-02791,2024-08-10,upgrade,Free,Pro,0,15
EVT-005192,CUST-02893,2024-08-10,cancel,Pro,Cancelled,15,0
EVT-005290,CUST-02955,2024-08-10,cancel,Pro,Cancelled,15,0
EVT-005541,CUST-03118,2024-08-10,cancel,Pro,Cancelled,15,0
EVT-005586,CUST-03148,2024-08-10,cancel,Free,Cancelled,0,0
EVT-005828,CUST-03313,2024-08-10,upgrade,Free,Pro,0,15
EVT-006083,CUST-03482,2024-08-10,signup,,Free,0,0
EVT-006160,CUST-03535,2024-08-10,signup,,Pro,0,15
EVT-006182,CUST-03549,2024-08-10,signup,,Free,0,0
EVT-006188,CUST-03554,2024-08-10,signup,,Free,0,0
EVT-006266,CUST-03611,2024-08-10,signup,,Pro,0,15
EVT-006287,CUST-03625,2024-08-10,signup,,Business,0,49
EVT-006413,CUST-03707,2024-08-10,signup,,Free,0,0
EVT-006436,CUST-03724,2024-08-10,signup,,Free,0,0
EVT-006441,CUST-03728,2024-08-10,signup,,Pro,0,15
EVT-006444,CUST-03731,2024-08-10,signup,,Free,0,0
EVT-006458,CUST-03739,2024-08-10,signup,,Free,0,0
EVT-001499,CUST-00770,2024-08-11,downgrade,Pro,Free,15,0
EVT-002354,CUST-01232,2024-08-11,cancel,Pro,Cancelled,15,0
EVT-003750,CUST-02022,2024-08-11,cancel,Business,Cancelled,49,0
EVT-004126,CUST-02241,2024-08-11,cancel,Pro,Cancelled,15,0
EVT-004709,CUST-02599,2024-08-11,cancel,Free,Cancelled,0,0
EVT-005807,CUST-03297,2024-08-11,cancel,Free,Cancelled,0,0
EVT-006005,CUST-03429,2024-08-11,cancel,Free,Cancelled,0,0
EVT-006108,CUST-03497,2024-08-11,signup,,Pro,0,15
EVT-006116,CUST-03502,2024-08-11,signup,,Free,0,0
EVT-006142,CUST-03520,2024-08-11,signup,,Free,0,0
EVT-006340,CUST-03659,2024-08-11,signup,,Free,0,0
EVT-006378,CUST-03684,2024-08-11,signup,,Free,0,0
EVT-006412,CUST-03706,2024-08-11,signup,,Pro,0,15
EVT-006416,CUST-03710,2024-08-11,signup,,Free,0,0
EVT-006421,CUST-03713,2024-08-11,signup,,Free,0,0
EVT-000070,CUST-00038,2024-08-12,downgrade,Business,Pro,49,15
EVT-001713,CUST-00884,2024-08-12,upgrade,Free,Pro,0,15
EVT-003690,CUST-01989,2024-08-12,upgrade,Free,Pro,0,15
EVT-006077,CUST-03479,2024-08-12,signup,,Pro,0,15
EVT-006091,CUST-03488,2024-08-12,signup,,Pro,0,15
EVT-006161,CUST-03536,2024-08-12,signup,,Free,0,0
EVT-006176,CUST-03545,2024-08-12,signup,,Pro,0,15
EVT-006283,CUST-03623,2024-08-12,signup,,Pro,0,15
EVT-006381,CUST-03686,2024-08-12,signup,,Free,0,0
EVT-006385,CUST-03688,2024-08-12,signup,,Free,0,0
EVT-006396,CUST-03697,2024-08-12,signup,,Pro,0,15
EVT-006434,CUST-03722,2024-08-12,signup,,Pro,0,15
EVT-006463,CUST-03742,2024-08-12,signup,,Business,0,49
EVT-002681,CUST-01409,2024-08-13,upgrade,Pro,Business,15,49
EVT-003121,CUST-01655,2024-08-13,cancel,Free,Cancelled,0,0
EVT-003932,CUST-02126,2024-08-13,upgrade,Free,Pro,0,15
EVT-004812,CUST-02661,2024-08-13,cancel,Pro,Cancelled,15,0
EVT-005725,CUST-03238,2024-08-13,cancel,Pro,Cancelled,15,0
EVT-005992,CUST-03421,2024-08-13,cancel,Pro,Cancelled,15,0
EVT-006086,CUST-03484,2024-08-13,signup,,Free,0,0
EVT-006110,CUST-03499,2024-08-13,signup,,Pro,0,15
EVT-006252,CUST-03602,2024-08-13,signup,,Free,0,0
EVT-006289,CUST-03626,2024-08-13,signup,,Free,0,0
EVT-006295,CUST-03629,2024-08-13,signup,,Free,0,0
EVT-006297,CUST-03630,2024-08-13,signup,,Business,0,49
EVT-006346,CUST-03663,2024-08-13,signup,,Free,0,0
EVT-006390,CUST-03692,2024-08-13,signup,,Free,0,0
EVT-006403,CUST-03702,2024-08-13,signup,,Pro,0,15
EVT-006420,CUST-03712,2024-08-13,signup,,Free,0,0
EVT-006424,CUST-03715,2024-08-13,signup,,Free,0,0
EVT-006435,CUST-03723,2024-08-13,signup,,Pro,0,15
EVT-006451,CUST-03735,2024-08-13,signup,,Pro,0,15
EVT-006472,CUST-03748,2024-08-13,signup,,Pro,0,15
EVT-006491,CUST-03762,2024-08-13,signup,,Pro,0,15
EVT-004423,CUST-02417,2024-08-14,upgrade,Pro,Business,15,49
EVT-005209,CUST-02903,2024-08-14,upgrade,Pro,Business,15,49
EVT-005913,CUST-03369,2024-08-14,cancel,Pro,Cancelled,15,0
EVT-006038,CUST-03454,2024-08-14,upgrade,Free,Pro,0,15
EVT-006126,CUST-03510,2024-08-14,signup,,Free,0,0
EVT-006157,CUST-03532,2024-08-14,signup,,Pro,0,15
EVT-006205,CUST-03567,2024-08-14,signup,,Pro,0,15
EVT-006213,CUST-03573,2024-08-14,signup,,Free,0,0
EVT-006245,CUST-03597,2024-08-14,signup,,Free,0,0
EVT-006357,CUST-03671,2024-08-14,signup,,Free,0,0
EVT-006398,CUST-03698,2024-08-14,signup,,Pro,0,15
EVT-000420,CUST-00212,2024-08-15,cancel,Pro,Cancelled,15,0
EVT-002138,CUST-01115,2024-08-15,cancel,Business,Cancelled,49,0
EVT-004952,CUST-02747,2024-08-15,cancel,Pro,Cancelled,15,0
EVT-005018,CUST-02786,2024-08-15,upgrade,Pro,Business,15,49
EVT-005159,CUST-02874,2024-08-15,upgrade,Free,Pro,0,15
EVT-005775,CUST-03274,2024-08-15,cancel,Pro,Cancelled,15,0
EVT-006057,CUST-03464,2024-08-15,upgrade,Free,Pro,0,15
EVT-006073,CUST-03476,2024-08-15,signup,,Free,0,0
EVT-006129,CUST-03512,2024-08-15,signup,,Pro,0,15
EVT-006218,CUST-03577,2024-08-15,signup,,Enterprise,0,199
EVT-006241,CUST-03594,2024-08-15,signup,,Pro,0,15
EVT-006258,CUST-03605,2024-08-15,signup,,Free,0,0
EVT-006262,CUST-03608,2024-08-15,signup,,Pro,0,15
EVT-006380,CUST-03685,2024-08-15,signup,,Pro,0,15
EVT-006393,CUST-03695,2024-08-15,signup,,Enterprise,0,199
EVT-006439,CUST-03727,2024-08-15,signup,,Free,0,0
EVT-003470,CUST-01855,2024-08-16,cancel,Free,Cancelled,0,0
EVT-003615,CUST-01944,2024-08-16,upgrade,Free,Pro,0,15
EVT-003765,CUST-02030,2024-08-16,cancel,Free,Cancelled,0,0
EVT-004138,CUST-02247,2024-08-16,downgrade,Business,Pro,49,15
EVT-005597,CUST-03155,2024-08-16,upgrade,Pro,Business,15,49
EVT-005970,CUST-03408,2024-08-16,downgrade,Pro,Free,15,0
EVT-006114,CUST-03501,2024-08-16,signup,,Pro,0,15
EVT-006145,CUST-03523,2024-08-16,signup,,Free,0,0
EVT-006177,CUST-03546,2024-08-16,signup,,Free,0,0
EVT-006226,CUST-03583,2024-08-16,signup,,Free,0,0
EVT-006275,CUST-03618,2024-08-16,signup,,Pro,0,15
EVT-006299,CUST-03631,2024-08-16,signup,,Business,0,49
EVT-006364,CUST-03675,2024-08-16,signup,,Free,0,0
EVT-006402,CUST-03701,2024-08-16,signup,,Enterprise,0,199
EVT-006430,CUST-03719,2024-08-16,signup,,Pro,0,15
EVT-002142,CUST-01118,2024-08-17,downgrade,Enterprise,Business,199,49
EVT-002352,CUST-01231,2024-08-17,cancel,Pro,Cancelled,15,0
EVT-002371,CUST-01242,2024-08-17,downgrade,Pro,Free,15,0
EVT-003377,CUST-01801,2024-08-17,cancel,Free,Cancelled,0,0
EVT-004441,CUST-02429,2024-08-17,cancel,Pro,Cancelled,15,0
EVT-005105,CUST-02840,2024-08-17,downgrade,Pro,Free,15,0
EVT-005307,CUST-02967,2024-08-17,cancel,Free,Cancelled,0,0
EVT-005492,CUST-03087,2024-08-17,upgrade,Free,Pro,0,15
EVT-006102,CUST-03494,2024-08-17,signup,,Free,0,0
EVT-006118,CUST-03503,2024-08-17,signup,,Pro,0,15
EVT-006128,CUST-03511,2024-08-17,signup,,Business,0,49
EVT-006136,CUST-03516,2024-08-17,signup,,Free,0,0
EVT-006140,CUST-03519,2024-08-17,signup,,Pro,0,15
EVT-006174,CUST-03544,2024-08-17,signup,,Pro,0,15
EVT-006189,CUST-03555,2024-08-17,signup,,Pro,0,15
EVT-006216,CUST-03575,2024-08-17,signup,,Pro,0,15
EVT-006227,CUST-03584,2024-08-17,signup,,Free,0,0
EVT-006351,CUST-03666,2024-08-17,signup,,Free,0,0
EVT-006358,CUST-03672,2024-08-17,signup,,Free,0,0
EVT-006386,CUST-03689,2024-08-17,signup,,Free,0,0
EVT-006389,CUST-03691,2024-08-17,signup,,Pro,0,15
EVT-006446,CUST-03732,2024-08-17,signup,,Pro,0,15
EVT-003305,CUST-01758,2024-08-18,cancel,Pro,Cancelled,15,0
EVT-004175,CUST-02271,2024-08-18,cancel,Pro,Cancelled,15,0
EVT-004563,CUST-02507,2024-08-18,upgrade,Pro,Business,15,49
EVT-004683,CUST-02584,2024-08-18,cancel,Business,Cancelled,49,0
EVT-004707,CUST-02598,2024-08-18,upgrade,Free,Pro,0,15
EVT-004983,CUST-02765,2024-08-18,cancel,Pro,Cancelled,15,0
EVT-006076,CUST-03478,2024-08-18,signup,,Enterprise,0,199
EVT-006087,CUST-03485,2024-08-18,signup,,Pro,0,15
EVT-006104,CUST-03495,2024-08-18,signup,,Pro,0,15
EVT-006122,CUST-03506,2024-08-18,signup,,Pro,0,15
EVT-006132,CUST-03514,2024-08-18,signup,,Free,0,0
EVT-006152,CUST-03529,2024-08-18,signup,,Enterprise,0,199
EVT-006159,CUST-03534,2024-08-18,signup,,Free,0,0
EVT-006196,CUST-03559,2024-08-18,signup,,Pro,0,15
EVT-006250,CUST-03600,2024-08-18,signup,,Free,0,0
EVT-006255,CUST-03604,2024-08-18,signup,,Pro,0,15
EVT-006276,CUST-03619,2024-08-18,signup,,Free,0,0
EVT-006282,CUST-03622,2024-08-18,signup,,Pro,0,15
EVT-006301,CUST-03632,2024-08-18,signup,,Pro,0,15
EVT-006482,CUST-03755,2024-08-18,signup,,Free,0,0
EVT-000273,CUST-00136,2024-08-19,cancel,Pro,Cancelled,15,0
EVT-000334,CUST-00167,2024-08-19,cancel,Free,Cancelled,0,0
EVT-002158,CUST-01127,2024-08-19,cancel,Free,Cancelled,0,0
EVT-002194,CUST-01145,2024-08-19,cancel,Pro,Cancelled,15,0
EVT-002857,CUST-01503,2024-08-19,upgrade,Free,Pro,0,15
EVT-003210,CUST-01703,2024-08-19,upgrade,Pro,Business,15,49
EVT-003981,CUST-02154,2024-08-19,cancel,Free,Cancelled,0,0
EVT-004157,CUST-02260,2024-08-19,upgrade,Pro,Business,15,49
EVT-005207,CUST-02902,2024-08-19,cancel,Free,Cancelled,0,0
EVT-005212,CUST-02905,2024-08-19,cancel,Pro,Cancelled,15,0
EVT-006112,CUST-03500,2024-08-19,signup,,Free,0,0
EVT-006172,CUST-03542,2024-08-19,signup,,Enterprise,0,199
EVT-006204,CUST-03566,2024-08-19,signup,,Pro,0,15
EVT-006214,CUST-03574,2024-08-19,signup,,Pro,0,15
EVT-006316,CUST-03642,2024-08-19,signup,,Free,0,0
EVT-006422,CUST-03714,2024-08-19,signup,,Free,0,0
EVT-000508,CUST-00256,2024-08-20,upgrade,Free,Pro,0,15
EVT-000630,CUST-00322,2024-08-20,cancel,Free,Cancelled,0,0
EVT-000899,CUST-00459,2024-08-20,cancel,Business,Cancelled,49,0
EVT-002430,CUST-01275,2024-08-20,cancel,Business,Cancelled,49,0
EVT-004368,CUST-02386,2024-08-20,cancel,Free,Cancelled,0,0
EVT-005137,CUST-02861,2024-08-20,downgrade,Pro,Free,15,0
EVT-005157,CUST-02873,2024-08-20,upgrade,Free,Pro,0,15
EVT-005389,CUST-03020,2024-08-20,cancel,Free,Cancelled,0,0
EVT-005556,CUST-03127,2024-08-20,cancel,Free,Cancelled,0,0
EVT-005656,CUST-03193,2024-08-20,cancel,Enterprise,Cancelled,199,0
EVT-005820,CUST-03308,2024-08-20,upgrade,Free,Pro,0,15
EVT-005940,CUST-03386,2024-08-20,cancel,Pro,Cancelled,15,0
EVT-006093,CUST-03489,2024-08-20,signup,,Free,0,0
EVT-006158,CUST-03533,2024-08-20,signup,,Pro,0,15
EVT-006162,CUST-03537,2024-08-20,signup,,Free,0,0
EVT-006168,CUST-03540,2024-08-20,signup,,Free,0,0
EVT-006186,CUST-03552,2024-08-20,signup,,Pro,0,15
EVT-006251,CUST-03601,2024-08-20,signup,,Pro,0,15
EVT-006271,CUST-03615,2024-08-20,signup,,Pro,0,15
EVT-006277,CUST-03620,2024-08-20,signup,,Pro,0,15
EVT-006363,CUST-03674,2024-08-20,signup,,Business,0,49
EVT-002261,CUST-01179,2024-08-21,cancel,Free,Cancelled,0,0
EVT-003591,CUST-01929,2024-08-21,cancel,Free,Cancelled,0,0
EVT-004118,CUST-02237,2024-08-21,downgrade,Pro,Free,15,0
EVT-004769,CUST-02635,2024-08-21,upgrade,Free,Pro,0,15
EVT-005523,CUST-03107,2024-08-21,cancel,Pro,Cancelled,15,0
EVT-006146,CUST-03524,2024-08-21,signup,,Free,0,0
EVT-006192,CUST-03557,2024-08-21,signup,,Free,0,0
EVT-006209,CUST-03569,2024-08-21,signup,,Free,0,0
EVT-006249,CUST-03599,2024-08-21,signup,,Free,0,0
EVT-006253,CUST-03603,2024-08-21,signup,,Business,0,49
EVT-006305,CUST-03635,2024-08-21,signup,,Free,0,0
EVT-006325,CUST-03649,2024-08-21,signup,,Business,0,49
EVT-006326,CUST-03650,2024-08-21,signup,,Free,0,0
EVT-006328,CUST-03651,2024-08-21,signup,,Pro,0,15
EVT-006331,CUST-03653,2024-08-21,signup,,Pro,0,15
EVT-006355,CUST-03669,2024-08-21,signup,,Pro,0,15
EVT-006418,CUST-03711,2024-08-21,signup,,Free,0,0
EVT-006442,CUST-03729,2024-08-21,signup,,Pro,0,15
EVT-006454,CUST-03737,2024-08-21,signup,,Free,0,0
EVT-001865,CUST-00967,2024-08-22,upgrade,Pro,Business,15,49
EVT-002923,CUST-01541,2024-08-22,cancel,Free,Cancelled,0,0
EVT-003030,CUST-01599,2024-08-22,cancel,Pro,Cancelled,15,0
EVT-004992,CUST-02771,2024-08-22,upgrade,Pro,Business,15,49
EVT-005275,CUST-02945,2024-08-22,upgrade,Free,Pro,0,15
EVT-005512,CUST-03099,2024-08-22,upgrade,Free,Pro,0,15
EVT-006053,CUST-03462,2024-08-22,cancel,Free,Cancelled,0,0
EVT-006085,CUST-03483,2024-08-22,signup,,Enterprise,0,199
EVT-006106,CUST-03496,2024-08-22,signup,,Free,0,0
EVT-006201,CUST-03564,2024-08-22,signup,,Free,0,0
EVT-006222,CUST-03580,2024-08-22,signup,,Free,0,0
EVT-006234,CUST-03590,2024-08-22,signup,,Free,0,0
EVT-006308,CUST-03637,2024-08-22,signup,,Pro,0,15
EVT-006329,CUST-03652,2024-08-22,signup,,Free,0,0
EVT-006460,CUST-03740,2024-08-22,signup,,Free,0,0
EVT-006465,CUST-03743,2024-08-22,signup,,Free,0,0
EVT-006477,CUST-03752,2024-08-22,signup,,Free,0,0
EVT-001858,CUST-00963,2024-08-23,cancel,Free,Cancelled,0,0
EVT-004050,CUST-02192,2024-08-23,cancel,Free,Cancelled,0,0
EVT-004907,CUST-02718,2024-08-23,upgrade,Free,Pro,0,15
EVT-004995,CUST-02773,2024-08-23,upgrade,Pro,Business,15,49
EVT-005427,CUST-03045,2024-08-23,upgrade,Free,Pro,0,15
EVT-005495,CUST-03088,2024-08-23,cancel,Pro,Cancelled,15,0
EVT-005717,CUST-03235,2024-08-23,upgrade,Free,Pro,0,15
EVT-005897,CUST-03359,2024-08-23,cancel,Free,Cancelled,0,0
EVT-006014,CUST-03436,2024-08-23,cancel,Free,Cancelled,0,0
EVT-006098,CUST-03492,2024-08-23,signup,,Pro,0,15
EVT-006139,CUST-03518,2024-08-23,signup,,Business,0,49
EVT-006207,CUST-03568,2024-08-23,signup,,Pro,0,15
EVT-006293,CUST-03628,2024-08-23,signup,,Free,0,0
EVT-006310,CUST-03638,2024-08-23,signup,,Pro,0,15
EVT-006333,CUST-03654,2024-08-23,signup,,Free,0,0
EVT-006356,CUST-03670,2024-08-23,signup,,Pro,0,15
EVT-006373,CUST-03681,2024-08-23,signup,,Pro,0,15
EVT-006443,CUST-03730,2024-08-23,signup,,Pro,0,15
EVT-006450,CUST-03734,2024-08-23,signup,,Pro,0,15
EVT-006471,CUST-03747,2024-08-23,signup,,Pro,0,15
EVT-006483,CUST-03756,2024-08-23,signup,,Business,0,49
EVT-006486,CUST-03758,2024-08-23,signup,,Pro,0,15
EVT-006490,CUST-03761,2024-08-23,signup,,Pro,0,15
EVT-000661,CUST-00337,2024-08-24,upgrade,Free,Pro,0,15
EVT-002222,CUST-01160,2024-08-24,cancel,Free,Cancelled,0,0
EVT-003447,CUST-01842,2024-08-24,cancel,Pro,Cancelled,15,0
EVT-003583,CUST-01924,2024-08-24,cancel,Free,Cancelled,0,0
EVT-003760,CUST-02027,2024-08-24,cancel,Pro,Cancelled,15,0
EVT-004612,CUST-02541,2024-08-24,cancel,Business,Cancelled,49,0
EVT-005533,CUST-03113,2024-08-24,cancel,Business,Cancelled,49,0
EVT-005582,CUST-03145,2024-08-24,cancel,Pro,Cancelled,15,0
EVT-006070,CUST-03473,2024-08-24,signup,,Free,0,0
EVT-006119,CUST-03504,2024-08-24,signup,,Business,0,49
EVT-006131,CUST-03513,2024-08-24,signup,,Pro,0,15
EVT-006144,CUST-03522,2024-08-24,signup,,Business,0,49
EVT-006184,CUST-03550,2024-08-24,signup,,Pro,0,15
EVT-006260,CUST-03606,2024-08-24,signup,,Pro,0,15
EVT-006261,CUST-03607,2024-08-24,signup,,Pro,0,15
EVT-006339,CUST-03658,2024-08-24,signup,,Pro,0,15
EVT-006354,CUST-03668,2024-08-24,signup,,Free,0,0
EVT-006377,CUST-03683,2024-08-24,signup,,Free,0,0
EVT-006407,CUST-03704,2024-08-24,signup,,Pro,0,15
EVT-006437,CUST-03725,2024-08-24,signup,,Free,0,0
EVT-006474,CUST-03749,2024-08-24,signup,,Pro,0,15
EVT-006476,CUST-03751,2024-08-24,signup,,Pro,0,15
EVT-006484,CUST-03757,2024-08-24,signup,,Pro,0,15
EVT-001535,CUST-00789,2024-08-25,downgrade,Business,Pro,49,15
EVT-002771,CUST-01457,2024-08-25,cancel,Pro,Cancelled,15,0
EVT-002783,CUST-01463,2024-08-25,cancel,Pro,Cancelled,15,0
EVT-004072,CUST-02206,2024-08-25,cancel,Pro,Cancelled,15,0
EVT-004079,CUST-02210,2024-08-25,cancel,Free,Cancelled,0,0
EVT-004410,CUST-02411,2024-08-25,cancel,Free,Cancelled,0,0
EVT-005326,CUST-02980,2024-08-25,cancel,Pro,Cancelled,15,0
EVT-005790,CUST-03284,2024-08-25,cancel,Free,Cancelled,0,0
EVT-005885,CUST-03351,2024-08-25,upgrade,Free,Pro,0,15
EVT-006151,CUST-03528,2024-08-25,signup,,Pro,0,15
EVT-006190,CUST-03556,2024-08-25,signup,,Pro,0,15
EVT-006210,CUST-03570,2024-08-25,signup,,Pro,0,15
EVT-006212,CUST-03572,2024-08-25,signup,,Enterprise,0,199
EVT-006304,CUST-03634,2024-08-25,signup,,Pro,0,15
EVT-006318,CUST-03643,2024-08-25,signup,,Free,0,0
EVT-006349,CUST-03665,2024-08-25,signup,,Pro,0,15
EVT-006372,CUST-03680,2024-08-25,signup,,Pro,0,15
EVT-006375,CUST-03682,2024-08-25,signup,,Free,0,0
EVT-006427,CUST-03717,2024-08-25,signup,,Pro,0,15
EVT-006466,CUST-03744,2024-08-25,signup,,Pro,0,15
EVT-006469,CUST-03746,2024-08-25,signup,,Free,0,0
EVT-006481,CUST-03754,2024-08-25,signup,,Pro,0,15
EVT-005194,CUST-02894,2024-08-26,cancel,Free,Cancelled,0,0
EVT-005478,CUST-03076,2024-08-26,cancel,Free,Cancelled,0,0
EVT-006079,CUST-03480,2024-08-26,signup,,Free,0,0
EVT-006123,CUST-03507,2024-08-26,signup,,Pro,0,15
EVT-006199,CUST-03562,2024-08-26,signup,,Free,0,0
EVT-006224,CUST-03581,2024-08-26,signup,,Business,0,49
EVT-006228,CUST-03585,2024-08-26,signup,,Free,0,0
EVT-006302,CUST-03633,2024-08-26,signup,,Business,0,49
EVT-006335,CUST-03655,2024-08-26,signup,,Free,0,0
EVT-006338,CUST-03657,2024-08-26,signup,,Pro,0,15
EVT-006368,CUST-03678,2024-08-26,signup,,Free,0,0
EVT-006394,CUST-03696,2024-08-26,signup,,Free,0,0
EVT-006448,CUST-03733,2024-08-26,signup,,Free,0,0
EVT-002093,CUST-01089,2024-08-27,upgrade,Pro,Business,15,49
EVT-002912,CUST-01535,2024-08-27,cancel,Pro,Cancelled,15,0
EVT-003705,CUST-01998,2024-08-27,cancel,Free,Cancelled,0,0
EVT-005021,CUST-02788,2024-08-27,cancel,Free,Cancelled,0,0
EVT-006124,CUST-03508,2024-08-27,signup,,Pro,0,15
EVT-006134,CUST-03515,2024-08-27,signup,,Free,0,0
EVT-006211,CUST-03571,2024-08-27,signup,,Enterprise,0,199
EVT-006217,CUST-03576,2024-08-27,signup,,Business,0,49
EVT-006230,CUST-03586,2024-08-27,signup,,Pro,0,15
EVT-006240,CUST-03593,2024-08-27,signup,,Pro,0,15
EVT-006268,CUST-03613,2024-08-27,signup,,Pro,0,15
EVT-006312,CUST-03639,2024-08-27,signup,,Free,0,0
EVT-000536,CUST-00272,2024-09-01,upgrade,Free,Pro,0,15
EVT-001880,CUST-00976,2024-09-01,cancel,Pro,Cancelled,15,0
EVT-002302,CUST-01205,2024-09-01,downgrade,Pro,Free,15,0
EVT-003126,CUST-01657,2024-09-01,cancel,Pro,Cancelled,15,0
EVT-003495,CUST-01870,2024-09-01,cancel,Free,Cancelled,0,0
EVT-003793,CUST-02044,2024-09-01,cancel,Pro,Cancelled,15,0
EVT-005256,CUST-02932,2024-09-01,cancel,Pro,Cancelled,15,0
EVT-005369,CUST-03008,2024-09-01,cancel,Pro,Cancelled,15,0
EVT-006384,CUST-03687,2024-09-01,cancel,Free,Cancelled,0,0
EVT-006429,CUST-03718,2024-09-01,cancel,Free,Cancelled,0,0
EVT-006583,CUST-03823,2024-09-01,signup,,Free,0,0
EVT-006590,CUST-03829,2024-09-01,signup,,Free,0,0
EVT-006602,CUST-03838,2024-09-01,signup,,Free,0,0
EVT-006603,CUST-03839,2024-09-01,signup,,Enterprise,0,199
EVT-006621,CUST-03852,2024-09-01,signup,,Pro,0,15
EVT-006626,CUST-03857,2024-09-01,signup,,Pro,0,15
EVT-006630,CUST-03861,2024-09-01,signup,,Business,0,49
EVT-006635,CUST-03865,2024-09-01,signup,,Pro,0,15
EVT-006654,CUST-03880,2024-09-01,signup,,Free,0,0
EVT-006701,CUST-03918,2024-09-01,signup,,Pro,0,15
EVT-006731,CUST-03940,2024-09-01,signup,,Free,0,0
EVT-006788,CUST-03981,2024-09-01,signup,,Pro,0,15
EVT-006794,CUST-03987,2024-09-01,signup,,Enterprise,0,199
EVT-006796,CUST-03989,2024-09-01,signup,,Business,0,49
EVT-006804,CUST-03996,2024-09-01,signup,,Pro,0,15
EVT-006848,CUST-04029,2024-09-01,signup,,Enterprise,0,199
EVT-006862,CUST-04039,2024-09-01,signup,,Pro,0,15
EVT-006951,CUST-04101,2024-09-01,signup,,Free,0,0
EVT-000538,CUST-00273,2024-09-02,cancel,Free,Cancelled,0,0
EVT-002111,CUST-01100,2024-09-02,cancel,Business,Cancelled,49,0
EVT-002938,CUST-01549,2024-09-02,cancel,Pro,Cancelled,15,0
EVT-003028,CUST-01598,2024-09-02,cancel,Free,Cancelled,0,0
EVT-003066,CUST-01620,2024-09-02,cancel,Enterprise,Cancelled,199,0
EVT-003960,CUST-02142,2024-09-02,cancel,Free,Cancelled,0,0
EVT-004945,CUST-02743,2024-09-02,cancel,Free,Cancelled,0,0
EVT-005272,CUST-02943,2024-09-02,cancel,Pro,Cancelled,15,0
EVT-005650,CUST-03189,2024-09-02,cancel,Free,Cancelled,0,0
EVT-005746,CUST-03253,2024-09-02,cancel,Pro,Cancelled,15,0
EVT-005768,CUST-03270,2024-09-02,cancel,Pro,Cancelled,15,0
EVT-006395,CUST-03696,2024-09-02,cancel,Free,Cancelled,0,0
EVT-006406,CUST-03703,2024-09-02,cancel,Business,Cancelled,49,0
EVT-006518,CUST-03779,2024-09-02,signup,,Pro,0,15
EVT-006571,CUST-03817,2024-09-02,signup,,Free,0,0
EVT-006650,CUST-03877,2024-09-02,signup,,Free,0,0
EVT-006665,CUST-03890,2024-09-02,signup,,Pro,0,15
EVT-006670,CUST-03894,2024-09-02,signup,,Business,0,49
EVT-006710,CUST-03924,2024-09-02,signup,,Free,0,0
EVT-006750,CUST-03954,2024-09-02,signup,,Pro,0,15
EVT-006826,CUST-04013,2024-09-02,signup,,Free,0,0
EVT-006835,CUST-04019,2024-09-02,signup,,Pro,0,15
EVT-006880,CUST-04051,2024-09-02,signup,,Business,0,49
EVT-006884,CUST-04054,2024-09-02,signup,,Free,0,0
EVT-006909,CUST-04073,2024-09-02,signup,,Free,0,0
EVT-006928,CUST-04084,2024-09-02,signup,,Free,0,0
EVT-000611,CUST-00312,2024-09-03,cancel,Pro,Cancelled,15,0
EVT-001521,CUST-00782,2024-09-03,cancel,Pro,Cancelled,15,0
EVT-002614,CUST-01371,2024-09-03,cancel,Business,Cancelled,49,0
EVT-003519,CUST-01883,2024-09-03,cancel,Free,Cancelled,0,0
EVT-003659,CUST-01970,2024-09-03,cancel,Pro,Cancelled,15,0
EVT-004040,CUST-02186,2024-09-03,upgrade,Pro,Business,15,49
EVT-005334,CUST-02985,2024-09-03,upgrade,Free,Pro,0,15
EVT-005857,CUST-03333,2024-09-03,cancel,Free,Cancelled,0,0
EVT-006470,CUST-03746,2024-09-03,cancel,Free,Cancelled,0,0
EVT-006524,CUST-03784,2024-09-03,signup,,Pro,0,15
EVT-006527,CUST-03786,2024-09-03,signup,,Pro,0,15
EVT-006538,CUST-03794,2024-09-03,signup,,Pro,0,15
EVT-006544,CUST-03798,2024-09-03,signup,,Free,0,0
EVT-006550,CUST-03802,2024-09-03,signup,,Business,0,49
EVT-006551,CUST-03803,2024-09-03,signup,,Pro,0,15
EVT-006573,CUST-03818,2024-09-03,signup,,Pro,0,15
EVT-006574,CUST-03819,2024-09-03,signup,,Free,0,0
EVT-006577,CUST-03820,2024-09-03,signup,,Pro,0,15
EVT-006673,CUST-03896,2024-09-03,signup,,Free,0,0
EVT-006679,CUST-03901,2024-09-03,signup,,Business,0,49
EVT-006696,CUST-03913,2024-09-03,signup,,Business,0,49
EVT-006705,CUST-03921,2024-09-03,signup,,Free,0,0
EVT-006720,CUST-03932,2024-09-03,signup,,Free,0,0
EVT-006757,CUST-03959,2024-09-03,signup,,Pro,0,15
EVT-006772,CUST-03971,2024-09-03,signup,,Free,0,0
EVT-006791,CUST-03984,2024-09-03,signup,,Free,0,0
EVT-006828,CUST-04015,2024-09-03,signup,,Business,0,49
EVT-006906,CUST-04071,2024-09-03,signup,,Pro,0,15
EVT-001896,CUST-00984,2024-09-04,upgrade,Pro,Business,15,49
EVT-002322,CUST-01216,2024-09-04,upgrade,Free,Pro,0,15
EVT-002518,CUST-01323,2024-09-04,cancel,Pro,Cancelled,15,0
EVT-005247,CUST-02927,2024-09-04,cancel,Pro,Cancelled,15,0
EVT-005461,CUST-03065,2024-09-04,cancel,Free,Cancelled,0,0
EVT-005622,CUST-03170,2024-09-04,cancel,Pro,Cancelled,15,0
EVT-006229,CUST-03585,2024-09-04,upgrade,Free,Pro,0,15
EVT-006379,CUST-03684,2024-09-04,cancel,Free,Cancelled,0,0
EVT-006457,CUST-03738,2024-09-04,cancel,Pro,Cancelled,15,0
EVT-006545,CUST-03799,2024-09-04,signup,,Pro,0,15
EVT-006868,CUST-04043,2024-09-04,signup,,Free,0,0
EVT-006900,CUST-04066,2024-09-04,signup,,Free,0,0
EVT-006905,CUST-04070,2024-09-04,signup,,Pro,0,15
EVT-001453,CUST-00745,2024-09-05,upgrade,Pro,Business,15,49
EVT-002097,CUST-01091,2024-09-05,downgrade,Pro,Free,15,0
EVT-002438,CUST-01278,2024-09-05,cancel,Pro,Cancelled,15,0
EVT-002895,CUST-01525,2024-09-05,cancel,Pro,Cancelled,15,0
EVT-004134,CUST-02245,2024-09-05,upgrade,Free,Pro,0,15
EVT-005063,CUST-02814,2024-09-05,cancel,Free,Cancelled,0,0
EVT-006107,CUST-03496,2024-09-05,cancel,Free,Cancelled,0,0
EVT-006408,CUST-03704,2024-09-05,cancel,Pro,Cancelled,15,0
EVT-006520,CUST-03781,2024-09-05,signup,,Free,0,0
EVT-006534,CUST-03791,2024-09-05,signup,,Free,0,0
EVT-006542,CUST-03796,2024-09-05,signup,,Business,0,49
EVT-006589,CUST-03828,2024-09-05,signup,,Free,0,0
EVT-006607,CUST-03841,2024-09-05,signup,,Pro,0,15
EVT-006614,CUST-03846,2024-09-05,signup,,Business,0,49
EVT-006624,CUST-03855,2024-09-05,signup,,Business,0,49
EVT-006645,CUST-03873,2024-09-05,signup,,Pro,0,15
EVT-006714,CUST-03927,2024-09-05,signup,,Free,0,0
EVT-006747,CUST-03953,2024-09-05,signup,,Free,0,0
EVT-006787,CUST-03980,2024-09-05,signup,,Pro,0,15
EVT-006815,CUST-04004,2024-09-05,signup,,Business,0,49
EVT-006837,CUST-04021,2024-09-05,signup,,Pro,0,15
EVT-006874,CUST-04047,2024-09-05,signup,,Free,0,0
EVT-006878,CUST-04050,2024-09-05,signup,,Free,0,0
EVT-001116,CUST-00570,2024-09-06,downgrade,Business,Pro,49,15
EVT-004172,CUST-02269,2024-09-06,cancel,Free,Cancelled,0,0
EVT-005798,CUST-03290,2024-09-06,cancel,Free,Cancelled,0,0
EVT-005852,CUST-03329,2024-09-06,cancel,Free,Cancelled,0,0
EVT-006078,CUST-03479,2024-09-06,cancel,Pro,Cancelled,15,0
EVT-006317,CUST-03642,2024-09-06,cancel,Free,Cancelled,0,0
EVT-006376,CUST-03682,2024-09-06,cancel,Free,Cancelled,0,0
EVT-006452,CUST-03735,2024-09-06,cancel,Pro,Cancelled,15,0
EVT-006473,CUST-03748,2024-09-06,cancel,Pro,Cancelled,15,0
EVT-006497,CUST-03765,2024-09-06,signup,,Free,0,0
EVT-006514,CUST-03776,2024-09-06,signup,,Pro,0,15
EVT-006525,CUST-03785,2024-09-06,signup,,Free,0,0
EVT-006585,CUST-03825,2024-09-06,signup,,Pro,0,15
EVT-006664,CUST-03889,2024-09-06,signup,,Pro,0,15
EVT-006687,CUST-03907,2024-09-06,signup,,Free,0,0
EVT-006762,CUST-03963,2024-09-06,signup,,Free,0,0
EVT-006774,CUST-03972,2024-09-06,signup,,Business,0,49
EVT-006809,CUST-03999,2024-09-06,signup,,Business,0,49
EVT-006818,CUST-04007,2024-09-06,signup,,Free,0,0
EVT-006840,CUST-04024,2024-09-06,signup,,Pro,0,15
EVT-006890,CUST-04058,2024-09-06,signup,,Free,0,0
EVT-006918,CUST-04078,2024-09-06,signup,,Free,0,0
EVT-003262,CUST-01732,2024-09-07,cancel,Free,Cancelled,0,0
EVT-005565,CUST-03133,2024-09-07,cancel,Free,Cancelled,0,0
EVT-006303,CUST-03633,2024-09-07,upgrade,Business,Enterprise,49,199
EVT-006600,CUST-03837,2024-09-07,signup,,Business,0,49
EVT-006623,CUST-03854,2024-09-07,signup,,Business,0,49
EVT-006740,CUST-03947,2024-09-07,signup,,Pro,0,15
EVT-006770,CUST-03970,2024-09-07,signup,,Free,0,0
EVT-006795,CUST-03988,2024-09-07,signup,,Pro,0,15
EVT-006801,CUST-03993,2024-09-07,signup,,Pro,0,15
EVT-006819,CUST-04008,2024-09-07,signup,,Free,0,0
EVT-006823,CUST-04010,2024-09-07,signup,,Pro,0,15
EVT-006827,CUST-04014,2024-09-07,signup,,Pro,0,15
EVT-006856,CUST-04034,2024-09-07,signup,,Business,0,49
EVT-006902,CUST-04068,2024-09-07,signup,,Free,0,0
EVT-003587,CUST-01926,2024-09-08,cancel,Pro,Cancelled,15,0
EVT-004168,CUST-02266,2024-09-08,upgrade,Pro,Business,15,49
EVT-005351,CUST-02996,2024-09-08,upgrade,Free,Pro,0,15
EVT-005687,CUST-03213,2024-09-08,cancel,Pro,Cancelled,15,0
EVT-006311,CUST-03638,2024-09-08,cancel,Pro,Cancelled,15,0
EVT-006549,CUST-03801,2024-09-08,signup,,Pro,0,15
EVT-006622,CUST-03853,2024-09-08,signup,,Pro,0,15
EVT-006736,CUST-03944,2024-09-08,signup,,Pro,0,15
EVT-006807,CUST-03998,2024-09-08,signup,,Pro,0,15
EVT-006886,CUST-04055,2024-09-08,signup,,Free,0,0
EVT-006923,CUST-04081,2024-09-08,signup,,Free,0,0
EVT-000818,CUST-00416,2024-09-09,cancel,Pro,Cancelled,15,0
EVT-002268,CUST-01183,2024-09-09,cancel,Pro,Cancelled,15,0
EVT-004825,CUST-02667,2024-09-09,cancel,Business,Cancelled,49,0
EVT-004844,CUST-02678,2024-09-09,upgrade,Free,Pro,0,15
EVT-005355,CUST-02999,2024-09-09,cancel,Pro,Cancelled,15,0
EVT-005980,CUST-03413,2024-09-09,upgrade,Pro,Business,15,49
EVT-006113,CUST-03500,2024-09-09,cancel,Free,Cancelled,0,0
EVT-006278,CUST-03620,2024-09-09,upgrade,Pro,Business,15,49
EVT-006369,CUST-03678,2024-09-09,cancel,Free,Cancelled,0,0
EVT-006494,CUST-03764,2024-09-09,signup,,Free,0,0
EVT-006592,CUST-03831,2024-09-09,signup,,Free,0,0
EVT-006593,CUST-03832,2024-09-09,signup,,Pro,0,15
EVT-006632,CUST-03863,2024-09-09,signup,,Pro,0,15
EVT-006652,CUST-03878,2024-09-09,signup,,Pro,0,15
EVT-006662,CUST-03887,2024-09-09,signup,,Free,0,0
EVT-006712,CUST-03925,2024-09-09,signup,,Pro,0,15
EVT-006725,CUST-03936,2024-09-09,signup,,Free,0,0
EVT-006741,CUST-03948,2024-09-09,signup,,Free,0,0
EVT-006769,CUST-03969,2024-09-09,signup,,Pro,0,15
EVT-006800,CUST-03992,2024-09-09,signup,,Pro,0,15
EVT-006846,CUST-04027,2024-09-09,signup,,Free,0,0
EVT-006881,CUST-04052,2024-09-09,signup,,Business,0,49
EVT-006908,CUST-04072,2024-09-09,signup,,Pro,0,15
EVT-006929,CUST-04085,2024-09-09,signup,,Free,0,0
EVT-006941,CUST-04093,2024-09-09,signup,,Pro,0,15
EVT-006950,CUST-04100,2024-09-09,signup,,Pro,0,15
EVT-000164,CUST-00085,2024-09-10,upgrade,Pro,Business,15,49
EVT-001780,CUST-00920,2024-09-10,cancel,Business,Cancelled,49,0
EVT-003856,CUST-02084,2024-09-10,cancel,Pro,Cancelled,15,0
EVT-004895,CUST-02710,2024-09-10,cancel,Free,Cancelled,0,0
EVT-005627,CUST-03173,2024-09-10,cancel,Pro,Cancelled,15,0
EVT-005635,CUST-03178,2024-09-10,cancel,Pro,Cancelled,15,0
EVT-005963,CUST-03403,2024-09-10,cancel,Free,Cancelled,0,0
EVT-005974,CUST-03410,2024-09-10,upgrade,Free,Pro,0,15
EVT-006007,CUST-03430,2024-09-10,cancel,Pro,Cancelled,15,0
EVT-006163,CUST-03537,2024-09-10,cancel,Free,Cancelled,0,0
EVT-006506,CUST-03770,2024-09-10,signup,,Free,0,0
EVT-006510,CUST-03773,2024-09-10,signup,,Free,0,0
EVT-006515,CUST-03777,2024-09-10,signup,,Pro,0,15
EVT-006558,CUST-03807,2024-09-10,signup,,Free,0,0
EVT-006568,CUST-03814,2024-09-10,signup,,Pro,0,15
EVT-006641,CUST-03870,2024-09-10,signup,,Pro,0,15
EVT-006689,CUST-03908,2024-09-10,signup,,Business,0,49
EVT-006707,CUST-03922,2024-09-10,signup,,Free,0,0
EVT-006739,CUST-03946,2024-09-10,signup,,Pro,0,15
EVT-006754,CUST-03957,2024-09-10,signup,,Pro,0,15
EVT-006786,CUST-03979,2024-09-10,signup,,Free,0,0
EVT-006813,CUST-04002,2024-09-10,signup,,Free,0,0
EVT-006816,CUST-04005,2024-09-10,signup,,Business,0,49
EVT-006917,CUST-04077,2024-09-10,signup,,Free,0,0
EVT-002070,CUST-01077,2024-09-11,cancel,Business,Cancelled,49,0
EVT-002318,CUST-01214,2024-09-11,cancel,Free,Cancelled,0,0
EVT-002794,CUST-01468,2024-09-11,cancel,Pro,Cancelled,15,0
EVT-004264,CUST-02322,2024-09-11,cancel,Pro,Cancelled,15,0
EVT-005012,CUST-02783,2024-09-11,cancel,Free,Cancelled,0,0
EVT-005410,CUST-03034,2024-09-11,cancel,Business,Cancelled,49,0
EVT-006055,CUST-03463,2024-09-11,cancel,Pro,Cancelled,15,0
EVT-006063,CUST-03468,2024-09-11,cancel,Free,Cancelled,0,0
EVT-006082,CUST-03481,2024-09-11,cancel,Free,Cancelled,0,0
EVT-006117,CUST-03502,2024-09-11,cancel,Free,Cancelled,0,0
EVT-006285,CUST-03624,2024-09-11,upgrade,Pro,Business,15,49
EVT-006352,CUST-03666,2024-09-11,upgrade,Free,Pro,0,15
EVT-006697,CUST-03914,2024-09-11,signup,,Pro,0,15
EVT-006723,CUST-03934,2024-09-11,signup,,Pro,0,15
EVT-006727,CUST-03938,2024-09-11,signup,,Pro,0,15
EVT-006797,CUST-03990,2024-09-11,signup,,Business,0,49
EVT-006932,CUST-04087,2024-09-11,signup,,Free,0,0
EVT-000814,CUST-00415,2024-09-12,upgrade,Business,Enterprise,49,199
EVT-003138,CUST-01662,2024-09-12,cancel,Business,Cancelled,49,0
EVT-003237,CUST-01718,2024-09-12,cancel,Free,Cancelled,0,0
EVT-005577,CUST-03142,2024-09-12,cancel,Free,Cancelled,0,0
EVT-005721,CUST-03236,2024-09-12,cancel,Business,Cancelled,49,0
EVT-005761,CUST-03265,2024-09-12,cancel,Business,Cancelled,49,0
EVT-006045,CUST-03458,2024-09-12,cancel,Free,Cancelled,0,0
EVT-006121,CUST-03505,2024-09-12,cancel,Free,Cancelled,0,0
EVT-006235,CUST-03590,2024-09-12,cancel,Free,Cancelled,0,0
EVT-006292,CUST-03627,2024-09-12,cancel,Pro,Cancelled,15,0
EVT-006336,CUST-03655,2024-09-12,upgrade,Free,Pro,0,15
EVT-006531,CUST-03789,2024-09-12,signup,,Free,0,0
EVT-006536,CUST-03792,2024-09-12,signup,,Pro,0,15
EVT-006547,CUST-03800,2024-09-12,signup,,Enterprise,0,199
EVT-006631,CUST-03862,2024-09-12,signup,,Business,0,49
EVT-006639,CUST-03868,2024-09-12,signup,,Pro,0,15
EVT-006667,CUST-03892,2024-09-12,signup,,Pro,0,15
EVT-006675,CUST-03897,2024-09-12,signup,,Pro,0,15
EVT-006678,CUST-03900,2024-09-12,signup,,Pro,0,15
EVT-006690,CUST-03909,2024-09-12,signup,,Free,0,0
EVT-006694,CUST-03912,2024-09-12,signup,,Free,0,0
EVT-006782,CUST-03976,2024-09-12,signup,,Business,0,49
EVT-006855,CUST-04033,2024-09-12,signup,,Enterprise,0,199
EVT-006887,CUST-04056,2024-09-12,signup,,Free,0,0
EVT-006891,CUST-04059,2024-09-12,signup,,Pro,0,15
EVT-006898,CUST-04064,2024-09-12,signup,,Enterprise,0,199
EVT-006922,CUST-04080,2024-09-12,signup,,Free,0,0
EVT-006936,CUST-04090,2024-09-12,signup,,Free,0,0
EVT-001803,CUST-00931,2024-09-13,cancel,Pro,Cancelled,15,0
EVT-003533,CUST-01891,2024-09-13,cancel,Pro,Cancelled,15,0
EVT-004418,CUST-02415,2024-09-13,upgrade,Free,Pro,0,15
EVT-004927,CUST-02729,2024-09-13,cancel,Business,Cancelled,49,0
EVT-005888,CUST-03353,2024-09-13,cancel,Free,Cancelled,0,0
EVT-006069,CUST-03472,2024-09-13,cancel,Business,Cancelled,49,0
EVT-006298,CUST-03630,2024-09-13,downgrade,Business,Pro,49,15
EVT-006404,CUST-03702,2024-09-13,cancel,Pro,Cancelled,15,0
EVT-006445,CUST-03731,2024-09-13,cancel,Free,Cancelled,0,0
EVT-006649,CUST-03876,2024-09-13,signup,,Pro,0,15
EVT-006743,CUST-03949,2024-09-13,signup,,Pro,0,15
EVT-006744,CUST-03950,2024-09-13,signup,,Free,0,0
EVT-006779,CUST-03975,2024-09-13,signup,,Pro,0,15
EVT-006789,CUST-03982,2024-09-13,signup,,Free,0,0
EVT-006811,CUST-04001,2024-09-13,signup,,Pro,0,15
EVT-006866,CUST-04042,2024-09-13,signup,,Free,0,0
EVT-006920,CUST-04079,2024-09-13,signup,,Free,0,0
EVT-006931,CUST-04086,2024-09-13,signup,,Enterprise,0,199
EVT-006949,CUST-04099,2024-09-13,signup,,Pro,0,15
EVT-002316,CUST-01213,2024-09-14,upgrade,Free,Pro,0,15
EVT-002524,CUST-01326,2024-09-14,cancel,Pro,Cancelled,15,0
EVT-002543,CUST-01335,2024-09-14,cancel,Free,Cancelled,0,0
EVT-005822,CUST-03309,2024-09-14,cancel,Pro,Cancelled,15,0
EVT-005985,CUST-03416,2024-09-14,cancel,Pro,Cancelled,15,0
EVT-006115,CUST-03501,2024-09-14,cancel,Pro,Cancelled,15,0
EVT-006315,CUST-03641,2024-09-14,cancel,Free,Cancelled,0,0
EVT-006499,CUST-03766,2024-09-14,signup,,Pro,0,15
EVT-006554,CUST-03805,2024-09-14,signup,,Business,0,49
EVT-006570,CUST-03816,2024-09-14,signup,,Free,0,0
EVT-006604,CUST-03840,2024-09-14,signup,,Pro,0,15
EVT-006633,CUST-03864,2024-09-14,signup,,Free,0,0
EVT-006642,CUST-03871,2024-09-14,signup,,Business,0,49
EVT-006646,CUST-03874,2024-09-14,signup,,Pro,0,15
EVT-006653,CUST-03879,2024-09-14,signup,,Business,0,49
EVT-006661,CUST-03886,2024-09-14,signup,,Pro,0,15
EVT-006724,CUST-03935,2024-09-14,signup,,Free,0,0
EVT-006752,CUST-03956,2024-09-14,signup,,Free,0,0
EVT-006785,CUST-03978,2024-09-14,signup,,Pro,0,15
EVT-006790,CUST-03983,2024-09-14,signup,,Free,0,0
EVT-006821,CUST-04009,2024-09-14,signup,,Free,0,0
EVT-006853,CUST-04032,2024-09-14,signup,,Free,0,0
EVT-006860,CUST-04037,2024-09-14,signup,,Free,0,0
EVT-006913,CUST-04075,2024-09-14,signup,,Free,0,0
EVT-000654,CUST-00334,2024-09-15,cancel,Pro,Cancelled,15,0
EVT-004657,CUST-02569,2024-09-15,downgrade,Pro,Free,15,0
EVT-004876,CUST-02699,2024-09-15,upgrade,Pro,Business,15,49
EVT-004985,CUST-02766,2024-09-15,cancel,Pro,Cancelled,15,0
EVT-005403,CUST-03029,2024-09-15,upgrade,Free,Pro,0,15
EVT-005421,CUST-03041,2024-09-15,cancel,Free,Cancelled,0,0
EVT-005550,CUST-03124,2024-09-15,cancel,Free,Cancelled,0,0
EVT-006523,CUST-03783,2024-09-15,signup,,Enterprise,0,199
EVT-006581,CUST-03822,2024-09-15,signup,,Free,0,0
EVT-006587,CUST-03827,2024-09-15,signup,,Free,0,0
EVT-006595,CUST-03833,2024-09-15,signup,,Pro,0,15
EVT-006597,CUST-03835,2024-09-15,signup,,Enterprise,0,199
EVT-006617,CUST-03849,2024-09-15,signup,,Free,0,0
EVT-006803,CUST-03995,2024-09-15,signup,,Business,0,49
EVT-006861,CUST-04038,2024-09-15,signup,,Free,0,0
EVT-006863,CUST-04040,2024-09-15,signup,,Free,0,0
EVT-006892,CUST-04060,2024-09-15,signup,,Pro,0,15
EVT-006945,CUST-04096,2024-09-15,signup,,Pro,0,15
EVT-000749,CUST-00381,2024-09-16,cancel,Free,Cancelled,0,0
EVT-001886,CUST-00979,2024-09-16,upgrade,Pro,Business,15,49
EVT-002967,CUST-01565,2024-09-16,upgrade,Free,Pro,0,15
EVT-004416,CUST-02414,2024-09-16,upgrade,Pro,Business,15,49
EVT-004716,CUST-02603,2024-09-16,cancel,Business,Cancelled,49,0
EVT-004923,CUST-02727,2024-09-16,upgrade,Pro,Business,15,49
EVT-006359,CUST-03672,2024-09-16,cancel,Free,Cancelled,0,0
EVT-006382,CUST-03686,2024-09-16,cancel,Free,Cancelled,0,0
EVT-006440,CUST-03727,2024-09-16,upgrade,Free,Pro,0,15
EVT-006543,CUST-03797,2024-09-16,signup,,Free,0,0
EVT-006552,CUST-03804,2024-09-16,signup,,Pro,0,15
EVT-006586,CUST-03826,2024-09-16,signup,,Pro,0,15
EVT-006613,CUST-03845,2024-09-16,signup,,Pro,0,15
EVT-006658,CUST-03884,2024-09-16,signup,,Free,0,0
EVT-006660,CUST-03885,2024-09-16,signup,,Free,0,0
EVT-006726,CUST-03937,2024-09-16,signup,,Free,0,0
EVT-006733,CUST-03942,2024-09-16,signup,,Pro,0,15
EVT-006737,CUST-03945,2024-09-16,signup,,Free,0,0
EVT-006839,CUST-04023,2024-09-16,signup,,Pro,0,15
EVT-006842,CUST-04025,2024-09-16,signup,,Free,0,0
EVT-006844,CUST-04026,2024-09-16,signup,,Free,0,0
EVT-006852,CUST-04031,2024-09-16,signup,,Free,0,0
EVT-006938,CUST-04091,2024-09-16,signup,,Pro,0,15
EVT-001430,CUST-00733,2024-09-17,downgrade,Pro,Free,15,0
EVT-001500,CUST-00770,2024-09-17,cancel,Free,Cancelled,0,0
EVT-004089,CUST-02217,2024-09-17,cancel,Pro,Cancelled,15,0
EVT-004469,CUST-02445,2024-09-17,cancel,Free,Cancelled,0,0
EVT-004557,CUST-02504,2024-09-17,cancel,Free,Cancelled,0,0
EVT-004559,CUST-02505,2024-09-17,cancel,Pro,Cancelled,15,0
EVT-005061,CUST-02813,2024-09-17,cancel,Pro,Cancelled,15,0
EVT-006047,CUST-03459,2024-09-17,cancel,Pro,Cancelled,15,0
EVT-006254,CUST-03603,2024-09-17,cancel,Business,Cancelled,49,0
EVT-006508,CUST-03771,2024-09-17,signup,,Pro,0,15
EVT-006529,CUST-03787,2024-09-17,signup,,Pro,0,15
EVT-006540,CUST-03795,2024-09-17,signup,,Free,0,0
EVT-006565,CUST-03812,2024-09-17,signup,,Free,0,0
EVT-006610,CUST-03843,2024-09-17,signup,,Free,0,0
EVT-006629,CUST-03860,2024-09-17,signup,,Pro,0,15
EVT-006671,CUST-03895,2024-09-17,signup,,Free,0,0
EVT-006677,CUST-03899,2024-09-17,signup,,Free,0,0
EVT-006684,CUST-03905,2024-09-17,signup,,Pro,0,15
EVT-006825,CUST-04012,2024-09-17,signup,,Free,0,0
EVT-006836,CUST-04020,2024-09-17,signup,,Free,0,0
EVT-001675,CUST-00864,2024-09-18,cancel,Business,Cancelled,49,0
EVT-002055,CUST-01070,2024-09-18,cancel,Business,Cancelled,49,0
EVT-003941,CUST-02132,2024-09-18,cancel,Pro,Cancelled,15,0
EVT-004700,CUST-02594,2024-09-18,cancel,Pro,Cancelled,15,0
EVT-005279,CUST-02948,2024-09-18,cancel,Free,Cancelled,0,0
EVT-006269,CUST-03613,2024-09-18,upgrade,Pro,Business,15,49
EVT-006290,CUST-03626,2024-09-18,upgrade,Free,Pro,0,15
EVT-006306,CUST-03635,2024-09-18,cancel,Free,Cancelled,0,0
EVT-006464,CUST-03742,2024-09-18,cancel,Business,Cancelled,49,0
EVT-006512,CUST-03775,2024-09-18,signup,,Free,0,0
EVT-006521,CUST-03782,2024-09-18,signup,,Free,0,0
EVT-006561,CUST-03809,2024-09-18,signup,,Free,0,0
EVT-006637,CUST-03867,2024-09-18,signup,,Free,0,0
EVT-006717,CUST-03929,2024-09-18,signup,,Pro,0,15
EVT-006756,CUST-03958,2024-09-18,signup,,Pro,0,15
EVT-006776,CUST-03973,2024-09-18,signup,,Free,0,0
EVT-006849,CUST-04030,2024-09-18,signup,,Pro,0,15
EVT-006877,CUST-04049,2024-09-18,signup,,Business,0,49
EVT-006899,CUST-04065,2024-09-18,signup,,Free,0,0
EVT-006901,CUST-04067,2024-09-18,signup,,Free,0,0
EVT-001683,CUST-00869,2024-09-19,cancel,Pro,Cancelled,15,0
EVT-003487,CUST-01865,2024-09-19,cancel,Free,Cancelled,0,0
EVT-004341,CUST-02369,2024-09-19,cancel,Free,Cancelled,0,0
EVT-005067,CUST-02816,2024-09-19,downgrade,Pro,Free,15,0
EVT-005343,CUST-02990,2024-09-19,upgrade,Free,Pro,0,15
EVT-005347,CUST-02993,2024-09-19,upgrade,Free,Pro,0,15
EVT-005414,CUST-03036,2024-09-19,cancel,Pro,Cancelled,15,0
EVT-005870,CUST-03342,2024-09-19,cancel,Pro,Cancelled,15,0
EVT-006509,CUST-03772,2024-09-19,signup,,Free,0,0
EVT-006517,CUST-03778,2024-09-19,signup,,Free,0,0
EVT-006560,CUST-03808,2024-09-19,signup,,Pro,0,15
EVT-006584,CUST-03824,2024-09-19,signup,,Free,0,0
EVT-006612,CUST-03844,2024-09-19,signup,,Free,0,0
EVT-006640,CUST-03869,2024-09-19,signup,,Pro,0,15
EVT-006656,CUST-03882,2024-09-19,signup,,Business,0,49
EVT-006729,CUST-03939,2024-09-19,signup,,Pro,0,15
EVT-006792,CUST-03985,2024-09-19,signup,,Free,0,0
EVT-006831,CUST-04017,2024-09-19,signup,,Pro,0,15
EVT-006882,CUST-04053,2024-09-19,signup,,Free,0,0
EVT-006946,CUST-04097,2024-09-19,signup,,Pro,0,15
EVT-001972,CUST-01026,2024-09-20,upgrade,Free,Pro,0,15
EVT-003058,CUST-01616,2024-09-20,cancel,Free,Cancelled,0,0
EVT-004465,CUST-02443,2024-09-20,upgrade,Pro,Business,15,49
EVT-005014,CUST-02784,2024-09-20,cancel,Free,Cancelled,0,0
EVT-005043,CUST-02801,2024-09-20,cancel,Free,Cancelled,0,0
EVT-005281,CUST-02949,2024-09-20,cancel,Free,Cancelled,0,0
EVT-005676,CUST-03206,2024-09-20,upgrade,Free,Pro,0,15
EVT-005771,CUST-03272,2024-09-20,cancel,Free,Cancelled,0,0
EVT-006361,CUST-03673,2024-09-20,upgrade,Free,Pro,0,15
EVT-006366,CUST-03676,2024-09-20,upgrade,Free,Pro,0,15
EVT-006500,CUST-03767,2024-09-20,signup,,Free,0,0
EVT-006530,CUST-03788,2024-09-20,signup,,Pro,0,15
EVT-006533,CUST-03790,2024-09-20,signup,,Free,0,0
EVT-006596,CUST-03834,2024-09-20,signup,,Enterprise,0,199
EVT-006619,CUST-03851,2024-09-20,signup,,Free,0,0
EVT-006655,CUST-03881,2024-09-20,signup,,Pro,0,15
EVT-006663,CUST-03888,2024-09-20,signup,,Pro,0,15
EVT-006681,CUST-03903,2024-09-20,signup,,Pro,0,15
EVT-006746,CUST-03952,2024-09-20,signup,,Free,0,0
EVT-006759,CUST-03961,2024-09-20,signup,,Free,0,0
EVT-006760,CUST-03962,2024-09-20,signup,,Pro,0,15
EVT-006764,CUST-03964,2024-09-20,signup,,Free,0,0
EVT-006765,CUST-03965,2024-09-20,signup,,Business,0,49
EVT-006783,CUST-03977,2024-09-20,signup,,Business,0,49
EVT-006814,CUST-04003,2024-09-20,signup,,Free,0,0
EVT-006817,CUST-04006,2024-09-20,signup,,Free,0,0
EVT-006847,CUST-04028,2024-09-20,signup,,Pro,0,15
EVT-006915,CUST-04076,2024-09-20,signup,,Free,0,0
EVT-006955,CUST-04103,2024-09-20,signup,,Business,0,49
EVT-000382,CUST-00191,2024-09-21,cancel,Pro,Cancelled,15,0
EVT-000406,CUST-00204,2024-09-21,cancel,Pro,Cancelled,15,0
EVT-002779,CUST-01460,2024-09-21,cancel,Pro,Cancelled,15,0
EVT-003365,CUST-01793,2024-09-21,upgrade,Free,Pro,0,15
EVT-006175,CUST-03544,2024-09-21,cancel,Pro,Cancelled,15,0
EVT-006400,CUST-03699,2024-09-21,cancel,Free,Cancelled,0,0
EVT-006599,CUST-03836,2024-09-21,signup,,Free,0,0
EVT-006643,CUST-03872,2024-09-21,signup,,Enterprise,0,199
EVT-006676,CUST-03898,2024-09-21,signup,,Free,0,0
EVT-006691,CUST-03910,2024-09-21,signup,,Business,0,49
EVT-006732,CUST-03941,2024-09-21,signup,,Free,0,0
EVT-006793,CUST-03986,2024-09-21,signup,,Pro,0,15
EVT-006942,CUST-04094,2024-09-21,signup,,Free,0,0
EVT-006944,CUST-04095,2024-09-21,signup,,Pro,0,15
EVT-000637,CUST-00325,2024-09-22,upgrade,Business,Enterprise,49,199
EVT-000657,CUST-00335,2024-09-22,upgrade,Pro,Business,15,49
EVT-000707,CUST-00360,2024-09-22,cancel,Enterprise,Cancelled,199,0
EVT-000852,CUST-00434,2024-09-22,cancel,Pro,Cancelled,15,0
EVT-002641,CUST-01386,2024-09-22,cancel,Free,Cancelled,0,0
EVT-004610,CUST-02540,2024-09-22,cancel,Free,Cancelled,0,0
EVT-004685,CUST-02585,2024-09-22,upgrade,Free,Pro,0,15
EVT-005454,CUST-03061,2024-09-22,upgrade,Free,Pro,0,15
EVT-006193,CUST-03557,2024-09-22,cancel,Free,Cancelled,0,0
EVT-006502,CUST-03768,2024-09-22,signup,,Free,0,0
EVT-006504,CUST-03769,2024-09-22,signup,,Pro,0,15
EVT-006537,CUST-03793,2024-09-22,signup,,Business,0,49
EVT-006556,CUST-03806,2024-09-22,signup,,Free,0,0
EVT-006579,CUST-03821,2024-09-22,signup,,Free,0,0
EVT-006618,CUST-03850,2024-09-22,signup,,Free,0,0
EVT-006648,CUST-03875,2024-09-22,signup,,Free,0,0
EVT-006669,CUST-03893,2024-09-22,signup,,Business,0,49
EVT-006758,CUST-03960,2024-09-22,signup,,Free,0,0
EVT-006865,CUST-04041,2024-09-22,signup,,Free,0,0
EVT-006903,CUST-04069,2024-09-22,signup,,Pro,0,15
EVT-001634,CUST-00841,2024-09-23,upgrade,Pro,Business,15,49
EVT-003995,CUST-02162,2024-09-23,cancel,Free,Cancelled,0,0
EVT-004395,CUST-02403,2024-09-23,upgrade,Business,Enterprise,49,199
EVT-004596,CUST-02530,2024-09-23,cancel,Pro,Cancelled,15,0
EVT-005250,CUST-02929,2024-09-23,cancel,Pro,Cancelled,15,0
EVT-006567,CUST-03813,2024-09-23,signup,,Pro,0,15
EVT-006616,CUST-03848,2024-09-23,signup,,Free,0,0
EVT-006628,CUST-03859,2024-09-23,signup,,Business,0,49
EVT-006657,CUST-03883,2024-09-23,signup,,Free,0,0
EVT-006702,CUST-03919,2024-09-23,signup,,Free,0,0
EVT-006709,CUST-03923,2024-09-23,signup,,Pro,0,15
EVT-006713,CUST-03926,2024-09-23,signup,,Business,0,49
EVT-006718,CUST-03930,2024-09-23,signup,,Business,0,49
EVT-006869,CUST-04044,2024-09-23,signup,,Pro,0,15
EVT-006926,CUST-04083,2024-09-23,signup,,Pro,0,15
EVT-006933,CUST-04088,2024-09-23,signup,,Pro,0,15
EVT-006940,CUST-04092,2024-09-23,signup,,Pro,0,15
EVT-006953,CUST-04102,2024-09-23,signup,,Pro,0,15
EVT-001797,CUST-00928,2024-09-24,cancel,Pro,Cancelled,15,0
EVT-001861,CUST-00965,2024-09-24,cancel,Pro,Cancelled,15,0
EVT-002433,CUST-01276,2024-09-24,cancel,Free,Cancelled,0,0
EVT-002694,CUST-01415,2024-09-24,cancel,Pro,Cancelled,15,0
EVT-003194,CUST-01694,2024-09-24,cancel,Free,Cancelled,0,0
EVT-004903,CUST-02716,2024-09-24,upgrade,Pro,Business,15,49
EVT-005114,CUST-02845,2024-09-24,cancel,Free,Cancelled,0,0
EVT-005553,CUST-03125,2024-09-24,cancel,Business,Cancelled,49,0
EVT-006387,CUST-03689,2024-09-24,upgrade,Free,Pro,0,15
EVT-006447,CUST-03732,2024-09-24,cancel,Pro,Cancelled,15,0
EVT-006519,CUST-03780,2024-09-24,signup,,Pro,0,15
EVT-006562,CUST-03810,2024-09-24,signup,,Pro,0,15
EVT-006609,CUST-03842,2024-09-24,signup,,Pro,0,15
EVT-006625,CUST-03856,2024-09-24,signup,,Free,0,0
EVT-006722,CUST-03933,2024-09-24,signup,,Enterprise,0,199
EVT-006735,CUST-03943,2024-09-24,signup,,Free,0,0
EVT-006802,CUST-03994,2024-09-24,signup,,Free,0,0
EVT-006810,CUST-04000,2024-09-24,signup,,Pro,0,15
EVT-006858,CUST-04035,2024-09-24,signup,,Pro,0,15
EVT-006870,CUST-04045,2024-09-24,signup,,Pro,0,15
EVT-003572,CUST-01916,2024-09-25,downgrade,Pro,Free,15,0
EVT-005758,CUST-03263,2024-09-25,cancel,Free,Cancelled,0,0
EVT-005781,CUST-03277,2024-09-25,cancel,Free,Cancelled,0,0
EVT-006511,CUST-03774,2024-09-25,signup,,Pro,0,15
EVT-006627,CUST-03858,2024-09-25,signup,,Pro,0,15
EVT-006666,CUST-03891,2024-09-25,signup,,Pro,0,15
EVT-006719,CUST-03931,2024-09-25,signup,,Enterprise,0,199
EVT-006768,CUST-03968,2024-09-25,signup,,Pro,0,15
EVT-006778,CUST-03974,2024-09-25,signup,,Free,0,0
EVT-006829,CUST-04016,2024-09-25,signup,,Free,0,0
EVT-006833,CUST-04018,2024-09-25,signup,,Free,0,0
EVT-006895,CUST-04062,2024-09-25,signup,,Pro,0,15
EVT-006925,CUST-04082,2024-09-25,signup,,Free,0,0
EVT-001990,CUST-01037,2024-09-26,cancel,Free,Cancelled,0,0
EVT-004886,CUST-02705,2024-09-26,cancel,Free,Cancelled,0,0
EVT-006563,CUST-03811,2024-09-26,signup,,Free,0,0
EVT-006569,CUST-03815,2024-09-26,signup,,Free,0,0
EVT-006591,CUST-03830,2024-09-26,signup,,Pro,0,15
EVT-006636,CUST-03866,2024-09-26,signup,,Pro,0,15
EVT-006680,CUST-03902,2024-09-26,signup,,Pro,0,15
EVT-006683,CUST-03904,2024-09-26,signup,,Free,0,0
EVT-006685,CUST-03906,2024-09-26,signup,,Free,0,0
EVT-006698,CUST-03915,2024-09-26,signup,,Business,0,49
EVT-006703,CUST-03920,2024-09-26,signup,,Pro,0,15
EVT-006715,CUST-03928,2024-09-26,signup,,Free,0,0
EVT-006824,CUST-04011,2024-09-26,signup,,Pro,0,15
EVT-006872,CUST-04046,2024-09-26,signup,,Business,0,49
EVT-006889,CUST-04057,2024-09-26,signup,,Free,0,0
EVT-006894,CUST-04061,2024-09-26,signup,,Pro,0,15
EVT-001919,CUST-00997,2024-09-27,cancel,Free,Cancelled,0,0
EVT-005048,CUST-02804,2024-09-27,cancel,Free,Cancelled,0,0
EVT-005300,CUST-02963,2024-09-27,cancel,Free,Cancelled,0,0
EVT-006023,CUST-03443,2024-09-27,upgrade,Free,Pro,0,15
EVT-006246,CUST-03597,2024-09-27,cancel,Free,Cancelled,0,0
EVT-006478,CUST-03752,2024-09-27,cancel,Free,Cancelled,0,0
EVT-006615,CUST-03847,2024-09-27,signup,,Pro,0,15
EVT-006692,CUST-03911,2024-09-27,signup,,Free,0,0
EVT-006699,CUST-03916,2024-09-27,signup,,Free,0,0
EVT-006700,CUST-03917,2024-09-27,signup,,Pro,0,15
EVT-006745,CUST-03951,2024-09-27,signup,,Pro,0,15
EVT-006751,CUST-03955,2024-09-27,signup,,Pro,0,15
EVT-006766,CUST-03966,2024-09-27,signup,,Business,0,49
EVT-006767,CUST-03967,2024-09-27,signup,,Enterprise,0,199
EVT-006798,CUST-03991,2024-09-27,signup,,Free,0,0
EVT-006805,CUST-03997,2024-09-27,signup,,Free,0,0
EVT-006838,CUST-04022,2024-09-27,signup,,Free,0,0
EVT-006859,CUST-04036,2024-09-27,signup,,Free,0,0
EVT-006876,CUST-04048,2024-09-27,signup,,Pro,0,15
EVT-006896,CUST-04063,2024-09-27,signup,,Business,0,49
EVT-006911,CUST-04074,2024-09-27,signup,,Free,0,0
EVT-006934,CUST-04089,2024-09-27,signup,,Pro,0,15
EVT-006948,CUST-04098,2024-09-27,signup,,Free,0,0
EVT-001432,CUST-00734,2024-10-01,cancel,Business,Cancelled,49,0
EVT-004792,CUST-02649,2024-10-01,downgrade,Pro,Free,15,0
EVT-005358,CUST-03001,2024-10-01,cancel,Free,Cancelled,0,0
EVT-005574,CUST-03140,2024-10-01,cancel,Free,Cancelled,0,0
EVT-005803,CUST-03294,2024-10-01,downgrade,Pro,Free,15,0
EVT-005890,CUST-03354,2024-10-01,cancel,Pro,Cancelled,15,0
EVT-006248,CUST-03598,2024-10-01,cancel,Free,Cancelled,0,0
EVT-006350,CUST-03665,2024-10-01,cancel,Pro,Cancelled,15,0
EVT-006975,CUST-04121,2024-10-01,signup,,Free,0,0
EVT-007000,CUST-04141,2024-10-01,signup,,Free,0,0
EVT-007061,CUST-04191,2024-10-01,signup,,Free,0,0
EVT-007077,CUST-04204,2024-10-01,signup,,Pro,0,15
EVT-007105,CUST-04228,2024-10-01,signup,,Pro,0,15
EVT-007132,CUST-04248,2024-10-01,signup,,Pro,0,15
EVT-007144,CUST-04257,2024-10-01,signup,,Pro,0,15
EVT-007159,CUST-04268,2024-10-01,signup,,Free,0,0
EVT-007167,CUST-04275,2024-10-01,signup,,Free,0,0
EVT-007177,CUST-04283,2024-10-01,signup,,Free,0,0
EVT-007235,CUST-04330,2024-10-01,signup,,Pro,0,15
EVT-007386,CUST-04447,2024-10-01,signup,,Pro,0,15
EVT-007417,CUST-04470,2024-10-01,signup,,Free,0,0
EVT-000945,CUST-00482,2024-10-02,cancel,Pro,Cancelled,15,0
EVT-004223,CUST-02299,2024-10-02,upgrade,Pro,Business,15,49
EVT-004524,CUST-02481,2024-10-02,cancel,Pro,Cancelled,15,0
EVT-005331,CUST-02983,2024-10-02,downgrade,Business,Pro,49,15
EVT-006133,CUST-03514,2024-10-02,cancel,Free,Cancelled,0,0
EVT-006956,CUST-04104,2024-10-02,signup,,Business,0,49
EVT-006973,CUST-04119,2024-10-02,signup,,Pro,0,15
EVT-007076,CUST-04203,2024-10-02,signup,,Pro,0,15
EVT-007091,CUST-04216,2024-10-02,signup,,Free,0,0
EVT-007184,CUST-04290,2024-10-02,signup,,Free,0,0
EVT-007216,CUST-04315,2024-10-02,signup,,Free,0,0
EVT-007277,CUST-04364,2024-10-02,signup,,Business,0,49
EVT-007281,CUST-04367,2024-10-02,signup,,Pro,0,15
EVT-007292,CUST-04375,2024-10-02,signup,,Business,0,49
EVT-007304,CUST-04385,2024-10-02,signup,,Pro,0,15
EVT-007309,CUST-04388,2024-10-02,signup,,Pro,0,15
EVT-007365,CUST-04432,2024-10-02,signup,,Business,0,49
EVT-000150,CUST-00078,2024-10-03,cancel,Pro,Cancelled,15,0
EVT-001419,CUST-00728,2024-10-03,cancel,Business,Cancelled,49,0
EVT-003002,CUST-01584,2024-10-03,upgrade,Business,Enterprise,49,199
EVT-004018,CUST-02174,2024-10-03,downgrade,Business,Pro,49,15
EVT-006455,CUST-03737,2024-10-03,cancel,Free,Cancelled,0,0
EVT-006505,CUST-03769,2024-10-03,upgrade,Pro,Business,15,49
EVT-006799,CUST-03991,2024-10-03,upgrade,Free,Pro,0,15
EVT-006985,CUST-04131,2024-10-03,signup,,Pro,0,15
EVT-006988,CUST-04133,2024-10-03,signup,,Pro,0,15
EVT-007010,CUST-04148,2024-10-03,signup,,Pro,0,15
EVT-007108,CUST-04231,2024-10-03,signup,,Enterprise,0,199
EVT-007121,CUST-04241,2024-10-03,signup,,Free,0,0
EVT-007168,CUST-04276,2024-10-03,signup,,Pro,0,15
EVT-007243,CUST-04338,2024-10-03,signup,,Free,0,0
EVT-007266,CUST-04355,2024-10-03,signup,,Free,0,0
EVT-007340,CUST-04412,2024-10-03,signup,,Free,0,0
EVT-007390,CUST-04451,2024-10-03,signup,,Pro,0,15
EVT-007403,CUST-04460,2024-10-03,signup,,Pro,0,15
EVT-004240,CUST-02309,2024-10-04,cancel,Free,Cancelled,0,0
EVT-004249,CUST-02315,2024-10-04,cancel,Pro,Cancelled,15,0
EVT-004599,CUST-02532,2024-10-04,downgrade,Pro,Free,15,0
EVT-004796,CUST-02651,2024-10-04,cancel,Business,Cancelled,49,0
EVT-005109,CUST-02842,2024-10-04,upgrade,Pro,Business,15,49
EVT-005127,CUST-02853,2024-10-04,cancel,Pro,Cancelled,15,0
EVT-005882,CUST-03349,2024-10-04,cancel,Pro,Cancelled,15,0
EVT-006027,CUST-03445,2024-10-04,upgrade,Free,Pro,0,15
EVT-006067,CUST-03471,2024-10-04,upgrade,Pro,Business,15,49
EVT-006171,CUST-03541,2024-10-04,cancel,Business,Cancelled,49,0
EVT-006334,CUST-03654,2024-10-04,cancel,Free,Cancelled,0,0
EVT-006832,CUST-04017,2024-10-04,cancel,Pro,Cancelled,15,0
EVT-006883,CUST-04053,2024-10-04,cancel,Free,Cancelled,0,0
EVT-006914,CUST-04075,2024-10-04,cancel,Free,Cancelled,0,0
EVT-006991,CUST-04135,2024-10-04,signup,,Pro,0,15
EVT-007049,CUST-04181,2024-10-04,signup,,Business,0,49
EVT-007094,CUST-04218,2024-10-04,signup,,Pro,0,15
EVT-007133,CUST-04249,2024-10-04,signup,,Free,0,0
EVT-007171,CUST-04278,2024-10-04,signup,,Free,0,0
EVT-007180,CUST-04286,2024-10-04,signup,,Pro,0,15
EVT-007206,CUST-04307,2024-10-04,signup,,Pro,0,15
EVT-007259,CUST-04350,2024-10-04,signup,,Pro,0,15
EVT-007261,CUST-04352,2024-10-04,signup,,Free,0,0
EVT-007264,CUST-04353,2024-10-04,signup,,Enterprise,0,199
EVT-007310,CUST-04389,2024-10-04,signup,,Free,0,0
EVT-007354,CUST-04423,2024-10-04,signup,,Business,0,49
EVT-007385,CUST-04446,2024-10-04,signup,,Free,0,0
EVT-007410,CUST-04465,2024-10-04,signup,,Pro,0,15
EVT-000187,CUST-00095,2024-10-05,upgrade,Pro,Business,15,49
EVT-006449,CUST-03733,2024-10-05,cancel,Free,Cancelled,0,0
EVT-006546,CUST-03799,2024-10-05,cancel,Pro,Cancelled,15,0
EVT-006620,CUST-03851,2024-10-05,cancel,Free,Cancelled,0,0
EVT-007025,CUST-04160,2024-10-05,signup,,Free,0,0
EVT-007038,CUST-04172,2024-10-05,signup,,Free,0,0
EVT-007087,CUST-04212,2024-10-05,signup,,Free,0,0
EVT-007110,CUST-04233,2024-10-05,signup,,Free,0,0
EVT-007113,CUST-04236,2024-10-05,signup,,Free,0,0
EVT-007212,CUST-04312,2024-10-05,signup,,Free,0,0
EVT-007233,CUST-04329,2024-10-05,signup,,Free,0,0
EVT-007276,CUST-04363,2024-10-05,signup,,Free,0,0
EVT-007284,CUST-04369,2024-10-05,signup,,Pro,0,15
EVT-007296,CUST-04379,2024-10-05,signup,,Pro,0,15
EVT-007301,CUST-04383,2024-10-05,signup,,Free,0,0
EVT-007344,CUST-04415,2024-10-05,signup,,Pro,0,15
EVT-007372,CUST-04437,2024-10-05,signup,,Business,0,49
EVT-007405,CUST-04461,2024-10-05,signup,,Free,0,0
EVT-002552,CUST-01339,2024-10-06,upgrade,Pro,Business,15,49
EVT-004139,CUST-02247,2024-10-06,cancel,Pro,Cancelled,15,0
EVT-004938,CUST-02738,2024-10-06,cancel,Pro,Cancelled,15,0
EVT-005142,CUST-02864,2024-10-06,cancel,Pro,Cancelled,15,0
EVT-006183,CUST-03549,2024-10-06,cancel,Free,Cancelled,0,0
EVT-006501,CUST-03767,2024-10-06,cancel,Free,Cancelled,0,0
EVT-006580,CUST-03821,2024-10-06,cancel,Free,Cancelled,0,0
EVT-006728,CUST-03938,2024-10-06,upgrade,Pro,Business,15,49
EVT-007028,CUST-04162,2024-10-06,signup,,Business,0,49
EVT-007035,CUST-04169,2024-10-06,signup,,Pro,0,15
EVT-007036,CUST-04170,2024-10-06,signup,,Business,0,49
EVT-007089,CUST-04214,2024-10-06,signup,,Pro,0,15
EVT-007129,CUST-04245,2024-10-06,signup,,Pro,0,15
EVT-007156,CUST-04266,2024-10-06,signup,,Free,0,0
EVT-007164,CUST-04272,2024-10-06,signup,,Business,0,49
EVT-007166,CUST-04274,2024-10-06,signup,,Pro,0,15
EVT-007172,CUST-04279,2024-10-06,signup,,Free,0,0
EVT-007183,CUST-04289,2024-10-06,signup,,Business,0,49
EVT-007363,CUST-04430,2024-10-06,signup,,Business,0,49
EVT-007378,CUST-04442,2024-10-06,signup,,Free,0,0
EVT-007411,CUST-04466,2024-10-06,signup,,Free,0,0
EVT-000698,CUST-00355,2024-10-07,cancel,Pro,Cancelled,15,0
EVT-000723,CUST-00368,2024-10-07,cancel,Free,Cancelled,0,0
EVT-002202,CUST-01150,2024-10-07,cancel,Pro,Cancelled,15,0
EVT-004398,CUST-02405,2024-10-07,cancel,Pro,Cancelled,15,0
EVT-004471,CUST-02446,2024-10-07,cancel,Pro,Cancelled,15,0
EVT-004619,CUST-02545,2024-10-07,upgrade,Free,Pro,0,15
EVT-004849,CUST-02682,2024-10-07,downgrade,Business,Pro,49,15
EVT-005050,CUST-02805,2024-10-07,upgrade,Pro,Business,15,49
EVT-005579,CUST-03143,2024-10-07,upgrade,Pro,Business,15,49
EVT-005678,CUST-03207,2024-10-07,upgrade,Pro,Business,15,49
EVT-006094,CUST-03489,2024-10-07,cancel,Free,Cancelled,0,0
EVT-006535,CUST-03791,2024-10-07,cancel,Free,Cancelled,0,0
EVT-006566,CUST-03812,2024-10-07,cancel,Free,Cancelled,0,0
EVT-006588,CUST-03827,2024-10-07,cancel,Free,Cancelled,0,0
EVT-006971,CUST-04117,2024-10-07,signup,,Business,0,49
EVT-007011,CUST-04149,2024-10-07,signup,,Pro,0,15
EVT-007013,CUST-04151,2024-10-07,signup,,Enterprise,0,199
EVT-007062,CUST-04192,2024-10-07,signup,,Free,0,0
EVT-007101,CUST-04224,2024-10-07,signup,,Pro,0,15
EVT-007103,CUST-04226,2024-10-07,signup,,Pro,0,15
EVT-007111,CUST-04234,2024-10-07,signup,,Pro,0,15
EVT-007205,CUST-04306,2024-10-07,signup,,Business,0,49
EVT-007224,CUST-04322,2024-10-07,signup,,Free,0,0
EVT-007253,CUST-04346,2024-10-07,signup,,Pro,0,15
EVT-007268,CUST-04357,2024-10-07,signup,,Pro,0,15
EVT-007291,CUST-04374,2024-10-07,signup,,Pro,0,15
EVT-007312,CUST-04390,2024-10-07,signup,,Pro,0,15
EVT-007330,CUST-04404,2024-10-07,signup,,Enterprise,0,199
EVT-007351,CUST-04421,2024-10-07,signup,,Free,0,0
EVT-007358,CUST-04426,2024-10-07,signup,,Free,0,0
EVT-001536,CUST-00789,2024-10-08,cancel,Pro,Cancelled,15,0
EVT-002400,CUST-01257,2024-10-08,cancel,Free,Cancelled,0,0
EVT-003142,CUST-01664,2024-10-08,upgrade,Pro,Business,15,49
EVT-005464,CUST-03067,2024-10-08,cancel,Free,Cancelled,0,0
EVT-005667,CUST-03201,2024-10-08,upgrade,Pro,Business,15,49
EVT-006503,CUST-03768,2024-10-08,cancel,Free,Cancelled,0,0
EVT-006594,CUST-03832,2024-10-08,cancel,Pro,Cancelled,15,0
EVT-006984,CUST-04130,2024-10-08,signup,,Free,0,0
EVT-007004,CUST-04144,2024-10-08,signup,,Business,0,49
EVT-007055,CUST-04186,2024-10-08,signup,,Free,0,0
EVT-007060,CUST-04190,2024-10-08,signup,,Pro,0,15
EVT-007088,CUST-04213,2024-10-08,signup,,Business,0,49
EVT-007179,CUST-04285,2024-10-08,signup,,Free,0,0
EVT-007202,CUST-04303,2024-10-08,signup,,Enterprise,0,199
EVT-007213,CUST-04313,2024-10-08,signup,,Free,0,0
EVT-007245,CUST-04340,2024-10-08,signup,,Free,0,0
EVT-007321,CUST-04397,2024-10-08,signup,,Pro,0,15
EVT-007322,CUST-04398,2024-10-08,signup,,Free,0,0
EVT-007362,CUST-04429,2024-10-08,signup,,Free,0,0
EVT-007399,CUST-04457,2024-10-08,signup,,Business,0,49
EVT-001545,CUST-00794,2024-10-09,upgrade,Pro,Business,15,49
EVT-003422,CUST-01827,2024-10-09,upgrade,Free,Pro,0,15
EVT-005423,CUST-03042,2024-10-09,cancel,Pro,Cancelled,15,0
EVT-005432,CUST-03048,2024-10-09,cancel,Pro,Cancelled,15,0
EVT-006343,CUST-03660,2024-10-09,cancel,Pro,Cancelled,15,0
EVT-006522,CUST-03782,2024-10-09,cancel,Free,Cancelled,0,0
EVT-006532,CUST-03789,2024-10-09,upgrade,Free,Pro,0,15
EVT-006968,CUST-04115,2024-10-09,signup,,Free,0,0
EVT-006987,CUST-04132,2024-10-09,signup,,Pro,0,15
EVT-007123,CUST-04242,2024-10-09,signup,,Free,0,0
EVT-007135,CUST-04250,2024-10-09,signup,,Pro,0,15
EVT-007140,CUST-04254,2024-10-09,signup,,Enterprise,0,199
EVT-007203,CUST-04304,2024-10-09,signup,,Pro,0,15
EVT-007208,CUST-04309,2024-10-09,signup,,Pro,0,15
EVT-007258,CUST-04349,2024-10-09,signup,,Pro,0,15
EVT-007303,CUST-04384,2024-10-09,signup,,Free,0,0
EVT-007361,CUST-04428,2024-10-09,signup,,Pro,0,15
EVT-007406,CUST-04462,2024-10-09,signup,,Free,0,0
EVT-004590,CUST-02526,2024-10-10,upgrade,Pro,Business,15,49
EVT-004601,CUST-02533,2024-10-10,cancel,Free,Cancelled,0,0
EVT-005849,CUST-03327,2024-10-10,cancel,Pro,Cancelled,15,0
EVT-006099,CUST-03492,2024-10-10,upgrade,Pro,Business,15,49
EVT-006688,CUST-03907,2024-10-10,cancel,Free,Cancelled,0,0
EVT-006693,CUST-03911,2024-10-10,cancel,Free,Cancelled,0,0
EVT-006773,CUST-03971,2024-10-10,upgrade,Free,Pro,0,15
EVT-006812,CUST-04001,2024-10-10,cancel,Pro,Cancelled,15,0
EVT-007136,CUST-04251,2024-10-10,signup,,Business,0,49
EVT-007149,CUST-04261,2024-10-10,signup,,Pro,0,15
EVT-007218,CUST-04317,2024-10-10,signup,,Pro,0,15
EVT-007219,CUST-04318,2024-10-10,signup,,Free,0,0
EVT-007226,CUST-04324,2024-10-10,signup,,Pro,0,15
EVT-007290,CUST-04373,2024-10-10,signup,,Free,0,0
EVT-007335,CUST-04408,2024-10-10,signup,,Pro,0,15
EVT-007368,CUST-04434,2024-10-10,signup,,Pro,0,15
EVT-007389,CUST-04450,2024-10-10,signup,,Pro,0,15
EVT-007402,CUST-04459,2024-10-10,signup,,Pro,0,15
EVT-003672,CUST-01979,2024-10-11,cancel,Free,Cancelled,0,0
EVT-003744,CUST-02019,2024-10-11,cancel,Free,Cancelled,0,0
EVT-003785,CUST-02040,2024-10-11,cancel,Pro,Cancelled,15,0
EVT-004144,CUST-02251,2024-10-11,cancel,Free,Cancelled,0,0
EVT-004287,CUST-02337,2024-10-11,cancel,Free,Cancelled,0,0
EVT-005188,CUST-02891,2024-10-11,cancel,Business,Cancelled,49,0
EVT-006156,CUST-03531,2024-10-11,upgrade,Free,Pro,0,15
EVT-006169,CUST-03540,2024-10-11,cancel,Free,Cancelled,0,0
EVT-006296,CUST-03629,2024-10-11,cancel,Free,Cancelled,0,0
EVT-006967,CUST-04114,2024-10-11,signup,,Pro,0,15
EVT-006972,CUST-04118,2024-10-11,signup,,Free,0,0
EVT-006974,CUST-04120,2024-10-11,signup,,Pro,0,15
EVT-007020,CUST-04157,2024-10-11,signup,,Pro,0,15
EVT-007085,CUST-04211,2024-10-11,signup,,Free,0,0
EVT-007176,CUST-04282,2024-10-11,signup,,Free,0,0
EVT-007246,CUST-04341,2024-10-11,signup,,Pro,0,15
EVT-007347,CUST-04418,2024-10-11,signup,,Pro,0,15
EVT-007407,CUST-04463,2024-10-11,signup,,Free,0,0
EVT-000992,CUST-00505,2024-10-12,cancel,Pro,Cancelled,15,0
EVT-002383,CUST-01247,2024-10-12,cancel,Business,Cancelled,49,0
EVT-002666,CUST-01400,2024-10-12,downgrade,Enterprise,Business,199,49
EVT-003729,CUST-02010,2024-10-12,cancel,Free,Cancelled,0,0
EVT-004448,CUST-02432,2024-10-12,cancel,Pro,Cancelled,15,0
EVT-005320,CUST-02976,2024-10-12,cancel,Pro,Cancelled,15,0
EVT-005845,CUST-03324,2024-10-12,cancel,Free,Cancelled,0,0
EVT-006706,CUST-03921,2024-10-12,upgrade,Free,Pro,0,15
EVT-006864,CUST-04040,2024-10-12,cancel,Free,Cancelled,0,0
EVT-006995,CUST-04137,2024-10-12,signup,,Free,0,0
EVT-006998,CUST-04139,2024-10-12,signup,,Pro,0,15
EVT-006999,CUST-04140,2024-10-12,signup,,Pro,0,15
EVT-007031,CUST-04165,2024-10-12,signup,,Enterprise,0,199
EVT-007063,CUST-04193,2024-10-12,signup,,Free,0,0
EVT-007081,CUST-04207,2024-10-12,signup,,Enterprise,0,199
EVT-007147,CUST-04259,2024-10-12,signup,,Free,0,0
EVT-007158,CUST-04267,2024-10-12,signup,,Free,0,0
EVT-007187,CUST-04292,2024-10-12,signup,,Free,0,0
EVT-007189,CUST-04293,2024-10-12,signup,,Pro,0,15
EVT-007214,CUST-04314,2024-10-12,signup,,Pro,0,15
EVT-007294,CUST-04377,2024-10-12,signup,,Business,0,49
EVT-007381,CUST-04444,2024-10-12,signup,,Pro,0,15
EVT-007414,CUST-04468,2024-10-12,signup,,Free,0,0
EVT-000687,CUST-00351,2024-10-13,cancel,Pro,Cancelled,15,0
EVT-002374,CUST-01243,2024-10-13,cancel,Business,Cancelled,49,0
EVT-003392,CUST-01810,2024-10-13,cancel,Free,Cancelled,0,0
EVT-003577,CUST-01920,2024-10-13,cancel,Pro,Cancelled,15,0
EVT-004900,CUST-02714,2024-10-13,cancel,Free,Cancelled,0,0
EVT-005079,CUST-02823,2024-10-13,cancel,Free,Cancelled,0,0
EVT-005965,CUST-03404,2024-10-13,upgrade,Free,Pro,0,15
EVT-006541,CUST-03795,2024-10-13,upgrade,Free,Pro,0,15
EVT-006634,CUST-03864,2024-10-13,cancel,Free,Cancelled,0,0
EVT-006748,CUST-03953,2024-10-13,upgrade,Free,Pro,0,15
EVT-007016,CUST-04154,2024-10-13,signup,,Business,0,49
EVT-007030,CUST-04164,2024-10-13,signup,,Free,0,0
EVT-007058,CUST-04188,2024-10-13,signup,,Business,0,49
EVT-007178,CUST-04284,2024-10-13,signup,,Free,0,0
EVT-007240,CUST-04335,2024-10-13,signup,,Free,0,0
EVT-007283,CUST-04368,2024-10-13,signup,,Business,0,49
EVT-007374,CUST-04439,2024-10-13,signup,,Enterprise,0,199
EVT-007376,CUST-04441,2024-10-13,signup,,Pro,0,15
EVT-002402,CUST-01258,2024-10-14,upgrade,Pro,Business,15,49
EVT-002660,CUST-01397,2024-10-14,cancel,Free,Cancelled,0,0
EVT-002686,CUST-01411,2024-10-14,downgrade,Business,Pro,49,15
EVT-002983,CUST-01573,2024-10-14,cancel,Pro,Cancelled,15,0
EVT-004438,CUST-02427,2024-10-14,cancel,Free,Cancelled,0,0
EVT-004803,CUST-02655,2024-10-14,upgrade,Free,Pro,0,15
EVT-005412,CUST-03035,2024-10-14,cancel,Free,Cancelled,0,0
EVT-005710,CUST-03230,2024-10-14,cancel,Free,Cancelled,0,0
EVT-005906,CUST-03365,2024-10-14,cancel,Free,Cancelled,0,0
EVT-006332,CUST-03653,2024-10-14,cancel,Pro,Cancelled,15,0
EVT-006806,CUST-03997,2024-10-14,cancel,Free,Cancelled,0,0
EVT-006893,CUST-04060,2024-10-14,cancel,Pro,Cancelled,15,0
EVT-007040,CUST-04174,2024-10-14,signup,,Free,0,0
EVT-007054,CUST-04185,2024-10-14,signup,,Free,0,0
EVT-007068,CUST-04197,2024-10-14,signup,,Pro,0,15
EVT-007096,CUST-04220,2024-10-14,signup,,Enterprise,0,199
EVT-007109,CUST-04232,2024-10-14,signup,,Free,0,0
EVT-007119,CUST-04239,2024-10-14,signup,,Pro,0,15
EVT-007120,CUST-04240,2024-10-14,signup,,Business,0,49
EVT-007165,CUST-04273,2024-10-14,signup,,Business,0,49
EVT-007238,CUST-04333,2024-10-14,signup,,Pro,0,15
EVT-007248,CUST-04342,2024-10-14,signup,,Pro,0,15
EVT-007285,CUST-04370,2024-10-14,signup,,Free,0,0
EVT-007314,CUST-04391,2024-10-14,signup,,Free,0,0
EVT-007316,CUST-04392,2024-10-14,signup,,Pro,0,15
EVT-007332,CUST-04406,2024-10-14,signup,,Free,0,0
EVT-007334,CUST-04407,2024-10-14,signup,,Pro,0,15
EVT-007353,CUST-04422,2024-10-14,signup,,Free,0,0
EVT-002367,CUST-01240,2024-10-15,cancel,Free,Cancelled,0,0
EVT-004960,CUST-02753,2024-10-15,cancel,Free,Cancelled,0,0
EVT-006425,CUST-03715,2024-10-15,cancel,Free,Cancelled,0,0
EVT-006651,CUST-03877,2024-10-15,cancel,Free,Cancelled,0,0
EVT-006875,CUST-04047,2024-10-15,upgrade,Free,Pro,0,15
EVT-006939,CUST-04091,2024-10-15,upgrade,Pro,Business,15,49
EVT-006962,CUST-04110,2024-10-15,signup,,Business,0,49
EVT-007007,CUST-04146,2024-10-15,signup,,Free,0,0
EVT-007021,CUST-04158,2024-10-15,signup,,Free,0,0
EVT-007078,CUST-04205,2024-10-15,signup,,Free,0,0
EVT-007107,CUST-04230,2024-10-15,signup,,Free,0,0
EVT-007127,CUST-04244,2024-10-15,signup,,Free,0,0
EVT-007160,CUST-04269,2024-10-15,signup,,Free,0,0
EVT-007207,CUST-04308,2024-10-15,signup,,Pro,0,15
EVT-007260,CUST-04351,2024-10-15,signup,,Free,0,0
EVT-007271,CUST-04360,2024-10-15,signup,,Pro,0,15
EVT-007288,CUST-04372,2024-10-15,signup,,Free,0,0
EVT-007380,CUST-04443,2024-10-15,signup,,Pro,0,15
EVT-007397,CUST-04456,2024-10-15,signup,,Pro,0,15
EVT-000965,CUST-00492,2024-10-16,upgrade,Business,Enterprise,49,199
EVT-001897,CUST-00984,2024-10-16,cancel,Business,Cancelled,49,0
EVT-003015,CUST-01592,2024-10-16,cancel,Free,Cancelled,0,0
EVT-004120,CUST-02238,2024-10-16,upgrade,Free,Pro,0,15
EVT-004266,CUST-02323,2024-10-16,upgrade,Free,Pro,0,15
EVT-004328,CUST-02363,2024-10-16,cancel,Pro,Cancelled,15,0
EVT-005263,CUST-02937,2024-10-16,cancel,Free,Cancelled,0,0
EVT-005779,CUST-03276,2024-10-16,cancel,Free,Cancelled,0,0
EVT-006221,CUST-03579,2024-10-16,cancel,Free,Cancelled,0,0
EVT-006539,CUST-03794,2024-10-16,cancel,Pro,Cancelled,15,0
EVT-006704,CUST-03920,2024-10-16,cancel,Pro,Cancelled,15,0
EVT-006958,CUST-04106,2024-10-16,signup,,Pro,0,15
EVT-006978,CUST-04124,2024-10-16,signup,,Free,0,0
EVT-007029,CUST-04163,2024-10-16,signup,,Free,0,0
EVT-007034,CUST-04168,2024-10-16,signup,,Pro,0,15
EVT-007047,CUST-04179,2024-10-16,signup,,Pro,0,15
EVT-007083,CUST-04209,2024-10-16,signup,,Free,0,0
EVT-007143,CUST-04256,2024-10-16,signup,,Free,0,0
EVT-007181,CUST-04287,2024-10-16,signup,,Pro,0,15
EVT-007196,CUST-04299,2024-10-16,signup,,Pro,0,15
EVT-007211,CUST-04311,2024-10-16,signup,,Pro,0,15
EVT-007236,CUST-04331,2024-10-16,signup,,Pro,0,15
EVT-007241,CUST-04336,2024-10-16,signup,,Business,0,49
EVT-007244,CUST-04339,2024-10-16,signup,,Pro,0,15
EVT-007270,CUST-04359,2024-10-16,signup,,Free,0,0
EVT-007280,CUST-04366,2024-10-16,signup,,Free,0,0
EVT-007307,CUST-04387,2024-10-16,signup,,Free,0,0
EVT-007318,CUST-04394,2024-10-16,signup,,Free,0,0
EVT-007356,CUST-04424,2024-10-16,signup,,Free,0,0
EVT-007359,CUST-04427,2024-10-16,signup,,Pro,0,15
EVT-007369,CUST-04435,2024-10-16,signup,,Free,0,0
EVT-007375,CUST-04440,2024-10-16,signup,,Free,0,0
EVT-003506,CUST-01876,2024-10-17,cancel,Pro,Cancelled,15,0
EVT-005054,CUST-02808,2024-10-17,upgrade,Free,Pro,0,15
EVT-005150,CUST-02869,2024-10-17,upgrade,Pro,Business,15,49
EVT-005824,CUST-03310,2024-10-17,cancel,Pro,Cancelled,15,0
EVT-006092,CUST-03488,2024-10-17,cancel,Pro,Cancelled,15,0
EVT-006487,CUST-03758,2024-10-17,cancel,Pro,Cancelled,15,0
EVT-006647,CUST-03874,2024-10-17,cancel,Pro,Cancelled,15,0
EVT-006982,CUST-04128,2024-10-17,signup,,Free,0,0
EVT-006983,CUST-04129,2024-10-17,signup,,Free,0,0
EVT-007042,CUST-04175,2024-10-17,signup,,Pro,0,15
EVT-007095,CUST-04219,2024-10-17,signup,,Business,0,49
EVT-007104,CUST-04227,2024-10-17,signup,,Pro,0,15
EVT-007141,CUST-04255,2024-10-17,signup,,Free,0,0
EVT-007148,CUST-04260,2024-10-17,signup,,Pro,0,15
EVT-007155,CUST-04265,2024-10-17,signup,,Free,0,0
EVT-007175,CUST-04281,2024-10-17,signup,,Pro,0,15
EVT-007186,CUST-04291,2024-10-17,signup,,Business,0,49
EVT-007225,CUST-04323,2024-10-17,signup,,Business,0,49
EVT-007229,CUST-04326,2024-10-17,signup,,Free,0,0
EVT-007232,CUST-04328,2024-10-17,signup,,Enterprise,0,199
EVT-007267,CUST-04356,2024-10-17,signup,,Business,0,49
EVT-007273,CUST-04361,2024-10-17,signup,,Pro,0,15
EVT-000940,CUST-00480,2024-10-18,cancel,Free,Cancelled,0,0
EVT-002718,CUST-01428,2024-10-18,cancel,Free,Cancelled,0,0
EVT-004893,CUST-02709,2024-10-18,upgrade,Pro,Business,15,49
EVT-006608,CUST-03841,2024-10-18,cancel,Pro,Cancelled,15,0
EVT-006960,CUST-04108,2024-10-18,signup,,Free,0,0
EVT-006970,CUST-04116,2024-10-18,signup,,Free,0,0
EVT-007015,CUST-04153,2024-10-18,signup,,Business,0,49
EVT-007037,CUST-04171,2024-10-18,signup,,Pro,0,15
EVT-007075,CUST-04202,2024-10-18,signup,,Business,0,49
EVT-007098,CUST-04222,2024-10-18,signup,,Pro,0,15
EVT-007223,CUST-04321,2024-10-18,signup,,Pro,0,15
EVT-007242,CUST-04337,2024-10-18,signup,,Enterprise,0,199
EVT-007298,CUST-04380,2024-10-18,signup,,Pro,0,15
EVT-007391,CUST-04452,2024-10-18,signup,,Free,0,0
EVT-007394,CUST-04454,2024-10-18,signup,,Free,0,0
EVT-003091,CUST-01636,2024-10-19,cancel,Pro,Cancelled,15,0
EVT-003132,CUST-01660,2024-10-19,upgrade,Pro,Business,15,49
EVT-003683,CUST-01985,2024-10-19,upgrade,Pro,Business,15,49
EVT-004094,CUST-02220,2024-10-19,cancel,Pro,Cancelled,15,0
EVT-004226,CUST-02300,2024-10-19,upgrade,Pro,Business,15,49
EVT-005234,CUST-02919,2024-10-19,cancel,Free,Cancelled,0,0
EVT-005339,CUST-02988,2024-10-19,upgrade,Free,Pro,0,15
EVT-005920,CUST-03373,2024-10-19,cancel,Pro,Cancelled,15,0
EVT-006135,CUST-03515,2024-10-19,cancel,Free,Cancelled,0,0
EVT-006256,CUST-03604,2024-10-19,upgrade,Pro,Business,15,49
EVT-006319,CUST-03643,2024-10-19,cancel,Free,Cancelled,0,0
EVT-006961,CUST-04109,2024-10-19,signup,,Free,0,0
EVT-006964,CUST-04112,2024-10-19,signup,,Pro,0,15
EVT-006981,CUST-04127,2024-10-19,signup,,Pro,0,15
EVT-007002,CUST-04142,2024-10-19,signup,,Free,0,0
EVT-007032,CUST-04166,2024-10-19,signup,,Free,0,0
EVT-007052,CUST-04183,2024-10-19,signup,,Free,0,0
EVT-007069,CUST-04198,2024-10-19,signup,,Free,0,0
EVT-007102,CUST-04225,2024-10-19,signup,,Pro,0,15
EVT-007139,CUST-04253,2024-10-19,signup,,Business,0,49
EVT-007153,CUST-04264,2024-10-19,signup,,Free,0,0
EVT-007217,CUST-04316,2024-10-19,signup,,Enterprise,0,199
EVT-007252,CUST-04345,2024-10-19,signup,,Free,0,0
EVT-007269,CUST-04358,2024-10-19,signup,,Free,0,0
EVT-007287,CUST-04371,2024-10-19,signup,,Pro,0,15
EVT-007293,CUST-04376,2024-10-19,signup,,Free,0,0
EVT-007336,CUST-04409,2024-10-19,signup,,Pro,0,15
EVT-007337,CUST-04410,2024-10-19,signup,,Free,0,0
EVT-007343,CUST-04414,2024-10-19,signup,,Business,0,49
EVT-007367,CUST-04433,2024-10-19,signup,,Free,0,0
EVT-007383,CUST-04445,2024-10-19,signup,,Free,0,0
EVT-007408,CUST-04464,2024-10-19,signup,,Free,0,0
EVT-003570,CUST-01915,2024-10-20,cancel,Business,Cancelled,49,0
EVT-003800,CUST-02048,2024-10-20,cancel,Pro,Cancelled,15,0
EVT-003887,CUST-02102,2024-10-20,downgrade,Pro,Free,15,0
EVT-004312,CUST-02354,2024-10-20,cancel,Free,Cancelled,0,0
EVT-004773,CUST-02637,2024-10-20,upgrade,Pro,Business,15,49
EVT-006141,CUST-03519,2024-10-20,cancel,Pro,Cancelled,15,0
EVT-006181,CUST-03548,2024-10-20,cancel,Enterprise,Cancelled,199,0
EVT-006822,CUST-04009,2024-10-20,cancel,Free,Cancelled,0,0
EVT-006952,CUST-04101,2024-10-20,cancel,Free,Cancelled,0,0
EVT-006997,CUST-04138,2024-10-20,signup,,Pro,0,15
EVT-007003,CUST-04143,2024-10-20,signup,,Pro,0,15
EVT-007071,CUST-04199,2024-10-20,signup,,Free,0,0
EVT-007099,CUST-04223,2024-10-20,signup,,Free,0,0
EVT-007117,CUST-04238,2024-10-20,signup,,Free,0,0
EVT-007125,CUST-04243,2024-10-20,signup,,Free,0,0
EVT-007131,CUST-04247,2024-10-20,signup,,Pro,0,15
EVT-007204,CUST-04305,2024-10-20,signup,,Business,0,49
EVT-007237,CUST-04332,2024-10-20,signup,,Pro,0,15
EVT-007255,CUST-04347,2024-10-20,signup,,Free,0,0
EVT-007279,CUST-04365,2024-10-20,signup,,Pro,0,15
EVT-007317,CUST-04393,2024-10-20,signup,,Free,0,0
EVT-007325,CUST-04401,2024-10-20,signup,,Free,0,0
EVT-007371,CUST-04436,2024-10-20,signup,,Pro,0,15
EVT-007387,CUST-04448,2024-10-20,signup,,Free,0,0
EVT-000192,CUST-00097,2024-10-21,cancel,Business,Cancelled,49,0
EVT-004873,CUST-02697,2024-10-21,cancel,Pro,Cancelled,15,0
EVT-005222,CUST-02912,2024-10-21,cancel,Pro,Cancelled,15,0
EVT-005236,CUST-02920,2024-10-21,cancel,Free,Cancelled,0,0
EVT-005830,CUST-03314,2024-10-21,upgrade,Free,Pro,0,15
EVT-005877,CUST-03346,2024-10-21,cancel,Free,Cancelled,0,0
EVT-005928,CUST-03379,2024-10-21,upgrade,Pro,Business,15,49
EVT-006154,CUST-03530,2024-10-21,cancel,Free,Cancelled,0,0
EVT-006598,CUST-03835,2024-10-21,cancel,Enterprise,Cancelled,199,0
EVT-006963,CUST-04111,2024-10-21,signup,,Pro,0,15
EVT-007048,CUST-04180,2024-10-21,signup,,Pro,0,15
EVT-007072,CUST-04200,2024-10-21,signup,,Free,0,0
EVT-007130,CUST-04246,2024-10-21,signup,,Pro,0,15
EVT-007145,CUST-04258,2024-10-21,signup,,Free,0,0
EVT-007194,CUST-04297,2024-10-21,signup,,Free,0,0
EVT-007201,CUST-04302,2024-10-21,signup,,Free,0,0
EVT-007231,CUST-04327,2024-10-21,signup,,Pro,0,15
EVT-007257,CUST-04348,2024-10-21,signup,,Free,0,0
EVT-007392,CUST-04453,2024-10-21,signup,,Free,0,0
EVT-007401,CUST-04458,2024-10-21,signup,,Free,0,0
EVT-007419,CUST-04471,2024-10-21,signup,,Pro,0,15
EVT-002067,CUST-01076,2024-10-22,cancel,Pro,Cancelled,15,0
EVT-004299,CUST-02345,2024-10-22,cancel,Pro,Cancelled,15,0
EVT-004345,CUST-02372,2024-10-22,cancel,Pro,Cancelled,15,0
EVT-006080,CUST-03480,2024-10-22,upgrade,Free,Pro,0,15
EVT-006820,CUST-04008,2024-10-22,cancel,Free,Cancelled,0,0
EVT-007009,CUST-04147,2024-10-22,signup,,Pro,0,15
EVT-007043,CUST-04176,2024-10-22,signup,,Free,0,0
EVT-007050,CUST-04182,2024-10-22,signup,,Pro,0,15
EVT-007059,CUST-04189,2024-10-22,signup,,Business,0,49
EVT-007064,CUST-04194,2024-10-22,signup,,Pro,0,15
EVT-007065,CUST-04195,2024-10-22,signup,,Pro,0,15
EVT-007080,CUST-04206,2024-10-22,signup,,Pro,0,15
EVT-007082,CUST-04208,2024-10-22,signup,,Free,0,0
EVT-007190,CUST-04294,2024-10-22,signup,,Pro,0,15
EVT-007193,CUST-04296,2024-10-22,signup,,Pro,0,15
EVT-007199,CUST-04301,2024-10-22,signup,,Free,0,0
EVT-007239,CUST-04334,2024-10-22,signup,,Free,0,0
EVT-007295,CUST-04378,2024-10-22,signup,,Pro,0,15
EVT-007350,CUST-04420,2024-10-22,signup,,Free,0,0
EVT-007373,CUST-04438,2024-10-22,signup,,Pro,0,15
EVT-007388,CUST-04449,2024-10-22,signup,,Free,0,0
EVT-001120,CUST-00572,2024-10-23,cancel,Free,Cancelled,0,0
EVT-001311,CUST-00674,2024-10-23,downgrade,Business,Pro,49,15
EVT-002388,CUST-01250,2024-10-23,cancel,Free,Cancelled,0,0
EVT-003975,CUST-02151,2024-10-23,upgrade,Pro,Business,15,49
EVT-004808,CUST-02658,2024-10-23,cancel,Free,Cancelled,0,0
EVT-004841,CUST-02676,2024-10-23,cancel,Pro,Cancelled,15,0
EVT-004905,CUST-02717,2024-10-23,upgrade,Business,Enterprise,49,199
EVT-005795,CUST-03288,2024-10-23,upgrade,Pro,Business,15,49
EVT-005911,CUST-03368,2024-10-23,cancel,Free,Cancelled,0,0
EVT-006111,CUST-03499,2024-10-23,cancel,Pro,Cancelled,15,0
EVT-006309,CUST-03637,2024-10-23,upgrade,Pro,Business,15,49
EVT-006327,CUST-03650,2024-10-23,cancel,Free,Cancelled,0,0
EVT-006374,CUST-03681,2024-10-23,cancel,Pro,Cancelled,15,0
EVT-006495,CUST-03764,2024-10-23,upgrade,Free,Pro,0,15
EVT-006845,CUST-04026,2024-10-23,cancel,Free,Cancelled,0,0
EVT-006907,CUST-04071,2024-10-23,cancel,Pro,Cancelled,15,0
EVT-007012,CUST-04150,2024-10-23,signup,,Business,0,49
EVT-007014,CUST-04152,2024-10-23,signup,,Free,0,0
EVT-007039,CUST-04173,2024-10-23,signup,,Business,0,49
EVT-007046,CUST-04178,2024-10-23,signup,,Free,0,0
EVT-007056,CUST-04187,2024-10-23,signup,,Free,0,0
EVT-007093,CUST-04217,2024-10-23,signup,,Pro,0,15
EVT-007106,CUST-04229,2024-10-23,signup,,Pro,0,15
EVT-007170,CUST-04277,2024-10-23,signup,,Free,0,0
EVT-007174,CUST-04280,2024-10-23,signup,,Business,0,49
EVT-007306,CUST-04386,2024-10-23,signup,,Pro,0,15
EVT-007329,CUST-04403,2024-10-23,signup,,Free,0,0
EVT-007364,CUST-04431,2024-10-23,signup,,Free,0,0
EVT-001776,CUST-00918,2024-10-24,cancel,Free,Cancelled,0,0
EVT-001790,CUST-00925,2024-10-24,cancel,Free,Cancelled,0,0
EVT-003795,CUST-02045,2024-10-24,cancel,Free,Cancelled,0,0
EVT-004506,CUST-02471,2024-10-24,cancel,Pro,Cancelled,15,0
EVT-005440,CUST-03053,2024-10-24,cancel,Pro,Cancelled,15,0
EVT-006419,CUST-03711,2024-10-24,cancel,Free,Cancelled,0,0
EVT-006498,CUST-03765,2024-10-24,cancel,Free,Cancelled,0,0
EVT-006780,CUST-03975,2024-10-24,downgrade,Pro,Free,15,0
EVT-006841,CUST-04024,2024-10-24,cancel,Pro,Cancelled,15,0
EVT-006959,CUST-04107,2024-10-24,signup,,Business,0,49
EVT-006966,CUST-04113,2024-10-24,signup,,Free,0,0
EVT-006976,CUST-04122,2024-10-24,signup,,Business,0,49
EVT-006977,CUST-04123,2024-10-24,signup,,Free,0,0
EVT-006993,CUST-04136,2024-10-24,signup,,Free,0,0
EVT-007019,CUST-04156,2024-10-24,signup,,Pro,0,15
EVT-007053,CUST-04184,2024-10-24,signup,,Business,0,49
EVT-007074,CUST-04201,2024-10-24,signup,,Free,0,0
EVT-007090,CUST-04215,2024-10-24,signup,,Pro,0,15
EVT-007112,CUST-04235,2024-10-24,signup,,Free,0,0
EVT-007137,CUST-04252,2024-10-24,signup,,Pro,0,15
EVT-007163,CUST-04271,2024-10-24,signup,,Pro,0,15
EVT-007182,CUST-04288,2024-10-24,signup,,Free,0,0
EVT-007249,CUST-04343,2024-10-24,signup,,Pro,0,15
EVT-007250,CUST-04344,2024-10-24,signup,,Free,0,0
EVT-007265,CUST-04354,2024-10-24,signup,,Free,0,0
EVT-007345,CUST-04416,2024-10-24,signup,,Pro,0,15
EVT-007395,CUST-04455,2024-10-24,signup,,Free,0,0
EVT-000556,CUST-00283,2024-10-25,upgrade,Pro,Business,15,49
EVT-000787,CUST-00400,2024-10-25,cancel,Pro,Cancelled,15,0
EVT-002952,CUST-01558,2024-10-25,cancel,Pro,Cancelled,15,0
EVT-005600,CUST-03156,2024-10-25,cancel,Business,Cancelled,49,0
EVT-005977,CUST-03411,2024-10-25,cancel,Pro,Cancelled,15,0
EVT-006058,CUST-03464,2024-10-25,downgrade,Pro,Free,15,0
EVT-006137,CUST-03516,2024-10-25,upgrade,Free,Pro,0,15
EVT-006280,CUST-03621,2024-10-25,upgrade,Free,Pro,0,15
EVT-006761,CUST-03962,2024-10-25,cancel,Pro,Cancelled,15,0
EVT-007006,CUST-04145,2024-10-25,signup,,Free,0,0
EVT-007017,CUST-04155,2024-10-25,signup,,Pro,0,15
EVT-007023,CUST-04159,2024-10-25,signup,,Pro,0,15
EVT-007027,CUST-04161,2024-10-25,signup,,Free,0,0
EVT-007044,CUST-04177,2024-10-25,signup,,Free,0,0
EVT-007114,CUST-04237,2024-10-25,signup,,Free,0,0
EVT-007152,CUST-04263,2024-10-25,signup,,Business,0,49
EVT-007161,CUST-04270,2024-10-25,signup,,Pro,0,15
EVT-007192,CUST-04295,2024-10-25,signup,,Pro,0,15
EVT-007198,CUST-04300,2024-10-25,signup,,Free,0,0
EVT-007222,CUST-04320,2024-10-25,signup,,Free,0,0
EVT-007320,CUST-04396,2024-10-25,signup,,Free,0,0
EVT-007324,CUST-04400,2024-10-25,signup,,Pro,0,15
EVT-007346,CUST-04417,2024-10-25,signup,,Pro,0,15
EVT-007357,CUST-04425,2024-10-25,signup,,Free,0,0
EVT-002554,CUST-01340,2024-10-26,upgrade,Pro,Business,15,49
EVT-002751,CUST-01446,2024-10-26,cancel,Business,Cancelled,49,0
EVT-003154,CUST-01670,2024-10-26,downgrade,Pro,Free,15,0
EVT-003468,CUST-01854,2024-10-26,downgrade,Pro,Free,15,0
EVT-005341,CUST-02989,2024-10-26,downgrade,Pro,Free,15,0
EVT-005933,CUST-03382,2024-10-26,cancel,Free,Cancelled,0,0
EVT-006167,CUST-03539,2024-10-26,cancel,Free,Cancelled,0,0
EVT-006695,CUST-03912,2024-10-26,cancel,Free,Cancelled,0,0
EVT-006957,CUST-04105,2024-10-26,signup,,Pro,0,15
EVT-006979,CUST-04125,2024-10-26,signup,,Free,0,0
EVT-006980,CUST-04126,2024-10-26,signup,,Pro,0,15
EVT-007033,CUST-04167,2024-10-26,signup,,Free,0,0
EVT-007067,CUST-04196,2024-10-26,signup,,Free,0,0
EVT-007084,CUST-04210,2024-10-26,signup,,Business,0,49
EVT-007150,CUST-04262,2024-10-26,signup,,Free,0,0
EVT-007210,CUST-04310,2024-10-26,signup,,Free,0,0
EVT-007221,CUST-04319,2024-10-26,signup,,Free,0,0
EVT-007227,CUST-04325,2024-10-26,signup,,Pro,0,15
EVT-007299,CUST-04381,2024-10-26,signup,,Free,0,0
EVT-007300,CUST-04382,2024-10-26,signup,,Pro,0,15
EVT-007319,CUST-04395,2024-10-26,signup,,Pro,0,15
EVT-007331,CUST-04405,2024-10-26,signup,,Pro,0,15
EVT-007342,CUST-04413,2024-10-26,signup,,Pro,0,15
EVT-007348,CUST-04419,2024-10-26,signup,,Free,0,0
EVT-007412,CUST-04467,2024-10-26,signup,,Free,0,0
EVT-001622,CUST-00835,2024-10-27,downgrade,Pro,Free,15,0
EVT-004191,CUST-02278,2024-10-27,upgrade,Pro,Business,15,49
EVT-006089,CUST-03486,2024-10-27,cancel,Free,Cancelled,0,0
EVT-006202,CUST-03564,2024-10-27,cancel,Free,Cancelled,0,0
EVT-006417,CUST-03710,2024-10-27,upgrade,Free,Pro,0,15
EVT-006564,CUST-03811,2024-10-27,upgrade,Free,Pro,0,15
EVT-006954,CUST-04102,2024-10-27,upgrade,Pro,Business,15,49
EVT-006990,CUST-04134,2024-10-27,signup,,Enterprise,0,199
EVT-007097,CUST-04221,2024-10-27,signup,,Pro,0,15
EVT-007195,CUST-04298,2024-10-27,signup,,Pro,0,15
EVT-007275,CUST-04362,2024-10-27,signup,,Free,0,0
EVT-007323,CUST-04399,2024-10-27,signup,,Free,0,0
EVT-007327,CUST-04402,2024-10-27,signup,,Free,0,0
EVT-007339,CUST-04411,2024-10-27,signup,,Free,0,0
EVT-007416,CUST-04469,2024-10-27,signup,,Pro,0,15
EVT-001373,CUST-00704,2024-11-01,upgrade,Pro,Business,15,49
EVT-001415,CUST-00727,2024-11-01,cancel,Pro,Cancelled,15,0
EVT-005936,CUST-03384,2024-11-01,upgrade,Pro,Business,15,49
EVT-006239,CUST-03592,2024-11-01,upgrade,Business,Enterprise,49,199
EVT-006257,CUST-03604,2024-11-01,cancel,Business,Cancelled,49,0
EVT-006601,CUST-03837,2024-11-01,cancel,Business,Cancelled,49,0
EVT-006738,CUST-03945,2024-11-01,cancel,Free,Cancelled,0,0
EVT-006843,CUST-04025,2024-11-01,cancel,Free,Cancelled,0,0
EVT-007024,CUST-04159,2024-11-01,upgrade,Pro,Business,15,49
EVT-007197,CUST-04299,2024-11-01,cancel,Pro,Cancelled,15,0
EVT-007426,CUST-04477,2024-11-01,signup,,Free,0,0
EVT-007427,CUST-04478,2024-11-01,signup,,Business,0,49
EVT-007440,CUST-04490,2024-11-01,signup,,Pro,0,15
EVT-007470,CUST-04512,2024-11-01,signup,,Business,0,49
EVT-007509,CUST-04548,2024-11-01,signup,,Free,0,0
EVT-007535,CUST-04568,2024-11-01,signup,,Free,0,0
EVT-007545,CUST-04577,2024-11-01,signup,,Pro,0,15
EVT-007547,CUST-04579,2024-11-01,signup,,Free,0,0
EVT-007571,CUST-04599,2024-11-01,signup,,Business,0,49
EVT-007606,CUST-04631,2024-11-01,signup,,Free,0,0
EVT-007609,CUST-04634,2024-11-01,signup,,Free,0,0
EVT-007640,CUST-04662,2024-11-01,signup,,Free,0,0
EVT-007682,CUST-04699,2024-11-01,signup,,Enterprise,0,199
EVT-007689,CUST-04705,2024-11-01,signup,,Pro,0,15
EVT-007707,CUST-04723,2024-11-01,signup,,Pro,0,15
EVT-007714,CUST-04730,2024-11-01,signup,,Business,0,49
EVT-007737,CUST-04746,2024-11-01,signup,,Free,0,0
EVT-007782,CUST-04787,2024-11-01,signup,,Pro,0,15
EVT-007786,CUST-04790,2024-11-01,signup,,Free,0,0
EVT-007794,CUST-04797,2024-11-01,signup,,Free,0,0
EVT-007814,CUST-04814,2024-11-01,signup,,Free,0,0
EVT-003927,CUST-02123,2024-11-02,cancel,Business,Cancelled,49,0
EVT-004658,CUST-02569,2024-11-02,cancel,Free,Cancelled,0,0
EVT-006001,CUST-03427,2024-11-02,cancel,Business,Cancelled,49,0
EVT-006051,CUST-03461,2024-11-02,cancel,Pro,Cancelled,15,0
EVT-006105,CUST-03495,2024-11-02,cancel,Pro,Cancelled,15,0
EVT-006348,CUST-03664,2024-11-02,cancel,Free,Cancelled,0,0
EVT-006480,CUST-03753,2024-11-02,upgrade,Free,Pro,0,15
EVT-006526,CUST-03785,2024-11-02,upgrade,Free,Pro,0,15
EVT-006555,CUST-03805,2024-11-02,cancel,Business,Cancelled,49,0
EVT-006672,CUST-03895,2024-11-02,cancel,Free,Cancelled,0,0
EVT-007022,CUST-04158,2024-11-02,upgrade,Free,Pro,0,15
EVT-007026,CUST-04160,2024-11-02,cancel,Free,Cancelled,0,0
EVT-007185,CUST-04290,2024-11-02,upgrade,Free,Pro,0,15
EVT-007461,CUST-04506,2024-11-02,signup,,Pro,0,15
EVT-007478,CUST-04520,2024-11-02,signup,,Pro,0,15
EVT-007512,CUST-04550,2024-11-02,signup,,Business,0,49
EVT-007534,CUST-04567,2024-11-02,signup,,Pro,0,15
EVT-007537,CUST-04570,2024-11-02,signup,,Free,0,0
EVT-007582,CUST-04609,2024-11-02,signup,,Free,0,0
EVT-007591,CUST-04618,2024-11-02,signup,,Pro,0,15
EVT-007626,CUST-04651,2024-11-02,signup,,Free,0,0
EVT-007642,CUST-04664,2024-11-02,signup,,Pro,0,15
EVT-007716,CUST-04731,2024-11-02,signup,,Free,0,0
EVT-007743,CUST-04751,2024-11-02,signup,,Pro,0,15
EVT-007791,CUST-04795,2024-11-02,signup,,Pro,0,15
EVT-007823,CUST-04822,2024-11-02,signup,,Business,0,49
EVT-007825,CUST-04824,2024-11-02,signup,,Free,0,0
EVT-007837,CUST-04833,2024-11-02,signup,,Enterprise,0,199
EVT-003818,CUST-02059,2024-11-03,cancel,Pro,Cancelled,15,0
EVT-003985,CUST-02156,2024-11-03,cancel,Pro,Cancelled,15,0
EVT-004066,CUST-02202,2024-11-03,cancel,Pro,Cancelled,15,0
EVT-005459,CUST-03064,2024-11-03,cancel,Pro,Cancelled,15,0
EVT-005958,CUST-03400,2024-11-03,cancel,Free,Cancelled,0,0
EVT-006130,CUST-03512,2024-11-03,cancel,Pro,Cancelled,15,0
EVT-006857,CUST-04034,2024-11-03,cancel,Business,Cancelled,49,0
EVT-007477,CUST-04519,2024-11-03,signup,,Business,0,49
EVT-007497,CUST-04537,2024-11-03,signup,,Free,0,0
EVT-007510,CUST-04549,2024-11-03,signup,,Business,0,49
EVT-007531,CUST-04564,2024-11-03,signup,,Enterprise,0,199
EVT-007563,CUST-04592,2024-11-03,signup,,Pro,0,15
EVT-007586,CUST-04613,2024-11-03,signup,,Pro,0,15
EVT-007594,CUST-04621,2024-11-03,signup,,Free,0,0
EVT-007597,CUST-04623,2024-11-03,signup,,Business,0,49
EVT-007619,CUST-04644,2024-11-03,signup,,Enterprise,0,199
EVT-007639,CUST-04661,2024-11-03,signup,,Free,0,0
EVT-007641,CUST-04663,2024-11-03,signup,,Pro,0,15
EVT-007655,CUST-04675,2024-11-03,signup,,Free,0,0
EVT-007679,CUST-04696,2024-11-03,signup,,Business,0,49
EVT-007733,CUST-04743,2024-11-03,signup,,Pro,0,15
EVT-007783,CUST-04788,2024-11-03,signup,,Pro,0,15
EVT-007789,CUST-04793,2024-11-03,signup,,Pro,0,15
EVT-002636,CUST-01384,2024-11-04,upgrade,Free,Pro,0,15
EVT-003390,CUST-01809,2024-11-04,cancel,Business,Cancelled,49,0
EVT-003781,CUST-02038,2024-11-04,cancel,Free,Cancelled,0,0
EVT-004479,CUST-02451,2024-11-04,downgrade,Pro,Free,15,0
EVT-005163,CUST-02876,2024-11-04,downgrade,Business,Pro,49,15
EVT-005179,CUST-02886,2024-11-04,cancel,Pro,Cancelled,15,0
EVT-006777,CUST-03973,2024-11-04,cancel,Free,Cancelled,0,0
EVT-007041,CUST-04174,2024-11-04,upgrade,Free,Pro,0,15
EVT-007254,CUST-04346,2024-11-04,cancel,Pro,Cancelled,15,0
EVT-007262,CUST-04352,2024-11-04,upgrade,Free,Pro,0,15
EVT-007420,CUST-04472,2024-11-04,signup,,Free,0,0
EVT-007442,CUST-04491,2024-11-04,signup,,Free,0,0
EVT-007445,CUST-04493,2024-11-04,signup,,Free,0,0
EVT-007507,CUST-04546,2024-11-04,signup,,Free,0,0
EVT-007508,CUST-04547,2024-11-04,signup,,Pro,0,15
EVT-007538,CUST-04571,2024-11-04,signup,,Free,0,0
EVT-007638,CUST-04660,2024-11-04,signup,,Pro,0,15
EVT-007727,CUST-04740,2024-11-04,signup,,Pro,0,15
EVT-007739,CUST-04747,2024-11-04,signup,,Free,0,0
EVT-007757,CUST-04764,2024-11-04,signup,,Free,0,0
EVT-007847,CUST-04842,2024-11-04,signup,,Pro,0,15
EVT-007860,CUST-04853,2024-11-04,signup,,Free,0,0
EVT-003135,CUST-01661,2024-11-05,cancel,Business,Cancelled,49,0
EVT-003442,CUST-01839,2024-11-05,upgrade,Free,Pro,0,15
EVT-004851,CUST-02683,2024-11-05,downgrade,Business,Pro,49,15
EVT-004870,CUST-02695,2024-11-05,upgrade,Free,Pro,0,15
EVT-005753,CUST-03259,2024-11-05,upgrade,Pro,Business,15,49
EVT-005872,CUST-03343,2024-11-05,cancel,Free,Cancelled,0,0
EVT-006575,CUST-03819,2024-11-05,upgrade,Free,Pro,0,15
EVT-006668,CUST-03892,2024-11-05,downgrade,Pro,Free,15,0
EVT-006808,CUST-03998,2024-11-05,cancel,Pro,Cancelled,15,0
EVT-007018,CUST-04155,2024-11-05,cancel,Pro,Cancelled,15,0
EVT-007476,CUST-04518,2024-11-05,signup,,Business,0,49
EVT-007550,CUST-04581,2024-11-05,signup,,Free,0,0
EVT-007555,CUST-04585,2024-11-05,signup,,Pro,0,15
EVT-007584,CUST-04611,2024-11-05,signup,,Free,0,0
EVT-007612,CUST-04637,2024-11-05,signup,,Free,0,0
EVT-007614,CUST-04639,2024-11-05,signup,,Free,0,0
EVT-007673,CUST-04692,2024-11-05,signup,,Free,0,0
EVT-007680,CUST-04697,2024-11-05,signup,,Pro,0,15
EVT-007695,CUST-04711,2024-11-05,signup,,Pro,0,15
EVT-007706,CUST-04722,2024-11-05,signup,,Pro,0,15
EVT-007802,CUST-04803,2024-11-05,signup,,Pro,0,15
EVT-007810,CUST-04810,2024-11-05,signup,,Pro,0,15
EVT-007859,CUST-04852,2024-11-05,signup,,Free,0,0
EVT-007865,CUST-04856,2024-11-05,signup,,Business,0,49
EVT-002130,CUST-01112,2024-11-06,cancel,Free,Cancelled,0,0
EVT-003042,CUST-01606,2024-11-06,cancel,Pro,Cancelled,15,0
EVT-003479,CUST-01861,2024-11-06,cancel,Business,Cancelled,49,0
EVT-004232,CUST-02304,2024-11-06,cancel,Pro,Cancelled,15,0
EVT-004640,CUST-02558,2024-11-06,upgrade,Pro,Business,15,49
EVT-005405,CUST-03030,2024-11-06,cancel,Pro,Cancelled,15,0
EVT-007413,CUST-04467,2024-11-06,upgrade,Free,Pro,0,15
EVT-007424,CUST-04476,2024-11-06,signup,,Free,0,0
EVT-007475,CUST-04517,2024-11-06,signup,,Pro,0,15
EVT-007494,CUST-04534,2024-11-06,signup,,Free,0,0
EVT-007558,CUST-04588,2024-11-06,signup,,Pro,0,15
EVT-007590,CUST-04617,2024-11-06,signup,,Business,0,49
EVT-007601,CUST-04627,2024-11-06,signup,,Pro,0,15
EVT-007654,CUST-04674,2024-11-06,signup,,Business,0,49
EVT-007660,CUST-04680,2024-11-06,signup,,Free,0,0
EVT-007698,CUST-04714,2024-11-06,signup,,Pro,0,15
EVT-007717,CUST-04732,2024-11-06,signup,,Pro,0,15
EVT-007806,CUST-04807,2024-11-06,signup,,Business,0,49
EVT-007858,CUST-04851,2024-11-06,signup,,Pro,0,15
EVT-001450,CUST-00743,2024-11-07,upgrade,Pro,Business,15,49
EVT-001856,CUST-00962,2024-11-07,upgrade,Free,Pro,0,15
EVT-002848,CUST-01497,2024-11-07,upgrade,Pro,Business,15,49
EVT-004319,CUST-02358,2024-11-07,cancel,Business,Cancelled,49,0
EVT-005010,CUST-02782,2024-11-07,cancel,Free,Cancelled,0,0
EVT-006127,CUST-03510,2024-11-07,upgrade,Free,Pro,0,15
EVT-006341,CUST-03659,2024-11-07,upgrade,Free,Pro,0,15
EVT-006553,CUST-03804,2024-11-07,cancel,Pro,Cancelled,15,0
EVT-006763,CUST-03963,2024-11-07,upgrade,Free,Pro,0,15
EVT-006879,CUST-04050,2024-11-07,cancel,Free,Cancelled,0,0
EVT-007086,CUST-04211,2024-11-07,upgrade,Free,Pro,0,15
EVT-007409,CUST-04464,2024-11-07,upgrade,Free,Pro,0,15
EVT-007457,CUST-04502,2024-11-07,signup,,Pro,0,15
EVT-007489,CUST-04530,2024-11-07,signup,,Pro,0,15
EVT-007532,CUST-04565,2024-11-07,signup,,Pro,0,15
EVT-007572,CUST-04600,2024-11-07,signup,,Pro,0,15
EVT-007587,CUST-04614,2024-11-07,signup,,Enterprise,0,199
EVT-007603,CUST-04629,2024-11-07,signup,,Free,0,0
EVT-007651,CUST-04672,2024-11-07,signup,,Pro,0,15
EVT-007701,CUST-04717,2024-11-07,signup,,Business,0,49
EVT-007778,CUST-04784,2024-11-07,signup,,Free,0,0
EVT-007792,CUST-04796,2024-11-07,signup,,Free,0,0
EVT-007828,CUST-04826,2024-11-07,signup,,Business,0,49
EVT-007829,CUST-04827,2024-11-07,signup,,Free,0,0
EVT-007848,CUST-04843,2024-11-07,signup,,Free,0,0
EVT-007862,CUST-04854,2024-11-07,signup,,Pro,0,15
EVT-003998,CUST-02164,2024-11-08,cancel,Business,Cancelled,49,0
EVT-005671,CUST-03203,2024-11-08,cancel,Free,Cancelled,0,0
EVT-006191,CUST-03556,2024-11-08,upgrade,Pro,Business,15,49
EVT-006638,CUST-03867,2024-11-08,cancel,Free,Cancelled,0,0
EVT-006686,CUST-03906,2024-11-08,cancel,Free,Cancelled,0,0
EVT-006708,CUST-03922,2024-11-08,cancel,Free,Cancelled,0,0
EVT-007151,CUST-04262,2024-11-08,cancel,Free,Cancelled,0,0
EVT-007341,CUST-04412,2024-11-08,cancel,Free,Cancelled,0,0
EVT-007422,CUST-04474,2024-11-08,signup,,Pro,0,15
EVT-007423,CUST-04475,2024-11-08,signup,,Enterprise,0,199
EVT-007430,CUST-04481,2024-11-08,signup,,Free,0,0
EVT-007432,CUST-04483,2024-11-08,signup,,Free,0,0
EVT-007454,CUST-04500,2024-11-08,signup,,Pro,0,15
EVT-007484,CUST-04525,2024-11-08,signup,,Pro,0,15
EVT-007486,CUST-04527,2024-11-08,signup,,Pro,0,15
EVT-007495,CUST-04535,2024-11-08,signup,,Pro,0,15
EVT-007539,CUST-04572,2024-11-08,signup,,Pro,0,15
EVT-007556,CUST-04586,2024-11-08,signup,,Free,0,0
EVT-007578,CUST-04606,2024-11-08,signup,,Pro,0,15
EVT-007620,CUST-04645,2024-11-08,signup,,Pro,0,15
EVT-007632,CUST-04655,2024-11-08,signup,,Business,0,49
EVT-007690,CUST-04706,2024-11-08,signup,,Business,0,49
EVT-007725,CUST-04738,2024-11-08,signup,,Pro,0,15
EVT-007751,CUST-04759,2024-11-08,signup,,Pro,0,15
EVT-007799,CUST-04801,2024-11-08,signup,,Pro,0,15
EVT-000815,CUST-00415,2024-11-09,cancel,Enterprise,Cancelled,199,0
EVT-000927,CUST-00473,2024-11-09,cancel,Business,Cancelled,49,0
EVT-001479,CUST-00760,2024-11-09,cancel,Free,Cancelled,0,0
EVT-002711,CUST-01423,2024-11-09,upgrade,Pro,Business,15,49
EVT-004965,CUST-02756,2024-11-09,cancel,Pro,Cancelled,15,0
EVT-005718,CUST-03235,2024-11-09,downgrade,Pro,Free,15,0
EVT-006924,CUST-04081,2024-11-09,cancel,Free,Cancelled,0,0
EVT-007438,CUST-04488,2024-11-09,signup,,Pro,0,15
EVT-007453,CUST-04499,2024-11-09,signup,,Free,0,0
EVT-007482,CUST-04524,2024-11-09,signup,,Pro,0,15
EVT-007523,CUST-04559,2024-11-09,signup,,Free,0,0
EVT-007549,CUST-04580,2024-11-09,signup,,Pro,0,15
EVT-007574,CUST-04602,2024-11-09,signup,,Free,0,0
EVT-007598,CUST-04624,2024-11-09,signup,,Pro,0,15
EVT-007600,CUST-04626,2024-11-09,signup,,Free,0,0
EVT-007608,CUST-04633,2024-11-09,signup,,Business,0,49
EVT-007630,CUST-04653,2024-11-09,signup,,Pro,0,15
EVT-007705,CUST-04721,2024-11-09,signup,,Pro,0,15
EVT-007708,CUST-04724,2024-11-09,signup,,Enterprise,0,199
EVT-007734,CUST-04744,2024-11-09,signup,,Free,0,0
EVT-007736,CUST-04745,2024-11-09,signup,,Pro,0,15
EVT-007771,CUST-04778,2024-11-09,signup,,Pro,0,15
EVT-007839,CUST-04835,2024-11-09,signup,,Free,0,0
EVT-007850,CUST-04844,2024-11-09,signup,,Pro,0,15
EVT-007867,CUST-04858,2024-11-09,signup,,Business,0,49
EVT-001700,CUST-00877,2024-11-10,cancel,Pro,Cancelled,15,0
EVT-002498,CUST-01311,2024-11-10,cancel,Pro,Cancelled,15,0
EVT-003155,CUST-01670,2024-11-10,cancel,Free,Cancelled,0,0
EVT-003771,CUST-02033,2024-11-10,cancel,Pro,Cancelled,15,0
EVT-003888,CUST-02102,2024-11-10,cancel,Free,Cancelled,0,0
EVT-004364,CUST-02384,2024-11-10,cancel,Pro,Cancelled,15,0
EVT-004446,CUST-02431,2024-11-10,upgrade,Pro,Business,15,49
EVT-004780,CUST-02641,2024-11-10,cancel,Free,Cancelled,0,0
EVT-005777,CUST-03275,2024-11-10,upgrade,Free,Pro,0,15
EVT-005996,CUST-03424,2024-11-10,downgrade,Pro,Free,15,0
EVT-006003,CUST-03428,2024-11-10,downgrade,Pro,Free,15,0
EVT-006178,CUST-03546,2024-11-10,upgrade,Free,Pro,0,15
EVT-006286,CUST-03624,2024-11-10,cancel,Business,Cancelled,49,0
EVT-007272,CUST-04360,2024-11-10,upgrade,Pro,Business,15,49
EVT-007297,CUST-04379,2024-11-10,cancel,Pro,Cancelled,15,0
EVT-007415,CUST-04468,2024-11-10,cancel,Free,Cancelled,0,0
EVT-007434,CUST-04485,2024-11-10,signup,,Pro,0,15
EVT-007458,CUST-04503,2024-11-10,signup,,Free,0,0
EVT-007491,CUST-04532,2024-11-10,signup,,Free,0,0
EVT-007557,CUST-04587,2024-11-10,signup,,Pro,0,15
EVT-007562,CUST-04591,2024-11-10,signup,,Business,0,49
EVT-007564,CUST-04593,2024-11-10,signup,,Enterprise,0,199
EVT-007643,CUST-04665,2024-11-10,signup,,Free,0,0
EVT-007657,CUST-04677,2024-11-10,signup,,Pro,0,15
EVT-007731,CUST-04742,2024-11-10,signup,,Free,0,0
EVT-007747,CUST-04755,2024-11-10,signup,,Free,0,0
EVT-007772,CUST-04779,2024-11-10,signup,,Free,0,0
EVT-002487,CUST-01305,2024-11-11,cancel,Pro,Cancelled,15,0
EVT-003319,CUST-01767,2024-11-11,downgrade,Pro,Free,15,0
EVT-003779,CUST-02037,2024-11-11,cancel,Pro,Cancelled,15,0
EVT-003913,CUST-02115,2024-11-11,cancel,Free,Cancelled,0,0
EVT-006288,CUST-03625,2024-11-11,cancel,Business,Cancelled,49,0
EVT-006659,CUST-03884,2024-11-11,upgrade,Free,Pro,0,15
EVT-006969,CUST-04115,2024-11-11,cancel,Free,Cancelled,0,0
EVT-007066,CUST-04195,2024-11-11,cancel,Pro,Cancelled,15,0
EVT-007462,CUST-04507,2024-11-11,signup,,Free,0,0
EVT-007502,CUST-04541,2024-11-11,signup,,Pro,0,15
EVT-007504,CUST-04543,2024-11-11,signup,,Business,0,49
EVT-007506,CUST-04545,2024-11-11,signup,,Pro,0,15
EVT-007613,CUST-04638,2024-11-11,signup,,Free,0,0
EVT-007652,CUST-04673,2024-11-11,signup,,Free,0,0
EVT-007666,CUST-04685,2024-11-11,signup,,Free,0,0
EVT-007762,CUST-04769,2024-11-11,signup,,Business,0,49
EVT-007766,CUST-04773,2024-11-11,signup,,Pro,0,15
EVT-007820,CUST-04819,2024-11-11,signup,,Pro,0,15
EVT-007866,CUST-04857,2024-11-11,signup,,Pro,0,15
EVT-004046,CUST-02189,2024-11-12,upgrade,Pro,Business,15,49
EVT-006897,CUST-04063,2024-11-12,cancel,Business,Cancelled,49,0
EVT-007057,CUST-04187,2024-11-12,upgrade,Free,Pro,0,15
EVT-007115,CUST-04237,2024-11-12,upgrade,Free,Pro,0,15
EVT-007360,CUST-04427,2024-11-12,cancel,Pro,Cancelled,15,0
EVT-007448,CUST-04496,2024-11-12,signup,,Free,0,0
EVT-007479,CUST-04521,2024-11-12,signup,,Free,0,0
EVT-007487,CUST-04528,2024-11-12,signup,,Free,0,0
EVT-007536,CUST-04569,2024-11-12,signup,,Free,0,0
EVT-007605,CUST-04630,2024-11-12,signup,,Pro,0,15
EVT-007623,CUST-04648,2024-11-12,signup,,Free,0,0
EVT-007628,CUST-04652,2024-11-12,signup,,Pro,0,15
EVT-007649,CUST-04670,2024-11-12,signup,,Free,0,0
EVT-007658,CUST-04678,2024-11-12,signup,,Pro,0,15
EVT-007687,CUST-04703,2024-11-12,signup,,Pro,0,15
EVT-007790,CUST-04794,2024-11-12,signup,,Business,0,49
EVT-007812,CUST-04812,2024-11-12,signup,,Free,0,0
EVT-007816,CUST-04816,2024-11-12,signup,,Pro,0,15
EVT-007821,CUST-04820,2024-11-12,signup,,Pro,0,15
EVT-007841,CUST-04837,2024-11-12,signup,,Free,0,0
EVT-007842,CUST-04838,2024-11-12,signup,,Free,0,0
EVT-001563,CUST-00803,2024-11-13,downgrade,Pro,Free,15,0
EVT-002293,CUST-01200,2024-11-13,cancel,Free,Cancelled,0,0
EVT-002961,CUST-01562,2024-11-13,cancel,Pro,Cancelled,15,0
EVT-003553,CUST-01904,2024-11-13,downgrade,Pro,Free,15,0
EVT-005148,CUST-02868,2024-11-13,cancel,Pro,Cancelled,15,0
EVT-005742,CUST-03250,2024-11-13,cancel,Free,Cancelled,0,0
EVT-006075,CUST-03477,2024-11-13,upgrade,Free,Pro,0,15
EVT-006084,CUST-03482,2024-11-13,upgrade,Free,Pro,0,15
EVT-007128,CUST-04244,2024-11-13,cancel,Free,Cancelled,0,0
EVT-007459,CUST-04504,2024-11-13,signup,,Pro,0,15
EVT-007485,CUST-04526,2024-11-13,signup,,Free,0,0
EVT-007592,CUST-04619,2024-11-13,signup,,Pro,0,15
EVT-007677,CUST-04695,2024-11-13,signup,,Free,0,0
EVT-007683,CUST-04700,2024-11-13,signup,,Free,0,0
EVT-007688,CUST-04704,2024-11-13,signup,,Enterprise,0,199
EVT-007696,CUST-04712,2024-11-13,signup,,Free,0,0
EVT-007709,CUST-04725,2024-11-13,signup,,Free,0,0
EVT-007723,CUST-04737,2024-11-13,signup,,Free,0,0
EVT-007763,CUST-04770,2024-11-13,signup,,Pro,0,15
EVT-007838,CUST-04834,2024-11-13,signup,,Pro,0,15
EVT-007840,CUST-04836,2024-11-13,signup,,Free,0,0
EVT-007868,CUST-04859,2024-11-13,signup,,Free,0,0
EVT-003561,CUST-01909,2024-11-14,upgrade,Pro,Business,15,49
EVT-004296,CUST-02343,2024-11-14,cancel,Business,Cancelled,49,0
EVT-005639,CUST-03180,2024-11-14,cancel,Free,Cancelled,0,0
EVT-005732,CUST-03244,2024-11-14,upgrade,Pro,Business,15,49
EVT-006147,CUST-03524,2024-11-14,cancel,Free,Cancelled,0,0
EVT-006775,CUST-03972,2024-11-14,cancel,Business,Cancelled,49,0
EVT-006921,CUST-04079,2024-11-14,cancel,Free,Cancelled,0,0
EVT-007467,CUST-04510,2024-11-14,signup,,Free,0,0
EVT-007503,CUST-04542,2024-11-14,signup,,Enterprise,0,199
EVT-007540,CUST-04573,2024-11-14,signup,,Free,0,0
EVT-007573,CUST-04601,2024-11-14,signup,,Free,0,0
EVT-007575,CUST-04603,2024-11-14,signup,,Pro,0,15
EVT-007610,CUST-04635,2024-11-14,signup,,Business,0,49
EVT-007675,CUST-04693,2024-11-14,signup,,Pro,0,15
EVT-007685,CUST-04701,2024-11-14,signup,,Free,0,0
EVT-007694,CUST-04710,2024-11-14,signup,,Pro,0,15
EVT-007712,CUST-04728,2024-11-14,signup,,Enterprise,0,199
EVT-007750,CUST-04758,2024-11-14,signup,,Pro,0,15
EVT-007752,CUST-04760,2024-11-14,signup,,Free,0,0
EVT-007759,CUST-04766,2024-11-14,signup,,Pro,0,15
EVT-007769,CUST-04776,2024-11-14,signup,,Free,0,0
EVT-007834,CUST-04830,2024-11-14,signup,,Pro,0,15
EVT-002623,CUST-01376,2024-11-15,cancel,Business,Cancelled,49,0
EVT-005393,CUST-03023,2024-11-15,cancel,Pro,Cancelled,15,0
EVT-005737,CUST-03247,2024-11-15,cancel,Free,Cancelled,0,0
EVT-005773,CUST-03273,2024-11-15,cancel,Free,Cancelled,0,0
EVT-005915,CUST-03370,2024-11-15,upgrade,Pro,Business,15,49
EVT-005975,CUST-03410,2024-11-15,cancel,Pro,Cancelled,15,0
EVT-006784,CUST-03977,2024-11-15,cancel,Business,Cancelled,49,0
EVT-007234,CUST-04329,2024-11-15,upgrade,Free,Pro,0,15
EVT-007352,CUST-04421,2024-11-15,cancel,Free,Cancelled,0,0
EVT-007446,CUST-04494,2024-11-15,signup,,Free,0,0
EVT-007498,CUST-04538,2024-11-15,signup,,Pro,0,15
EVT-007579,CUST-04607,2024-11-15,signup,,Free,0,0
EVT-007599,CUST-04625,2024-11-15,signup,,Free,0,0
EVT-007615,CUST-04640,2024-11-15,signup,,Free,0,0
EVT-007621,CUST-04646,2024-11-15,signup,,Enterprise,0,199
EVT-007676,CUST-04694,2024-11-15,signup,,Business,0,49
EVT-007686,CUST-04702,2024-11-15,signup,,Free,0,0
EVT-007711,CUST-04727,2024-11-15,signup,,Free,0,0
EVT-007719,CUST-04734,2024-11-15,signup,,Free,0,0
EVT-007765,CUST-04772,2024-11-15,signup,,Free,0,0
EVT-007803,CUST-04804,2024-11-15,signup,,Free,0,0
EVT-005243,CUST-02924,2024-11-16,cancel,Free,Cancelled,0,0
EVT-005608,CUST-03162,2024-11-16,cancel,Free,Cancelled,0,0
EVT-005904,CUST-03364,2024-11-16,upgrade,Free,Pro,0,15
EVT-006043,CUST-03457,2024-11-16,cancel,Free,Cancelled,0,0
EVT-006496,CUST-03764,2024-11-16,cancel,Pro,Cancelled,15,0
EVT-006516,CUST-03777,2024-11-16,cancel,Pro,Cancelled,15,0
EVT-006605,CUST-03840,2024-11-16,downgrade,Pro,Free,15,0
EVT-006919,CUST-04078,2024-11-16,cancel,Free,Cancelled,0,0
EVT-007157,CUST-04266,2024-11-16,upgrade,Free,Pro,0,15
EVT-007384,CUST-04445,2024-11-16,cancel,Free,Cancelled,0,0
EVT-007439,CUST-04489,2024-11-16,signup,,Free,0,0
EVT-007474,CUST-04516,2024-11-16,signup,,Enterprise,0,199
EVT-007529,CUST-04563,2024-11-16,signup,,Free,0,0
EVT-007543,CUST-04575,2024-11-16,signup,,Business,0,49
EVT-007577,CUST-04605,2024-11-16,signup,,Free,0,0
EVT-007618,CUST-04643,2024-11-16,signup,,Pro,0,15
EVT-007622,CUST-04647,2024-11-16,signup,,Free,0,0
EVT-007634,CUST-04657,2024-11-16,signup,,Pro,0,15
EVT-007644,CUST-04666,2024-11-16,signup,,Pro,0,15
EVT-007646,CUST-04667,2024-11-16,signup,,Pro,0,15
EVT-007662,CUST-04682,2024-11-16,signup,,Pro,0,15
EVT-007667,CUST-04686,2024-11-16,signup,,Free,0,0
EVT-007693,CUST-04709,2024-11-16,signup,,Free,0,0
EVT-007761,CUST-04768,2024-11-16,signup,,Pro,0,15
EVT-007774,CUST-04780,2024-11-16,signup,,Pro,0,15
EVT-007784,CUST-04789,2024-11-16,signup,,Free,0,0
EVT-007788,CUST-04792,2024-11-16,signup,,Free,0,0
EVT-007795,CUST-04798,2024-11-16,signup,,Pro,0,15
EVT-007856,CUST-04849,2024-11-16,signup,,Free,0,0
EVT-002773,CUST-01458,2024-11-17,cancel,Pro,Cancelled,15,0
EVT-005442,CUST-03054,2024-11-17,cancel,Free,Cancelled,0,0
EVT-006989,CUST-04133,2024-11-17,upgrade,Pro,Business,15,49
EVT-007051,CUST-04182,2024-11-17,cancel,Pro,Cancelled,15,0
EVT-007220,CUST-04318,2024-11-17,cancel,Free,Cancelled,0,0
EVT-007435,CUST-04486,2024-11-17,signup,,Enterprise,0,199
EVT-007443,CUST-04492,2024-11-17,signup,,Free,0,0
EVT-007464,CUST-04508,2024-11-17,signup,,Free,0,0
EVT-007520,CUST-04557,2024-11-17,signup,,Pro,0,15
EVT-007525,CUST-04560,2024-11-17,signup,,Free,0,0
EVT-007528,CUST-04562,2024-11-17,signup,,Pro,0,15
EVT-007560,CUST-04590,2024-11-17,signup,,Free,0,0
EVT-007568,CUST-04597,2024-11-17,signup,,Business,0,49
EVT-007726,CUST-04739,2024-11-17,signup,,Free,0,0
EVT-007758,CUST-04765,2024-11-17,signup,,Pro,0,15
EVT-007811,CUST-04811,2024-11-17,signup,,Pro,0,15
EVT-007831,CUST-04828,2024-11-17,signup,,Pro,0,15
EVT-007846,CUST-04841,2024-11-17,signup,,Pro,0,15
EVT-002509,CUST-01317,2024-11-18,cancel,Pro,Cancelled,15,0
EVT-004113,CUST-02233,2024-11-18,cancel,Free,Cancelled,0,0
EVT-005929,CUST-03379,2024-11-18,cancel,Business,Cancelled,49,0
EVT-006237,CUST-03591,2024-11-18,upgrade,Pro,Business,15,49
EVT-006716,CUST-03928,2024-11-18,cancel,Free,Cancelled,0,0
EVT-006927,CUST-04083,2024-11-18,cancel,Pro,Cancelled,15,0
EVT-007045,CUST-04177,2024-11-18,cancel,Free,Cancelled,0,0
EVT-007305,CUST-04385,2024-11-18,cancel,Pro,Cancelled,15,0
EVT-007429,CUST-04480,2024-11-18,signup,,Free,0,0
EVT-007436,CUST-04487,2024-11-18,signup,,Pro,0,15
EVT-007473,CUST-04515,2024-11-18,signup,,Free,0,0
EVT-007500,CUST-04540,2024-11-18,signup,,Free,0,0
EVT-007513,CUST-04551,2024-11-18,signup,,Free,0,0
EVT-007567,CUST-04596,2024-11-18,signup,,Pro,0,15
EVT-007569,CUST-04598,2024-11-18,signup,,Free,0,0
EVT-007699,CUST-04715,2024-11-18,signup,,Free,0,0
EVT-007748,CUST-04756,2024-11-18,signup,,Pro,0,15
EVT-007835,CUST-04831,2024-11-18,signup,,Pro,0,15
EVT-002872,CUST-01512,2024-11-19,cancel,Business,Cancelled,49,0
EVT-004689,CUST-02587,2024-11-19,cancel,Pro,Cancelled,15,0
EVT-005167,CUST-02878,2024-11-19,cancel,Pro,Cancelled,15,0
EVT-007302,CUST-04383,2024-11-19,cancel,Free,Cancelled,0,0
EVT-007433,CUST-04484,2024-11-19,signup,,Free,0,0
EVT-007447,CUST-04495,2024-11-19,signup,,Pro,0,15
EVT-007450,CUST-04497,2024-11-19,signup,,Free,0,0
EVT-007471,CUST-04513,2024-11-19,signup,,Pro,0,15
EVT-007517,CUST-04555,2024-11-19,signup,,Free,0,0
EVT-007518,CUST-04556,2024-11-19,signup,,Free,0,0
EVT-007576,CUST-04604,2024-11-19,signup,,Pro,0,15
EVT-007633,CUST-04656,2024-11-19,signup,,Free,0,0
EVT-007668,CUST-04687,2024-11-19,signup,,Free,0,0
EVT-007672,CUST-04691,2024-11-19,signup,,Free,0,0
EVT-007692,CUST-04708,2024-11-19,signup,,Pro,0,15
EVT-007740,CUST-04748,2024-11-19,signup,,Free,0,0
EVT-007745,CUST-04753,2024-11-19,signup,,Free,0,0
EVT-007749,CUST-04757,2024-11-19,signup,,Business,0,49
EVT-007807,CUST-04808,2024-11-19,signup,,Free,0,0
EVT-000855,CUST-00435,2024-11-20,cancel,Free,Cancelled,0,0
EVT-001060,CUST-00542,2024-11-20,cancel,Pro,Cancelled,15,0
EVT-002379,CUST-01245,2024-11-20,cancel,Pro,Cancelled,15,0
EVT-005265,CUST-02938,2024-11-20,cancel,Pro,Cancelled,15,0
EVT-005386,CUST-03018,2024-11-20,cancel,Free,Cancelled,0,0
EVT-006410,CUST-03705,2024-11-20,upgrade,Free,Pro,0,15
EVT-007490,CUST-04531,2024-11-20,signup,,Business,0,49
EVT-007499,CUST-04539,2024-11-20,signup,,Enterprise,0,199
EVT-007514,CUST-04552,2024-11-20,signup,,Free,0,0
EVT-007542,CUST-04574,2024-11-20,signup,,Free,0,0
EVT-007552,CUST-04582,2024-11-20,signup,,Pro,0,15
EVT-007625,CUST-04650,2024-11-20,signup,,Free,0,0
EVT-007681,CUST-04698,2024-11-20,signup,,Pro,0,15
EVT-007703,CUST-04719,2024-11-20,signup,,Pro,0,15
EVT-007722,CUST-04736,2024-11-20,signup,,Free,0,0
EVT-007754,CUST-04762,2024-11-20,signup,,Pro,0,15
EVT-007779,CUST-04785,2024-11-20,signup,,Free,0,0
EVT-007804,CUST-04805,2024-11-20,signup,,Free,0,0
EVT-007815,CUST-04815,2024-11-20,signup,,Free,0,0
EVT-007818,CUST-04818,2024-11-20,signup,,Pro,0,15
EVT-003034,CUST-01601,2024-11-21,downgrade,Pro,Free,15,0
EVT-004511,CUST-02473,2024-11-21,cancel,Pro,Cancelled,15,0
EVT-007124,CUST-04242,2024-11-21,cancel,Free,Cancelled,0,0
EVT-007162,CUST-04270,2024-11-21,cancel,Pro,Cancelled,15,0
EVT-007421,CUST-04473,2024-11-21,signup,,Free,0,0
EVT-007460,CUST-04505,2024-11-21,signup,,Business,0,49
EVT-007521,CUST-04558,2024-11-21,signup,,Free,0,0
EVT-007617,CUST-04642,2024-11-21,signup,,Pro,0,15
EVT-007661,CUST-04681,2024-11-21,signup,,Business,0,49
EVT-007663,CUST-04683,2024-11-21,signup,,Pro,0,15
EVT-007702,CUST-04718,2024-11-21,signup,,Free,0,0
EVT-007741,CUST-04749,2024-11-21,signup,,Free,0,0
EVT-007764,CUST-04771,2024-11-21,signup,,Free,0,0
EVT-007768,CUST-04775,2024-11-21,signup,,Free,0,0
EVT-007775,CUST-04781,2024-11-21,signup,,Free,0,0
EVT-007776,CUST-04782,2024-11-21,signup,,Free,0,0
EVT-007780,CUST-04786,2024-11-21,signup,,Pro,0,15
EVT-007796,CUST-04799,2024-11-21,signup,,Pro,0,15
EVT-007832,CUST-04829,2024-11-21,signup,,Pro,0,15
EVT-007844,CUST-04839,2024-11-21,signup,,Pro,0,15
EVT-007857,CUST-04850,2024-11-21,signup,,Free,0,0
EVT-001543,CUST-00793,2024-11-22,cancel,Pro,Cancelled,15,0
EVT-001600,CUST-00823,2024-11-22,upgrade,Pro,Business,15,49
EVT-001673,CUST-00863,2024-11-22,cancel,Free,Cancelled,0,0
EVT-003097,CUST-01639,2024-11-22,cancel,Business,Cancelled,49,0
EVT-004631,CUST-02553,2024-11-22,cancel,Pro,Cancelled,15,0
EVT-005069,CUST-02817,2024-11-22,upgrade,Free,Pro,0,15
EVT-005184,CUST-02889,2024-11-22,cancel,Pro,Cancelled,15,0
EVT-006830,CUST-04016,2024-11-22,cancel,Free,Cancelled,0,0
EVT-006916,CUST-04076,2024-11-22,cancel,Free,Cancelled,0,0
EVT-007313,CUST-04390,2024-11-22,cancel,Pro,Cancelled,15,0
EVT-007431,CUST-04482,2024-11-22,signup,,Free,0,0
EVT-007456,CUST-04501,2024-11-22,signup,,Business,0,49
EVT-007469,CUST-04511,2024-11-22,signup,,Free,0,0
EVT-007492,CUST-04533,2024-11-22,signup,,Pro,0,15
EVT-007516,CUST-04554,2024-11-22,signup,,Pro,0,15
EVT-007526,CUST-04561,2024-11-22,signup,,Pro,0,15
EVT-007546,CUST-04578,2024-11-22,signup,,Pro,0,15
EVT-007554,CUST-04584,2024-11-22,signup,,Pro,0,15
EVT-007581,CUST-04608,2024-11-22,signup,,Free,0,0
EVT-007585,CUST-04612,2024-11-22,signup,,Free,0,0
EVT-007624,CUST-04649,2024-11-22,signup,,Pro,0,15
EVT-007635,CUST-04658,2024-11-22,signup,,Business,0,49
EVT-007647,CUST-04668,2024-11-22,signup,,Free,0,0
EVT-007648,CUST-04669,2024-11-22,signup,,Free,0,0
EVT-007656,CUST-04676,2024-11-22,signup,,Free,0,0
EVT-007669,CUST-04688,2024-11-22,signup,,Free,0,0
EVT-007671,CUST-04690,2024-11-22,signup,,Pro,0,15
EVT-007742,CUST-04750,2024-11-22,signup,,Free,0,0
EVT-007808,CUST-04809,2024-11-22,signup,,Free,0,0
EVT-007817,CUST-04817,2024-11-22,signup,,Pro,0,15
EVT-007822,CUST-04821,2024-11-22,signup,,Pro,0,15
EVT-007854,CUST-04847,2024-11-22,signup,,Free,0,0
EVT-007864,CUST-04855,2024-11-22,signup,,Business,0,49
EVT-001091,CUST-00558,2024-11-23,cancel,Free,Cancelled,0,0
EVT-001629,CUST-00838,2024-11-23,downgrade,Business,Pro,49,15
EVT-001887,CUST-00979,2024-11-23,cancel,Business,Cancelled,49,0
EVT-004000,CUST-02165,2024-11-23,downgrade,Enterprise,Business,199,49
EVT-006259,CUST-03605,2024-11-23,cancel,Free,Cancelled,0,0
EVT-006263,CUST-03608,2024-11-23,upgrade,Pro,Business,15,49
EVT-006834,CUST-04018,2024-11-23,cancel,Free,Cancelled,0,0
EVT-007428,CUST-04479,2024-11-23,signup,,Pro,0,15
EVT-007488,CUST-04529,2024-11-23,signup,,Free,0,0
EVT-007515,CUST-04553,2024-11-23,signup,,Pro,0,15
EVT-007559,CUST-04589,2024-11-23,signup,,Pro,0,15
EVT-007596,CUST-04622,2024-11-23,signup,,Pro,0,15
EVT-007616,CUST-04641,2024-11-23,signup,,Enterprise,0,199
EVT-007697,CUST-04713,2024-11-23,signup,,Pro,0,15
EVT-007700,CUST-04716,2024-11-23,signup,,Pro,0,15
EVT-007704,CUST-04720,2024-11-23,signup,,Enterprise,0,199
EVT-007718,CUST-04733,2024-11-23,signup,,Pro,0,15
EVT-007721,CUST-04735,2024-11-23,signup,,Free,0,0
EVT-007729,CUST-04741,2024-11-23,signup,,Pro,0,15
EVT-007753,CUST-04761,2024-11-23,signup,,Pro,0,15
EVT-007767,CUST-04774,2024-11-23,signup,,Pro,0,15
EVT-007827,CUST-04825,2024-11-23,signup,,Pro,0,15
EVT-007845,CUST-04840,2024-11-23,signup,,Pro,0,15
EVT-000445,CUST-00223,2024-11-24,cancel,Business,Cancelled,49,0
EVT-004054,CUST-02194,2024-11-24,cancel,Free,Cancelled,0,0
EVT-004578,CUST-02516,2024-11-24,cancel,Free,Cancelled,0,0
EVT-005004,CUST-02778,2024-11-24,upgrade,Free,Pro,0,15
EVT-005493,CUST-03087,2024-11-24,cancel,Pro,Cancelled,15,0
EVT-005840,CUST-03320,2024-11-24,cancel,Free,Cancelled,0,0
EVT-006101,CUST-03493,2024-11-24,cancel,Free,Cancelled,0,0
EVT-006274,CUST-03617,2024-11-24,cancel,Pro,Cancelled,15,0
EVT-006644,CUST-03872,2024-11-24,cancel,Enterprise,Cancelled,199,0
EVT-007251,CUST-04344,2024-11-24,cancel,Free,Cancelled,0,0
EVT-007286,CUST-04370,2024-11-24,cancel,Free,Cancelled,0,0
EVT-007311,CUST-04389,2024-11-24,cancel,Free,Cancelled,0,0
EVT-007544,CUST-04576,2024-11-24,signup,,Pro,0,15
EVT-007553,CUST-04583,2024-11-24,signup,,Pro,0,15
EVT-007565,CUST-04594,2024-11-24,signup,,Pro,0,15
EVT-007602,CUST-04628,2024-11-24,signup,,Pro,0,15
EVT-007664,CUST-04684,2024-11-24,signup,,Pro,0,15
EVT-007746,CUST-04754,2024-11-24,signup,,Pro,0,15
EVT-007797,CUST-04800,2024-11-24,signup,,Free,0,0
EVT-007800,CUST-04802,2024-11-24,signup,,Free,0,0
EVT-007836,CUST-04832,2024-11-24,signup,,Pro,0,15
EVT-007851,CUST-04845,2024-11-24,signup,,Free,0,0
EVT-002078,CUST-01081,2024-11-25,upgrade,Pro,Business,15,49
EVT-003222,CUST-01709,2024-11-25,cancel,Pro,Cancelled,15,0
EVT-004782,CUST-02642,2024-11-25,cancel,Free,Cancelled,0,0
EVT-004981,CUST-02764,2024-11-25,upgrade,Free,Pro,0,15
EVT-005241,CUST-02923,2024-11-25,cancel,Pro,Cancelled,15,0
EVT-006223,CUST-03580,2024-11-25,upgrade,Free,Pro,0,15
EVT-006507,CUST-03770,2024-11-25,cancel,Free,Cancelled,0,0
EVT-006850,CUST-04030,2024-11-25,upgrade,Pro,Business,15,49
EVT-006965,CUST-04112,2024-11-25,upgrade,Pro,Business,15,49
EVT-007118,CUST-04238,2024-11-25,upgrade,Free,Pro,0,15
EVT-007191,CUST-04294,2024-11-25,cancel,Pro,Cancelled,15,0
EVT-007349,CUST-04419,2024-11-25,cancel,Free,Cancelled,0,0
EVT-007452,CUST-04498,2024-11-25,signup,,Pro,0,15
EVT-007481,CUST-04523,2024-11-25,signup,,Pro,0,15
EVT-007496,CUST-04536,2024-11-25,signup,,Pro,0,15
EVT-007583,CUST-04610,2024-11-25,signup,,Pro,0,15
EVT-007588,CUST-04615,2024-11-25,signup,,Pro,0,15
EVT-007589,CUST-04616,2024-11-25,signup,,Free,0,0
EVT-007593,CUST-04620,2024-11-25,signup,,Business,0,49
EVT-007631,CUST-04654,2024-11-25,signup,,Free,0,0
EVT-007659,CUST-04679,2024-11-25,signup,,Business,0,49
EVT-007670,CUST-04689,2024-11-25,signup,,Pro,0,15
EVT-007691,CUST-04707,2024-11-25,signup,,Pro,0,15
EVT-007755,CUST-04763,2024-11-25,signup,,Free,0,0
EVT-007770,CUST-04777,2024-11-25,signup,,Pro,0,15
EVT-007805,CUST-04806,2024-11-25,signup,,Business,0,49
EVT-000889,CUST-00453,2024-11-26,upgrade,Free,Pro,0,15
EVT-005027,CUST-02791,2024-11-26,upgrade,Pro,Business,15,49
EVT-005654,CUST-03192,2024-11-26,cancel,Pro,Cancelled,15,0
EVT-007001,CUST-04141,2024-11-26,cancel,Free,Cancelled,0,0
EVT-007472,CUST-04514,2024-11-26,signup,,Free,0,0
EVT-007480,CUST-04522,2024-11-26,signup,,Free,0,0
EVT-007566,CUST-04595,2024-11-26,signup,,Pro,0,15
EVT-007607,CUST-04632,2024-11-26,signup,,Pro,0,15
EVT-007636,CUST-04659,2024-11-26,signup,,Pro,0,15
EVT-007713,CUST-04729,2024-11-26,signup,,Pro,0,15
EVT-007744,CUST-04752,2024-11-26,signup,,Pro,0,15
EVT-007777,CUST-04783,2024-11-26,signup,,Pro,0,15
EVT-007787,CUST-04791,2024-11-26,signup,,Pro,0,15
EVT-007853,CUST-04846,2024-11-26,signup,,Pro,0,15
EVT-002127,CUST-01110,2024-11-27,downgrade,Business,Pro,49,15
EVT-003873,CUST-02094,2024-11-27,cancel,Pro,Cancelled,15,0
EVT-005810,CUST-03299,2024-11-27,upgrade,Free,Pro,0,15
EVT-006208,CUST-03568,2024-11-27,cancel,Pro,Cancelled,15,0
EVT-006294,CUST-03628,2024-11-27,cancel,Free,Cancelled,0,0
EVT-006711,CUST-03924,2024-11-27,cancel,Free,Cancelled,0,0
EVT-006904,CUST-04069,2024-11-27,cancel,Pro,Cancelled,15,0
EVT-007142,CUST-04255,2024-11-27,cancel,Free,Cancelled,0,0
EVT-007282,CUST-04367,2024-11-27,cancel,Pro,Cancelled,15,0
EVT-007404,CUST-04460,2024-11-27,downgrade,Pro,Free,15,0
EVT-007466,CUST-04509,2024-11-27,signup,,Pro,0,15
EVT-007505,CUST-04544,2024-11-27,signup,,Pro,0,15
EVT-007533,CUST-04566,2024-11-27,signup,,Pro,0,15
EVT-007611,CUST-04636,2024-11-27,signup,,Pro,0,15
EVT-007650,CUST-04671,2024-11-27,signup,,Pro,0,15
EVT-007710,CUST-04726,2024-11-27,signup,,Pro,0,15
EVT-007760,CUST-04767,2024-11-27,signup,,Pro,0,15
EVT-007813,CUST-04813,2024-11-27,signup,,Pro,0,15
EVT-007824,CUST-04823,2024-11-27,signup,,Pro,0,15
EVT-007855,CUST-04848,2024-11-27,signup,,Pro,0,15
EVT-007869,CUST-04860,2024-11-27,signup,,Free,0,0
EVT-000574,CUST-00293,2024-12-01,upgrade,Pro,Business,15,49
EVT-001632,CUST-00840,2024-12-01,downgrade,Pro,Free,15,0
EVT-001649,CUST-00849,2024-12-01,cancel,Free,Cancelled,0,0
EVT-003008,CUST-01587,2024-12-01,cancel,Pro,Cancelled,15,0
EVT-003514,CUST-01880,2024-12-01,upgrade,Business,Enterprise,49,199
EVT-004099,CUST-02223,2024-12-01,upgrade,Free,Pro,0,15
EVT-004494,CUST-02463,2024-12-01,cancel,Pro,Cancelled,15,0
EVT-006206,CUST-03567,2024-12-01,downgrade,Pro,Free,15,0
EVT-006461,CUST-03740,2024-12-01,cancel,Free,Cancelled,0,0
EVT-007146,CUST-04258,2024-12-01,cancel,Free,Cancelled,0,0
EVT-007230,CUST-04326,2024-12-01,cancel,Free,Cancelled,0,0
EVT-007393,CUST-04453,2024-12-01,cancel,Free,Cancelled,0,0
EVT-007541,CUST-04573,2024-12-01,cancel,Free,Cancelled,0,0
EVT-007728,CUST-04740,2024-12-01,cancel,Pro,Cancelled,15,0
EVT-007876,CUST-04867,2024-12-01,signup,,Free,0,0
EVT-007925,CUST-04916,2024-12-01,signup,,Free,0,0
EVT-007939,CUST-04930,2024-12-01,signup,,Free,0,0
EVT-007942,CUST-04933,2024-12-01,signup,,Pro,0,15
EVT-007974,CUST-04965,2024-12-01,signup,,Free,0,0
EVT-007984,CUST-04975,2024-12-01,signup,,Pro,0,15
EVT-008000,CUST-04991,2024-12-01,signup,,Pro,0,15
EVT-008073,CUST-05064,2024-12-01,signup,,Free,0,0
EVT-008082,CUST-05073,2024-12-01,signup,,Business,0,49
EVT-008085,CUST-05076,2024-12-01,signup,,Pro,0,15
EVT-008087,CUST-05078,2024-12-01,signup,,Free,0,0
EVT-008096,CUST-05087,2024-12-01,signup,,Pro,0,15
EVT-001716,CUST-00886,2024-12-02,cancel,Pro,Cancelled,15,0
EVT-003289,CUST-01748,2024-12-02,cancel,Business,Cancelled,49,0
EVT-005005,CUST-02778,2024-12-02,cancel,Pro,Cancelled,15,0
EVT-005632,CUST-03176,2024-12-02,cancel,Pro,Cancelled,15,0
EVT-006433,CUST-03721,2024-12-02,cancel,Pro,Cancelled,15,0
EVT-006485,CUST-03757,2024-12-02,cancel,Pro,Cancelled,15,0
EVT-007289,CUST-04372,2024-12-02,cancel,Free,Cancelled,0,0
EVT-007629,CUST-04652,2024-12-02,cancel,Pro,Cancelled,15,0
EVT-007678,CUST-04695,2024-12-02,cancel,Free,Cancelled,0,0
EVT-007724,CUST-04737,2024-12-02,cancel,Free,Cancelled,0,0
EVT-007732,CUST-04742,2024-12-02,cancel,Free,Cancelled,0,0
EVT-007735,CUST-04744,2024-12-02,upgrade,Free,Pro,0,15
EVT-007919,CUST-04910,2024-12-02,signup,,Pro,0,15
EVT-007923,CUST-04914,2024-12-02,signup,,Business,0,49
EVT-007950,CUST-04941,2024-12-02,signup,,Free,0,0
EVT-007956,CUST-04947,2024-12-02,signup,,Pro,0,15
EVT-007976,CUST-04967,2024-12-02,signup,,Pro,0,15
EVT-007979,CUST-04970,2024-12-02,signup,,Free,0,0
EVT-007992,CUST-04983,2024-12-02,signup,,Free,0,0
EVT-008001,CUST-04992,2024-12-02,signup,,Pro,0,15
EVT-008051,CUST-05042,2024-12-02,signup,,Free,0,0
EVT-008066,CUST-05057,2024-12-02,signup,,Free,0,0
EVT-008071,CUST-05062,2024-12-02,signup,,Pro,0,15
EVT-008133,CUST-05124,2024-12-02,signup,,Free,0,0
EVT-008149,CUST-05140,2024-12-02,signup,,Free,0,0
EVT-001188,CUST-00610,2024-12-03,cancel,Pro,Cancelled,15,0
EVT-003677,CUST-01982,2024-12-03,cancel,Business,Cancelled,49,0
EVT-004829,CUST-02670,2024-12-03,cancel,Pro,Cancelled,15,0
EVT-005437,CUST-03052,2024-12-03,cancel,Pro,Cancelled,15,0
EVT-005835,CUST-03317,2024-12-03,upgrade,Pro,Business,15,49
EVT-006682,CUST-03903,2024-12-03,cancel,Pro,Cancelled,15,0
EVT-006873,CUST-04046,2024-12-03,cancel,Business,Cancelled,49,0
EVT-006943,CUST-04094,2024-12-03,upgrade,Free,Pro,0,15
EVT-006947,CUST-04097,2024-12-03,downgrade,Pro,Free,15,0
EVT-007483,CUST-04524,2024-12-03,cancel,Pro,Cancelled,15,0
EVT-007493,CUST-04533,2024-12-03,cancel,Pro,Cancelled,15,0
EVT-007595,CUST-04621,2024-12-03,cancel,Free,Cancelled,0,0
EVT-007738,CUST-04746,2024-12-03,cancel,Free,Cancelled,0,0
EVT-007773,CUST-04779,2024-12-03,cancel,Free,Cancelled,0,0
EVT-007826,CUST-04824,2024-12-03,cancel,Free,Cancelled,0,0
EVT-007879,CUST-04870,2024-12-03,signup,,Pro,0,15
EVT-007881,CUST-04872,2024-12-03,signup,,Free,0,0
EVT-007884,CUST-04875,2024-12-03,signup,,Pro,0,15
EVT-007911,CUST-04902,2024-12-03,signup,,Pro,0,15
EVT-007932,CUST-04923,2024-12-03,signup,,Business,0,49
EVT-007996,CUST-04987,2024-12-03,signup,,Pro,0,15
EVT-008015,CUST-05006,2024-12-03,signup,,Free,0,0
EVT-008063,CUST-05054,2024-12-03,signup,,Pro,0,15
EVT-008090,CUST-05081,2024-12-03,signup,,Free,0,0
EVT-008120,CUST-05111,2024-12-03,signup,,Free,0,0
EVT-000118,CUST-00064,2024-12-04,upgrade,Pro,Business,15,49
EVT-001484,CUST-00763,2024-12-04,cancel,Pro,Cancelled,15,0
EVT-001957,CUST-01018,2024-12-04,cancel,Business,Cancelled,49,0
EVT-003565,CUST-01911,2024-12-04,cancel,Free,Cancelled,0,0
EVT-004244,CUST-02311,2024-12-04,cancel,Pro,Cancelled,15,0
EVT-006548,CUST-03800,2024-12-04,downgrade,Enterprise,Business,199,49
EVT-006576,CUST-03819,2024-12-04,upgrade,Pro,Business,15,49
EVT-006730,CUST-03939,2024-12-04,upgrade,Pro,Business,15,49
EVT-006749,CUST-03953,2024-12-04,cancel,Pro,Cancelled,15,0
EVT-006888,CUST-04056,2024-12-04,upgrade,Free,Pro,0,15
EVT-006930,CUST-04085,2024-12-04,upgrade,Free,Pro,0,15
EVT-007274,CUST-04361,2024-12-04,cancel,Pro,Cancelled,15,0
EVT-007449,CUST-04496,2024-12-04,cancel,Free,Cancelled,0,0
EVT-007561,CUST-04590,2024-12-04,cancel,Free,Cancelled,0,0
EVT-007715,CUST-04730,2024-12-04,cancel,Business,Cancelled,49,0
EVT-007756,CUST-04763,2024-12-04,cancel,Free,Cancelled,0,0
EVT-007883,CUST-04874,2024-12-04,signup,,Pro,0,15
EVT-007889,CUST-04880,2024-12-04,signup,,Free,0,0
EVT-007913,CUST-04904,2024-12-04,signup,,Free,0,0
EVT-007916,CUST-04907,2024-12-04,signup,,Pro,0,15
EVT-007969,CUST-04960,2024-12-04,signup,,Enterprise,0,199
EVT-008005,CUST-04996,2024-12-04,signup,,Enterprise,0,199
EVT-008013,CUST-05004,2024-12-04,signup,,Free,0,0
EVT-008020,CUST-05011,2024-12-04,signup,,Pro,0,15
EVT-008038,CUST-05029,2024-12-04,signup,,Free,0,0
EVT-008040,CUST-05031,2024-12-04,signup,,Business,0,49
EVT-008075,CUST-05066,2024-12-04,signup,,Free,0,0
EVT-008147,CUST-05138,2024-12-04,signup,,Free,0,0
EVT-005837,CUST-03318,2024-12-05,upgrade,Pro,Business,15,49
EVT-005972,CUST-03409,2024-12-05,cancel,Pro,Cancelled,15,0
EVT-006362,CUST-03673,2024-12-05,cancel,Pro,Cancelled,15,0
EVT-007070,CUST-04198,2024-12-05,upgrade,Free,Pro,0,15
EVT-007326,CUST-04401,2024-12-05,cancel,Free,Cancelled,0,0
EVT-007382,CUST-04444,2024-12-05,cancel,Pro,Cancelled,15,0
EVT-007665,CUST-04684,2024-12-05,cancel,Pro,Cancelled,15,0
EVT-007684,CUST-04700,2024-12-05,cancel,Free,Cancelled,0,0
EVT-007730,CUST-04741,2024-12-05,cancel,Pro,Cancelled,15,0
EVT-007878,CUST-04869,2024-12-05,signup,,Pro,0,15
EVT-007940,CUST-04931,2024-12-05,signup,,Pro,0,15
EVT-007962,CUST-04953,2024-12-05,signup,,Free,0,0
EVT-007963,CUST-04954,2024-12-05,signup,,Pro,0,15
EVT-007982,CUST-04973,2024-12-05,signup,,Pro,0,15
EVT-008074,CUST-05065,2024-12-05,signup,,Free,0,0
EVT-008125,CUST-05116,2024-12-05,signup,,Pro,0,15
EVT-008148,CUST-05139,2024-12-05,signup,,Free,0,0
EVT-002800,CUST-01471,2024-12-06,upgrade,Business,Enterprise,49,199
EVT-004678,CUST-02581,2024-12-06,cancel,Business,Cancelled,49,0
EVT-004878,CUST-02700,2024-12-06,cancel,Pro,Cancelled,15,0
EVT-005428,CUST-03045,2024-12-06,cancel,Pro,Cancelled,15,0
EVT-006195,CUST-03558,2024-12-06,cancel,Free,Cancelled,0,0
EVT-006459,CUST-03739,2024-12-06,cancel,Free,Cancelled,0,0
EVT-007328,CUST-04402,2024-12-06,upgrade,Free,Pro,0,15
EVT-007674,CUST-04692,2024-12-06,cancel,Free,Cancelled,0,0
EVT-007720,CUST-04734,2024-12-06,cancel,Free,Cancelled,0,0
EVT-007922,CUST-04913,2024-12-06,signup,,Business,0,49
EVT-008035,CUST-05026,2024-12-06,signup,,Pro,0,15
EVT-008039,CUST-05030,2024-12-06,signup,,Pro,0,15
EVT-008044,CUST-05035,2024-12-06,signup,,Pro,0,15
EVT-008055,CUST-05046,2024-12-06,signup,,Pro,0,15
EVT-008056,CUST-05047,2024-12-06,signup,,Free,0,0
EVT-008077,CUST-05068,2024-12-06,signup,,Pro,0,15
EVT-008101,CUST-05092,2024-12-06,signup,,Free,0,0
EVT-008102,CUST-05093,2024-12-06,signup,,Pro,0,15
EVT-008119,CUST-05110,2024-12-06,signup,,Pro,0,15
EVT-008123,CUST-05114,2024-12-06,signup,,Pro,0,15
EVT-002089,CUST-01087,2024-12-07,cancel,Pro,Cancelled,15,0
EVT-002331,CUST-01220,2024-12-07,downgrade,Pro,Free,15,0
EVT-003861,CUST-02087,2024-12-07,cancel,Free,Cancelled,0,0
EVT-006103,CUST-03494,2024-12-07,cancel,Free,Cancelled,0,0
EVT-006281,CUST-03621,2024-12-07,cancel,Pro,Cancelled,15,0
EVT-006557,CUST-03806,2024-12-07,upgrade,Free,Pro,0,15
EVT-006771,CUST-03970,2024-12-07,cancel,Free,Cancelled,0,0
EVT-006996,CUST-04137,2024-12-07,upgrade,Free,Pro,0,15
EVT-007126,CUST-04243,2024-12-07,cancel,Free,Cancelled,0,0
EVT-007228,CUST-04325,2024-12-07,downgrade,Pro,Free,15,0
EVT-007379,CUST-04442,2024-12-07,cancel,Free,Cancelled,0,0
EVT-007863,CUST-04854,2024-12-07,cancel,Pro,Cancelled,15,0
EVT-007872,CUST-04863,2024-12-07,signup,,Pro,0,15
EVT-007886,CUST-04877,2024-12-07,signup,,Free,0,0
EVT-007941,CUST-04932,2024-12-07,signup,,Business,0,49
EVT-007954,CUST-04945,2024-12-07,signup,,Business,0,49
EVT-007958,CUST-04949,2024-12-07,signup,,Pro,0,15
EVT-007995,CUST-04986,2024-12-07,signup,,Pro,0,15
EVT-007998,CUST-04989,2024-12-07,signup,,Free,0,0
EVT-008031,CUST-05022,2024-12-07,signup,,Pro,0,15
EVT-008064,CUST-05055,2024-12-07,signup,,Free,0,0
EVT-008069,CUST-05060,2024-12-07,signup,,Pro,0,15
EVT-008091,CUST-05082,2024-12-07,signup,,Pro,0,15
EVT-008094,CUST-05085,2024-12-07,signup,,Pro,0,15
EVT-001525,CUST-00784,2024-12-08,cancel,Pro,Cancelled,15,0
EVT-002964,CUST-01564,2024-12-08,upgrade,Pro,Business,15,49
EVT-004910,CUST-02720,2024-12-08,cancel,Free,Cancelled,0,0
EVT-005418,CUST-03039,2024-12-08,upgrade,Free,Pro,0,15
EVT-007134,CUST-04249,2024-12-08,cancel,Free,Cancelled,0,0
EVT-007256,CUST-04347,2024-12-08,cancel,Free,Cancelled,0,0
EVT-007425,CUST-04476,2024-12-08,upgrade,Free,Pro,0,15
EVT-007580,CUST-04607,2024-12-08,cancel,Free,Cancelled,0,0
EVT-007833,CUST-04829,2024-12-08,cancel,Pro,Cancelled,15,0
EVT-007906,CUST-04897,2024-12-08,signup,,Enterprise,0,199
EVT-007964,CUST-04955,2024-12-08,signup,,Pro,0,15
EVT-008078,CUST-05069,2024-12-08,signup,,Pro,0,15
EVT-008124,CUST-05115,2024-12-08,signup,,Free,0,0
EVT-008130,CUST-05121,2024-12-08,signup,,Business,0,49
EVT-004181,CUST-02273,2024-12-09,cancel,Business,Cancelled,49,0
EVT-004561,CUST-02506,2024-12-09,cancel,Free,Cancelled,0,0
EVT-004584,CUST-02521,2024-12-09,cancel,Free,Cancelled,0,0
EVT-005719,CUST-03235,2024-12-09,cancel,Free,Cancelled,0,0
EVT-005879,CUST-03347,2024-12-09,upgrade,Pro,Business,15,49
EVT-006606,CUST-03840,2024-12-09,cancel,Free,Cancelled,0,0
EVT-006734,CUST-03942,2024-12-09,cancel,Pro,Cancelled,15,0
EVT-007154,CUST-04264,2024-12-09,cancel,Free,Cancelled,0,0
EVT-007398,CUST-04456,2024-12-09,upgrade,Pro,Business,15,49
EVT-007501,CUST-04540,2024-12-09,cancel,Free,Cancelled,0,0
EVT-007604,CUST-04629,2024-12-09,cancel,Free,Cancelled,0,0
EVT-007915,CUST-04906,2024-12-09,signup,,Free,0,0
EVT-007966,CUST-04957,2024-12-09,signup,,Free,0,0
EVT-007987,CUST-04978,2024-12-09,signup,,Free,0,0
EVT-008029,CUST-05020,2024-12-09,signup,,Pro,0,15
EVT-008037,CUST-05028,2024-12-09,signup,,Pro,0,15
EVT-008045,CUST-05036,2024-12-09,signup,,Pro,0,15
EVT-008145,CUST-05136,2024-12-09,signup,,Free,0,0
EVT-001242,CUST-00637,2024-12-10,downgrade,Pro,Free,15,0
EVT-002619,CUST-01374,2024-12-10,cancel,Free,Cancelled,0,0
EVT-004989,CUST-02769,2024-12-10,downgrade,Pro,Free,15,0
EVT-006467,CUST-03744,2024-12-10,cancel,Pro,Cancelled,15,0
EVT-006674,CUST-03896,2024-12-10,upgrade,Free,Pro,0,15
EVT-006742,CUST-03948,2024-12-10,upgrade,Free,Pro,0,15
EVT-006755,CUST-03957,2024-12-10,upgrade,Pro,Business,15,49
EVT-007263,CUST-04352,2024-12-10,cancel,Pro,Cancelled,15,0
EVT-007530,CUST-04563,2024-12-10,cancel,Free,Cancelled,0,0
EVT-007852,CUST-04845,2024-12-10,cancel,Free,Cancelled,0,0
EVT-007934,CUST-04925,2024-12-10,signup,,Pro,0,15
EVT-007946,CUST-04937,2024-12-10,signup,,Free,0,0
EVT-007957,CUST-04948,2024-12-10,signup,,Free,0,0
EVT-007977,CUST-04968,2024-12-10,signup,,Free,0,0
EVT-007986,CUST-04977,2024-12-10,signup,,Free,0,0
EVT-007990,CUST-04981,2024-12-10,signup,,Free,0,0
EVT-008048,CUST-05039,2024-12-10,signup,,Free,0,0
EVT-008104,CUST-05095,2024-12-10,signup,,Pro,0,15
EVT-008117,CUST-05108,2024-12-10,signup,,Free,0,0
EVT-008150,CUST-05141,2024-12-10,signup,,Free,0,0
EVT-002838,CUST-01492,2024-12-11,cancel,Free,Cancelled,0,0
EVT-003225,CUST-01711,2024-12-11,cancel,Free,Cancelled,0,0
EVT-004770,CUST-02635,2024-12-11,cancel,Pro,Cancelled,15,0
EVT-006423,CUST-03714,2024-12-11,cancel,Free,Cancelled,0,0
EVT-006513,CUST-03775,2024-12-11,upgrade,Free,Pro,0,15
EVT-006721,CUST-03932,2024-12-11,cancel,Free,Cancelled,0,0
EVT-006851,CUST-04030,2024-12-11,downgrade,Business,Pro,49,15
EVT-006854,CUST-04032,2024-12-11,cancel,Free,Cancelled,0,0
EVT-006871,CUST-04045,2024-12-11,cancel,Pro,Cancelled,15,0
EVT-006935,CUST-04089,2024-12-11,cancel,Pro,Cancelled,15,0
EVT-007100,CUST-04223,2024-12-11,cancel,Free,Cancelled,0,0
EVT-007875,CUST-04866,2024-12-11,signup,,Free,0,0
EVT-007892,CUST-04883,2024-12-11,signup,,Free,0,0
EVT-007920,CUST-04911,2024-12-11,signup,,Free,0,0
EVT-007965,CUST-04956,2024-12-11,signup,,Pro,0,15
EVT-008027,CUST-05018,2024-12-11,signup,,Free,0,0
EVT-008076,CUST-05067,2024-12-11,signup,,Free,0,0
EVT-008099,CUST-05090,2024-12-11,signup,,Business,0,49
EVT-008114,CUST-05105,2024-12-11,signup,,Free,0,0
EVT-008129,CUST-05120,2024-12-11,signup,,Business,0,49
EVT-008146,CUST-05137,2024-12-11,signup,,Pro,0,15
EVT-001772,CUST-00916,2024-12-12,downgrade,Pro,Free,15,0
EVT-003608,CUST-01939,2024-12-12,cancel,Pro,Cancelled,15,0
EVT-004473,CUST-02447,2024-12-12,upgrade,Pro,Business,15,49
EVT-007169,CUST-04276,2024-12-12,upgrade,Pro,Business,15,49
EVT-007215,CUST-04314,2024-12-12,cancel,Pro,Cancelled,15,0
EVT-007511,CUST-04549,2024-12-12,cancel,Business,Cancelled,49,0
EVT-007627,CUST-04651,2024-12-12,cancel,Free,Cancelled,0,0
EVT-007871,CUST-04862,2024-12-12,signup,,Free,0,0
EVT-007948,CUST-04939,2024-12-12,signup,,Pro,0,15
EVT-008007,CUST-04998,2024-12-12,signup,,Free,0,0
EVT-008036,CUST-05027,2024-12-12,signup,,Pro,0,15
EVT-008058,CUST-05049,2024-12-12,signup,,Pro,0,15
EVT-008113,CUST-05104,2024-12-12,signup,,Free,0,0
EVT-008151,CUST-05142,2024-12-12,signup,,Pro,0,15
EVT-003946,CUST-02135,2024-12-13,cancel,Pro,Cancelled,15,0
EVT-005473,CUST-03073,2024-12-13,cancel,Pro,Cancelled,15,0
EVT-005505,CUST-03095,2024-12-13,cancel,Pro,Cancelled,15,0
EVT-007400,CUST-04457,2024-12-13,cancel,Business,Cancelled,49,0
EVT-007465,CUST-04508,2024-12-13,upgrade,Free,Pro,0,15
EVT-007551,CUST-04581,2024-12-13,cancel,Free,Cancelled,0,0
EVT-007975,CUST-04966,2024-12-13,signup,,Free,0,0
EVT-008002,CUST-04993,2024-12-13,signup,,Pro,0,15
EVT-008003,CUST-04994,2024-12-13,signup,,Free,0,0
EVT-008057,CUST-05048,2024-12-13,signup,,Free,0,0
EVT-008127,CUST-05118,2024-12-13,signup,,Business,0,49
EVT-008131,CUST-05122,2024-12-13,signup,,Free,0,0
EVT-008132,CUST-05123,2024-12-13,signup,,Pro,0,15
EVT-001623,CUST-00835,2024-12-14,cancel,Free,Cancelled,0,0
EVT-001652,CUST-00850,2024-12-14,downgrade,Pro,Free,15,0
EVT-001850,CUST-00958,2024-12-14,cancel,Free,Cancelled,0,0
EVT-002453,CUST-01286,2024-12-14,upgrade,Pro,Business,15,49
EVT-003170,CUST-01678,2024-12-14,cancel,Business,Cancelled,49,0
EVT-004238,CUST-02308,2024-12-14,upgrade,Pro,Business,15,49
EVT-004419,CUST-02415,2024-12-14,cancel,Pro,Cancelled,15,0
EVT-004891,CUST-02708,2024-12-14,cancel,Free,Cancelled,0,0
EVT-005894,CUST-03357,2024-12-14,cancel,Free,Cancelled,0,0
EVT-007355,CUST-04423,2024-12-14,cancel,Business,Cancelled,49,0
EVT-007444,CUST-04492,2024-12-14,cancel,Free,Cancelled,0,0
EVT-007877,CUST-04868,2024-12-14,signup,,Free,0,0
EVT-007899,CUST-04890,2024-12-14,signup,,Business,0,49
EVT-007908,CUST-04899,2024-12-14,signup,,Business,0,49
EVT-007914,CUST-04905,2024-12-14,signup,,Free,0,0
EVT-007937,CUST-04928,2024-12-14,signup,,Pro,0,15
EVT-008016,CUST-05007,2024-12-14,signup,,Pro,0,15
EVT-008065,CUST-05056,2024-12-14,signup,,Free,0,0
EVT-008070,CUST-05061,2024-12-14,signup,,Free,0,0
EVT-008081,CUST-05072,2024-12-14,signup,,Free,0,0
EVT-008098,CUST-05089,2024-12-14,signup,,Pro,0,15
EVT-008122,CUST-05113,2024-12-14,signup,,Pro,0,15
EVT-008137,CUST-05128,2024-12-14,signup,,Free,0,0
EVT-008143,CUST-05134,2024-12-14,signup,,Pro,0,15
EVT-003639,CUST-01958,2024-12-15,downgrade,Pro,Free,15,0
EVT-004213,CUST-02292,2024-12-15,upgrade,Free,Pro,0,15
EVT-004374,CUST-02389,2024-12-15,downgrade,Business,Pro,49,15
EVT-004997,CUST-02774,2024-12-15,cancel,Free,Cancelled,0,0
EVT-006025,CUST-03444,2024-12-15,downgrade,Business,Pro,49,15
EVT-006492,CUST-03762,2024-12-15,cancel,Pro,Cancelled,15,0
EVT-007921,CUST-04912,2024-12-15,signup,,Enterprise,0,199
EVT-007930,CUST-04921,2024-12-15,signup,,Business,0,49
EVT-008011,CUST-05002,2024-12-15,signup,,Pro,0,15
EVT-008019,CUST-05010,2024-12-15,signup,,Free,0,0
EVT-008059,CUST-05050,2024-12-15,signup,,Business,0,49
EVT-008079,CUST-05070,2024-12-15,signup,,Pro,0,15
EVT-008083,CUST-05074,2024-12-15,signup,,Free,0,0
EVT-008086,CUST-05077,2024-12-15,signup,,Business,0,49
EVT-005539,CUST-03117,2024-12-16,cancel,Pro,Cancelled,15,0
EVT-005864,CUST-03338,2024-12-16,cancel,Free,Cancelled,0,0
EVT-006244,CUST-03596,2024-12-16,cancel,Business,Cancelled,49,0
EVT-006411,CUST-03705,2024-12-16,upgrade,Pro,Business,15,49
EVT-006611,CUST-03843,2024-12-16,cancel,Free,Cancelled,0,0
EVT-006994,CUST-04136,2024-12-16,cancel,Free,Cancelled,0,0
EVT-007116,CUST-04237,2024-12-16,cancel,Pro,Cancelled,15,0
EVT-007278,CUST-04364,2024-12-16,cancel,Business,Cancelled,49,0
EVT-007455,CUST-04500,2024-12-16,cancel,Pro,Cancelled,15,0
EVT-007781,CUST-04786,2024-12-16,upgrade,Pro,Business,15,49
EVT-007809,CUST-04809,2024-12-16,cancel,Free,Cancelled,0,0
EVT-007910,CUST-04901,2024-12-16,signup,,Pro,0,15
EVT-007949,CUST-04940,2024-12-16,signup,,Pro,0,15
EVT-007988,CUST-04979,2024-12-16,signup,,Pro,0,15
EVT-007999,CUST-04990,2024-12-16,signup,,Free,0,0
EVT-008009,CUST-05000,2024-12-16,signup,,Pro,0,15
EVT-008022,CUST-05013,2024-12-16,signup,,Pro,0,15
EVT-008116,CUST-05107,2024-12-16,signup,,Free,0,0
EVT-008142,CUST-05133,2024-12-16,signup,,Free,0,0
EVT-000418,CUST-00211,2024-12-17,upgrade,Pro,Business,15,49
EVT-001471,CUST-00755,2024-12-17,cancel,Pro,Cancelled,15,0
EVT-001547,CUST-00795,2024-12-17,cancel,Business,Cancelled,49,0
EVT-002017,CUST-01051,2024-12-17,upgrade,Pro,Business,15,49
EVT-003688,CUST-01988,2024-12-17,cancel,Free,Cancelled,0,0
EVT-004360,CUST-02382,2024-12-17,cancel,Free,Cancelled,0,0
EVT-004921,CUST-02726,2024-12-17,cancel,Pro,Cancelled,15,0
EVT-005598,CUST-03155,2024-12-17,downgrade,Business,Pro,49,15
EVT-005860,CUST-03335,2024-12-17,cancel,Pro,Cancelled,15,0
EVT-005937,CUST-03384,2024-12-17,cancel,Business,Cancelled,49,0
EVT-006330,CUST-03652,2024-12-17,upgrade,Free,Pro,0,15
EVT-006867,CUST-04042,2024-12-17,upgrade,Free,Pro,0,15
EVT-006910,CUST-04073,2024-12-17,upgrade,Free,Pro,0,15
EVT-007008,CUST-04146,2024-12-17,cancel,Free,Cancelled,0,0
EVT-007247,CUST-04341,2024-12-17,cancel,Pro,Cancelled,15,0
EVT-007798,CUST-04800,2024-12-17,cancel,Free,Cancelled,0,0
EVT-007887,CUST-04878,2024-12-17,signup,,Pro,0,15
EVT-007928,CUST-04919,2024-12-17,signup,,Pro,0,15
EVT-007968,CUST-04959,2024-12-17,signup,,Free,0,0
EVT-008021,CUST-05012,2024-12-17,signup,,Business,0,49
EVT-008062,CUST-05053,2024-12-17,signup,,Pro,0,15
EVT-008084,CUST-05075,2024-12-17,signup,,Pro,0,15
EVT-008093,CUST-05084,2024-12-17,signup,,Free,0,0
EVT-008097,CUST-05088,2024-12-17,signup,,Free,0,0
EVT-008135,CUST-05126,2024-12-17,signup,,Free,0,0
EVT-000902,CUST-00461,2024-12-18,cancel,Free,Cancelled,0,0
EVT-005922,CUST-03374,2024-12-18,cancel,Free,Cancelled,0,0
EVT-007308,CUST-04387,2024-12-18,cancel,Free,Cancelled,0,0
EVT-007522,CUST-04558,2024-12-18,cancel,Free,Cancelled,0,0
EVT-007570,CUST-04598,2024-12-18,cancel,Free,Cancelled,0,0
EVT-007830,CUST-04827,2024-12-18,cancel,Free,Cancelled,0,0
EVT-007897,CUST-04888,2024-12-18,signup,,Enterprise,0,199
EVT-007902,CUST-04893,2024-12-18,signup,,Free,0,0
EVT-007903,CUST-04894,2024-12-18,signup,,Pro,0,15
EVT-007912,CUST-04903,2024-12-18,signup,,Pro,0,15
EVT-007929,CUST-04920,2024-12-18,signup,,Pro,0,15
EVT-007955,CUST-04946,2024-12-18,signup,,Pro,0,15
EVT-007970,CUST-04961,2024-12-18,signup,,Pro,0,15
EVT-007980,CUST-04971,2024-12-18,signup,,Free,0,0
EVT-008017,CUST-05008,2024-12-18,signup,,Free,0,0
EVT-008034,CUST-05025,2024-12-18,signup,,Business,0,49
EVT-008050,CUST-05041,2024-12-18,signup,,Free,0,0
EVT-008112,CUST-05103,2024-12-18,signup,,Pro,0,15
EVT-008138,CUST-05129,2024-12-18,signup,,Pro,0,15
EVT-008139,CUST-05130,2024-12-18,signup,,Free,0,0
EVT-000585,CUST-00298,2024-12-19,cancel,Pro,Cancelled,15,0
EVT-002343,CUST-01226,2024-12-19,cancel,Pro,Cancelled,15,0
EVT-003969,CUST-02148,2024-12-19,downgrade,Pro,Free,15,0
EVT-005360,CUST-03002,2024-12-19,upgrade,Free,Pro,0,15
EVT-005786,CUST-03281,2024-12-19,upgrade,Pro,Business,15,49
EVT-006753,CUST-03956,2024-12-19,upgrade,Free,Pro,0,15
EVT-007138,CUST-04252,2024-12-19,cancel,Pro,Cancelled,15,0
EVT-007188,CUST-04292,2024-12-19,upgrade,Free,Pro,0,15
EVT-007338,CUST-04410,2024-12-19,cancel,Free,Cancelled,0,0
EVT-007451,CUST-04497,2024-12-19,cancel,Free,Cancelled,0,0
EVT-007463,CUST-04507,2024-12-19,cancel,Free,Cancelled,0,0
EVT-007645,CUST-04666,2024-12-19,cancel,Pro,Cancelled,15,0
EVT-007880,CUST-04871,2024-12-19,signup,,Free,0,0
EVT-007885,CUST-04876,2024-12-19,signup,,Enterprise,0,199
EVT-007888,CUST-04879,2024-12-19,signup,,Pro,0,15
EVT-007891,CUST-04882,2024-12-19,signup,,Pro,0,15
EVT-007935,CUST-04926,2024-12-19,signup,,Free,0,0
EVT-007947,CUST-04938,2024-12-19,signup,,Free,0,0
EVT-007989,CUST-04980,2024-12-19,signup,,Pro,0,15
EVT-007991,CUST-04982,2024-12-19,signup,,Free,0,0
EVT-007994,CUST-04985,2024-12-19,signup,,Enterprise,0,199
EVT-008041,CUST-05032,2024-12-19,signup,,Free,0,0
EVT-008047,CUST-05038,2024-12-19,signup,,Free,0,0
EVT-008089,CUST-05080,2024-12-19,signup,,Pro,0,15
EVT-008126,CUST-05117,2024-12-19,signup,,Business,0,49
EVT-001223,CUST-00627,2024-12-20,downgrade,Pro,Free,15,0
EVT-002337,CUST-01223,2024-12-20,cancel,Free,Cancelled,0,0
EVT-002757,CUST-01450,2024-12-20,cancel,Pro,Cancelled,15,0
EVT-003313,CUST-01763,2024-12-20,cancel,Pro,Cancelled,15,0
EVT-003453,CUST-01846,2024-12-20,cancel,Pro,Cancelled,15,0
EVT-003694,CUST-01991,2024-12-20,cancel,Free,Cancelled,0,0
EVT-004178,CUST-02272,2024-12-20,cancel,Free,Cancelled,0,0
EVT-006096,CUST-03490,2024-12-20,cancel,Free,Cancelled,0,0
EVT-006572,CUST-03817,2024-12-20,cancel,Free,Cancelled,0,0
EVT-006885,CUST-04054,2024-12-20,upgrade,Free,Pro,0,15
EVT-006992,CUST-04135,2024-12-20,cancel,Pro,Cancelled,15,0
EVT-007333,CUST-04406,2024-12-20,cancel,Free,Cancelled,0,0
EVT-007370,CUST-04435,2024-12-20,cancel,Free,Cancelled,0,0
EVT-007437,CUST-04487,2024-12-20,cancel,Pro,Cancelled,15,0
EVT-007519,CUST-04556,2024-12-20,upgrade,Free,Pro,0,15
EVT-007637,CUST-04659,2024-12-20,cancel,Pro,Cancelled,15,0
EVT-007801,CUST-04802,2024-12-20,cancel,Free,Cancelled,0,0
EVT-007861,CUST-04853,2024-12-20,cancel,Free,Cancelled,0,0
EVT-007870,CUST-04861,2024-12-20,signup,,Enterprise,0,199
EVT-007905,CUST-04896,2024-12-20,signup,,Free,0,0
EVT-007931,CUST-04922,2024-12-20,signup,,Free,0,0
EVT-007945,CUST-04936,2024-12-20,signup,,Free,0,0
EVT-007959,CUST-04950,2024-12-20,signup,,Pro,0,15
EVT-008018,CUST-05009,2024-12-20,signup,,Pro,0,15
EVT-008080,CUST-05071,2024-12-20,signup,,Free,0,0
EVT-008107,CUST-05098,2024-12-20,signup,,Pro,0,15
EVT-008108,CUST-05099,2024-12-20,signup,,Free,0,0
EVT-001156,CUST-00591,2024-12-21,upgrade,Pro,Business,15,49
EVT-001389,CUST-00713,2024-12-21,cancel,Pro,Cancelled,15,0
EVT-001892,CUST-00982,2024-12-21,cancel,Free,Cancelled,0,0
EVT-003003,CUST-01584,2024-12-21,cancel,Enterprise,Cancelled,199,0
EVT-003403,CUST-01816,2024-12-21,cancel,Pro,Cancelled,15,0
EVT-004019,CUST-02174,2024-12-21,cancel,Pro,Cancelled,15,0
EVT-005948,CUST-03392,2024-12-21,cancel,Free,Cancelled,0,0
EVT-006030,CUST-03447,2024-12-21,upgrade,Free,Pro,0,15
EVT-006559,CUST-03807,2024-12-21,cancel,Free,Cancelled,0,0
EVT-006781,CUST-03975,2024-12-21,cancel,Free,Cancelled,0,0
EVT-007396,CUST-04455,2024-12-21,cancel,Free,Cancelled,0,0
EVT-007441,CUST-04490,2024-12-21,cancel,Pro,Cancelled,15,0
EVT-007468,CUST-04510,2024-12-21,cancel,Free,Cancelled,0,0
EVT-007873,CUST-04864,2024-12-21,signup,,Pro,0,15
EVT-007898,CUST-04889,2024-12-21,signup,,Free,0,0
EVT-007944,CUST-04935,2024-12-21,signup,,Business,0,49
EVT-007953,CUST-04944,2024-12-21,signup,,Pro,0,15
EVT-007983,CUST-04974,2024-12-21,signup,,Free,0,0
EVT-008008,CUST-04999,2024-12-21,signup,,Pro,0,15
EVT-008042,CUST-05033,2024-12-21,signup,,Business,0,49
EVT-008043,CUST-05034,2024-12-21,signup,,Free,0,0
EVT-008121,CUST-05112,2024-12-21,signup,,Business,0,49
EVT-001906,CUST-00989,2024-12-22,cancel,Pro,Cancelled,15,0
EVT-003077,CUST-01627,2024-12-22,cancel,Free,Cancelled,0,0
EVT-003133,CUST-01660,2024-12-22,upgrade,Business,Enterprise,49,199
EVT-005833,CUST-03316,2024-12-22,upgrade,Free,Pro,0,15
EVT-006300,CUST-03631,2024-12-22,downgrade,Business,Pro,49,15
EVT-006582,CUST-03822,2024-12-22,cancel,Free,Cancelled,0,0
EVT-007418,CUST-04470,2024-12-22,upgrade,Free,Pro,0,15
EVT-007524,CUST-04559,2024-12-22,cancel,Free,Cancelled,0,0
EVT-007849,CUST-04843,2024-12-22,cancel,Free,Cancelled,0,0
EVT-008012,CUST-05003,2024-12-22,signup,,Business,0,49
EVT-008033,CUST-05024,2024-12-22,signup,,Business,0,49
EVT-008049,CUST-05040,2024-12-22,signup,,Pro,0,15
EVT-008095,CUST-05086,2024-12-22,signup,,Business,0,49
EVT-008100,CUST-05091,2024-12-22,signup,,Free,0,0
EVT-008103,CUST-05094,2024-12-22,signup,,Pro,0,15
EVT-008128,CUST-05119,2024-12-22,signup,,Free,0,0
EVT-008134,CUST-05125,2024-12-22,signup,,Free,0,0
EVT-008144,CUST-05135,2024-12-22,signup,,Free,0,0
EVT-005663,CUST-03198,2024-12-23,upgrade,Free,Pro,0,15
EVT-006019,CUST-03440,2024-12-23,cancel,Business,Cancelled,49,0
EVT-006578,CUST-03820,2024-12-23,cancel,Pro,Cancelled,15,0
EVT-007366,CUST-04432,2024-12-23,cancel,Business,Cancelled,49,0
EVT-007377,CUST-04441,2024-12-23,cancel,Pro,Cancelled,15,0
EVT-007527,CUST-04561,2024-12-23,cancel,Pro,Cancelled,15,0
EVT-007819,CUST-04818,2024-12-23,cancel,Pro,Cancelled,15,0
EVT-007894,CUST-04885,2024-12-23,signup,,Free,0,0
EVT-007904,CUST-04895,2024-12-23,signup,,Pro,0,15
EVT-007917,CUST-04908,2024-12-23,signup,,Pro,0,15
EVT-007918,CUST-04909,2024-12-23,signup,,Pro,0,15
EVT-007924,CUST-04915,2024-12-23,signup,,Enterprise,0,199
EVT-007927,CUST-04918,2024-12-23,signup,,Free,0,0
EVT-007952,CUST-04943,2024-12-23,signup,,Pro,0,15
EVT-007971,CUST-04962,2024-12-23,signup,,Enterprise,0,199
EVT-007973,CUST-04964,2024-12-23,signup,,Enterprise,0,199
EVT-007985,CUST-04976,2024-12-23,signup,,Free,0,0
EVT-007997,CUST-04988,2024-12-23,signup,,Free,0,0
EVT-008004,CUST-04995,2024-12-23,signup,,Enterprise,0,199
EVT-008028,CUST-05019,2024-12-23,signup,,Pro,0,15
EVT-008030,CUST-05021,2024-12-23,signup,,Free,0,0
EVT-008046,CUST-05037,2024-12-23,signup,,Free,0,0
EVT-008111,CUST-05102,2024-12-23,signup,,Free,0,0
EVT-008118,CUST-05109,2024-12-23,signup,,Business,0,49
EVT-008140,CUST-05131,2024-12-23,signup,,Enterprise,0,199
EVT-008141,CUST-05132,2024-12-23,signup,,Pro,0,15
EVT-003644,CUST-01961,2024-12-24,upgrade,Free,Pro,0,15
EVT-005502,CUST-03094,2024-12-24,cancel,Free,Cancelled,0,0
EVT-006165,CUST-03538,2024-12-24,cancel,Free,Cancelled,0,0
EVT-006215,CUST-03574,2024-12-24,cancel,Pro,Cancelled,15,0
EVT-007785,CUST-04789,2024-12-24,upgrade,Free,Pro,0,15
EVT-007874,CUST-04865,2024-12-24,signup,,Pro,0,15
EVT-007896,CUST-04887,2024-12-24,signup,,Free,0,0
EVT-007907,CUST-04898,2024-12-24,signup,,Free,0,0
EVT-007951,CUST-04942,2024-12-24,signup,,Pro,0,15
EVT-007960,CUST-04951,2024-12-24,signup,,Pro,0,15
EVT-007961,CUST-04952,2024-12-24,signup,,Free,0,0
EVT-007993,CUST-04984,2024-12-24,signup,,Free,0,0
EVT-008006,CUST-04997,2024-12-24,signup,,Pro,0,15
EVT-008060,CUST-05051,2024-12-24,signup,,Free,0,0
EVT-008106,CUST-05097,2024-12-24,signup,,Pro,0,15
EVT-002637,CUST-01384,2024-12-25,upgrade,Pro,Business,15,49
EVT-003439,CUST-01837,2024-12-25,cancel,Free,Cancelled,0,0
EVT-003854,CUST-02083,2024-12-25,cancel,Pro,Cancelled,15,0
EVT-005031,CUST-02794,2024-12-25,upgrade,Pro,Business,15,49
EVT-005960,CUST-03401,2024-12-25,cancel,Free,Cancelled,0,0
EVT-006986,CUST-04131,2024-12-25,cancel,Pro,Cancelled,15,0
EVT-007005,CUST-04144,2024-12-25,downgrade,Business,Pro,49,15
EVT-007315,CUST-04391,2024-12-25,cancel,Free,Cancelled,0,0
EVT-007843,CUST-04838,2024-12-25,upgrade,Free,Pro,0,15
EVT-007882,CUST-04873,2024-12-25,signup,,Free,0,0
EVT-007893,CUST-04884,2024-12-25,signup,,Pro,0,15
EVT-007909,CUST-04900,2024-12-25,signup,,Business,0,49
EVT-007936,CUST-04927,2024-12-25,signup,,Free,0,0
EVT-007943,CUST-04934,2024-12-25,signup,,Pro,0,15
EVT-008014,CUST-05005,2024-12-25,signup,,Pro,0,15
EVT-008023,CUST-05014,2024-12-25,signup,,Free,0,0
EVT-008024,CUST-05015,2024-12-25,signup,,Pro,0,15
EVT-008061,CUST-05052,2024-12-25,signup,,Pro,0,15
EVT-008067,CUST-05058,2024-12-25,signup,,Free,0,0
EVT-008068,CUST-05059,2024-12-25,signup,,Free,0,0
EVT-008088,CUST-05079,2024-12-25,signup,,Free,0,0
EVT-008092,CUST-05083,2024-12-25,signup,,Pro,0,15
EVT-008105,CUST-05096,2024-12-25,signup,,Free,0,0
EVT-003517,CUST-01882,2024-12-26,upgrade,Pro,Business,15,49
EVT-005380,CUST-03015,2024-12-26,cancel,Pro,Cancelled,15,0
EVT-006371,CUST-03679,2024-12-26,upgrade,Pro,Business,15,49
EVT-007073,CUST-04200,2024-12-26,cancel,Free,Cancelled,0,0
EVT-007079,CUST-04205,2024-12-26,cancel,Free,Cancelled,0,0
EVT-007092,CUST-04216,2024-12-26,cancel,Free,Cancelled,0,0
EVT-007209,CUST-04309,2024-12-26,cancel,Pro,Cancelled,15,0
EVT-007901,CUST-04892,2024-12-26,signup,,Business,0,49
EVT-007926,CUST-04917,2024-12-26,signup,,Pro,0,15
EVT-007938,CUST-04929,2024-12-26,signup,,Business,0,49
EVT-007967,CUST-04958,2024-12-26,signup,,Pro,0,15
EVT-008010,CUST-05001,2024-12-26,signup,,Free,0,0
EVT-008026,CUST-05017,2024-12-26,signup,,Pro,0,15
EVT-008052,CUST-05043,2024-12-26,signup,,Free,0,0
EVT-008053,CUST-05044,2024-12-26,signup,,Business,0,49
EVT-008054,CUST-05045,2024-12-26,signup,,Pro,0,15
EVT-008109,CUST-05100,2024-12-26,signup,,Pro,0,15
EVT-002372,CUST-01242,2024-12-27,cancel,Free,Cancelled,0,0
EVT-004481,CUST-02452,2024-12-27,cancel,Pro,Cancelled,15,0
EVT-005336,CUST-02986,2024-12-27,cancel,Pro,Cancelled,15,0
EVT-005723,CUST-03237,2024-12-27,cancel,Pro,Cancelled,15,0
EVT-005867,CUST-03340,2024-12-27,cancel,Pro,Cancelled,15,0
EVT-006397,CUST-03697,2024-12-27,cancel,Pro,Cancelled,15,0
EVT-006528,CUST-03786,2024-12-27,upgrade,Pro,Business,15,49
EVT-006912,CUST-04074,2024-12-27,cancel,Free,Cancelled,0,0
EVT-006937,CUST-04090,2024-12-27,upgrade,Free,Pro,0,15
EVT-007122,CUST-04241,2024-12-27,upgrade,Free,Pro,0,15
EVT-007173,CUST-04279,2024-12-27,upgrade,Free,Pro,0,15
EVT-007200,CUST-04301,2024-12-27,cancel,Free,Cancelled,0,0
EVT-007548,CUST-04579,2024-12-27,cancel,Free,Cancelled,0,0
EVT-007653,CUST-04673,2024-12-27,upgrade,Free,Pro,0,15
EVT-007793,CUST-04796,2024-12-27,cancel,Free,Cancelled,0,0
EVT-007890,CUST-04881,2024-12-27,signup,,Pro,0,15
EVT-007895,CUST-04886,2024-12-27,signup,,Free,0,0
EVT-007900,CUST-04891,2024-12-27,signup,,Free,0,0
EVT-007933,CUST-04924,2024-12-27,signup,,Free,0,0
EVT-007972,CUST-04963,2024-12-27,signup,,Free,0,0
EVT-007978,CUST-04969,2024-12-27,signup,,Free,0,0
EVT-007981,CUST-04972,2024-12-27,signup,,Pro,0,15
EVT-008025,CUST-05016,2024-12-27,signup,,Pro,0,15
EVT-008032,CUST-05023,2024-12-27,signup,,Pro,0,15
EVT-008072,CUST-05063,2024-12-27,signup,,Free,0,0
EVT-008110,CUST-05101,2024-12-27,signup,,Free,0,0
EVT-008115,CUST-05106,2024-12-27,signup,,Pro,0,15
EVT-008136,CUST-05127,2024-12-27,signup,,Enterprise,0,199
